{
  "numJob": 16,
  "numMch": 4,
  "jobs": [
    {
      "ID": 0,
      "due": 6,
      "weight": 2,
      "family": 0,
      "complete": false,
      "start": -1,
      "end": -1,
      "assignedMch": -1,
      "priority": 0
    },
    {
      "ID": 1,
      "due": 45,
      "weight": 8,
      "family": 1,
      "complete": false,
      "start": -1,
      "end": -1,
      "assignedMch": -1,
      "priority": 0
    },
    {
      "ID": 2,
      "due": 47,
      "weight": 10,
      "family": 2,
      "complete": false,
      "start": -1,
      "end": -1,
      "assignedMch": -1,
      "priority": 0
    },
    {
      "ID": 3,
      "due": 5,
      "weight": 6,
      "family": 3,
      "complete": false,
      "start": -1,
      "end": -1,
      "assignedMch": -1,
      "priority": 0
    },
    {
      "ID": 4,
      "due": 61,
      "weight": 6,
      "family": 4,
      "complete": false,
      "start": -1,
      "end": -1,
      "assignedMch": -1,
      "priority": 0
    },
    {
      "ID": 5,
      "due": 35,
      "weight": 2,
      "family": 5,
      "complete": false,
      "start": -1,
      "end": -1,
      "assignedMch": -1,
      "priority": 0
    },
    {
      "ID": 6,
      "due": 1,
      "weight": 9,
      "family": 6,
      "complete": false,
      "start": -1,
      "end": -1,
      "assignedMch": -1,
      "priority": 0
    },
    {
      "ID": 7,
      "due": 41,
      "weight": 2,
      "family": 7,
      "complete": false,
      "start": -1,
      "end": -1,
      "assignedMch": -1,
      "priority": 0
    },
    {
      "ID": 8,
      "due": 53,
      "weight": 9,
      "family": 8,
      "complete": false,
      "start": -1,
      "end": -1,
      "assignedMch": -1,
      "priority": 0
    },
    {
      "ID": 9,
      "due": 19,
      "weight": 2,
      "family": 9,
      "complete": false,
      "start": -1,
      "end": -1,
      "assignedMch": -1,
      "priority": 0
    },
    {
      "ID": 10,
      "due": 64,
      "weight": 5,
      "family": 10,
      "complete": false,
      "start": -1,
      "end": -1,
      "assignedMch": -1,
      "priority": 0
    },
    {
      "ID": 11,
      "due": 10,
      "weight": 2,
      "family": 11,
      "complete": false,
      "start": -1,
      "end": -1,
      "assignedMch": -1,
      "priority": 0
    },
    {
      "ID": 12,
      "due": 42,
      "weight": 6,
      "family": 12,
      "complete": false,
      "start": -1,
      "end": -1,
      "assignedMch": -1,
      "priority": 0
    },
    {
      "ID": 13,
      "due": 19,
      "weight": 4,
      "family": 13,
      "complete": false,
      "start": -1,
      "end": -1,
      "assignedMch": -1,
      "priority": 0
    },
    {
      "ID": 14,
      "due": 21,
      "weight": 9,
      "family": 14,
      "complete": false,
      "start": -1,
      "end": -1,
      "assignedMch": -1,
      "priority": 0
    },
    {
      "ID": 15,
      "due": 33,
      "weight": 2,
      "family": 15,
      "complete": false,
      "start": -1,
      "end": -1,
      "assignedMch": -1,
      "priority": 0
    }
  ],
  "machines": [
    {
      "ID": 0,
      "available": 0,
      "assigned": [],
      "setup": [
        [
          0,
          43,
          70,
          61,
          52,
          72,
          56,
          26,
          45,
          60,
          78,
          58,
          29,
          81,
          83,
          39
        ],
        [
          74,
          0,
          86,
          37,
          21,
          77,
          16,
          27,
          27,
          45,
          79,
          13,
          75,
          65,
          54,
          80
        ],
        [
          86,
          58,
          0,
          36,
          55,
          57,
          28,
          65,
          89,
          66,
          18,
          80,
          10,
          76,
          23,
          90
        ],
        [
          83,
          36,
          86,
          0,
          69,
          33,
          52,
          33,
          88,
          32,
          17,
          46,
          87,
          40,
          18,
          21
        ],
        [
          84,
          17,
          67,
          72,
          0,
          21,
          29,
          85,
          69,
          26,
          29,
          20,
          11,
          18,
          39,
          71
        ],
        [
          11,
          87,
          46,
          45,
          35,
          0,
          79,
          64,
          61,
          17,
          45,
          65,
          64,
          67,
          32,
          30
        ],
        [
          43,
          32,
          19,
          49,
          48,
          41,
          0,
          48,
          32,
          43,
          39,
          75,
          24,
          41,
          23,
          48
        ],
        [
          63,
          56,
          38,
          38,
          80,
          79,
          39,
          0,
          35,
          65,
          62,
          35,
          16,
          45,
          76,
          70
        ],
        [
          54,
          69,
          65,
          49,
          56,
          49,
          16,
          80,
          0,
          84,
          71,
          34,
          26,
          70,
          37,
          13
        ],
        [
          45,
          24,
          67,
          45,
          85,
          66,
          58,
          57,
          38,
          0,
          51,
          86,
          33,
          56,
          41,
          55
        ],
        [
          46,
          24,
          23,
          31,
          54,
          86,
          10,
          38,
          31,
          58,
          0,
          85,
          15,
          81,
          63,
          83
        ],
        [
          75,
          67,
          75,
          67,
          65,
          54,
          11,
          20,
          63,
          79,
          11,
          0,
          52,
          62,
          16,
          19
        ],
        [
          32,
          13,
          49,
          30,
          17,
          48,
          38,
          77,
          50,
          72,
          57,
          30,
          0,
          71,
          44,
          86
        ],
        [
          67,
          69,
          29,
          70,
          37,
          49,
          26,
          28,
          15,
          67,
          42,
          18,
          47,
          0,
          40,
          59
        ],
        [
          19,
          65,
          37,
          10,
          81,
          54,
          83,
          21,
          68,
          69,
          73,
          36,
          26,
          14,
          0,
          69
        ],
        [
          90,
          45,
          48,
          88,
          38,
          23,
          84,
          36,
          90,
          84,
          53,
          12,
          41,
          65,
          38,
          0
        ]
      ],
      "ptime": [
        36,
        60,
        54,
        47,
        35,
        54,
        34,
        48,
        37,
        51,
        31,
        31,
        39,
        46,
        45,
        48
      ],
      "schedules": [],
      "priority": 0
    },
    {
      "ID": 1,
      "available": 0,
      "assigned": [],
      "setup": [
        [
          0,
          16,
          32,
          28,
          10,
          16,
          61,
          72,
          39,
          60,
          20,
          11,
          37,
          87,
          13,
          88
        ],
        [
          55,
          0,
          57,
          59,
          42,
          71,
          76,
          14,
          56,
          28,
          43,
          66,
          27,
          66,
          69,
          33
        ],
        [
          69,
          18,
          0,
          12,
          39,
          45,
          79,
          20,
          31,
          76,
          69,
          88,
          24,
          49,
          24,
          24
        ],
        [
          77,
          75,
          36,
          0,
          82,
          82,
          27,
          18,
          86,
          44,
          47,
          15,
          13,
          65,
          53,
          65
        ],
        [
          22,
          13,
          65,
          26,
          0,
          22,
          48,
          33,
          87,
          30,
          86,
          72,
          90,
          35,
          46,
          10
        ],
        [
          50,
          47,
          86,
          72,
          36,
          0,
          62,
          86,
          42,
          47,
          35,
          36,
          26,
          20,
          82,
          77
        ],
        [
          36,
          14,
          61,
          60,
          42,
          17,
          0,
          60,
          57,
          85,
          14,
          19,
          40,
          58,
          35,
          47
        ],
        [
          74,
          79,
          20,
          41,
          64,
          48,
          37,
          0,
          50,
          71,
          66,
          13,
          42,
          68,
          22,
          83
        ],
        [
          34,
          74,
          29,
          26,
          28,
          81,
          33,
          15,
          0,
          27,
          14,
          23,
          29,
          81,
          43,
          43
        ],
        [
          36,
          12,
          52,
          47,
          74,
          74,
          16,
          81,
          31,
          0,
          34,
          65,
          26,
          77,
          46,
          79
        ],
        [
          69,
          48,
          27,
          49,
          66,
          86,
          13,
          72,
          79,
          25,
          0,
          56,
          27,
          70,
          42,
          86
        ],
        [
          35,
          50,
          82,
          72,
          48,
          35,
          17,
          48,
          51,
          58,
          68,
          0,
          19,
          20,
          35,
          20
        ],
        [
          44,
          80,
          27,
          27,
          46,
          61,
          54,
          80,
          80,
          42,
          78,
          66,
          0,
          89,
          51,
          67
        ],
        [
          35,
          26,
          24,
          77,
          32,
          21,
          19,
          86,
          41,
          21,
          69,
          54,
          76,
          0,
          55,
          84
        ],
        [
          86,
          37,
          62,
          30,
          31,
          85,
          52,
          20,
          81,
          28,
          69,
          73,
          16,
          46,
          0,
          56
        ],
        [
          42,
          43,
          39,
          18,
          56,
          18,
          43,
          88,
          81,
          66,
          48,
          88,
          79,
          43,
          12,
          0
        ]
      ],
      "ptime": [
        47,
        46,
        45,
        51,
        44,
        31,
        32,
        36,
        51,
        49,
        33,
        48,
        53,
        48,
        48,
        47
      ],
      "schedules": [],
      "priority": 0
    },
    {
      "ID": 2,
      "available": 0,
      "assigned": [],
      "setup": [
        [
          0,
          53,
          85,
          75,
          59,
          10,
          22,
          55,
          16,
          30,
          51,
          67,
          37,
          66,
          45,
          22
        ],
        [
          77,
          0,
          86,
          67,
          71,
          40,
          29,
          22,
          19,
          11,
          76,
          32,
          54,
          90,
          73,
          25
        ],
        [
          51,
          30,
          0,
          90,
          19,
          24,
          66,
          79,
          17,
          89,
          29,
          55,
          80,
          41,
          15,
          48
        ],
        [
          12,
          74,
          30,
          0,
          13,
          72,
          41,
          36,
          88,
          40,
          83,
          54,
          37,
          17,
          80,
          40
        ],
        [
          57,
          66,
          54,
          12,
          0,
          67,
          66,
          58,
          36,
          51,
          12,
          81,
          44,
          59,
          43,
          49
        ],
        [
          80,
          80,
          14,
          70,
          58,
          0,
          60,
          58,
          88,
          76,
          31,
          77,
          58,
          67,
          25,
          81
        ],
        [
          86,
          65,
          70,
          70,
          31,
          39,
          0,
          74,
          40,
          37,
          66,
          38,
          41,
          64,
          17,
          73
        ],
        [
          50,
          18,
          36,
          16,
          64,
          71,
          16,
          0,
          75,
          71,
          86,
          28,
          40,
          69,
          90,
          55
        ],
        [
          10,
          24,
          61,
          19,
          33,
          58,
          61,
          43,
          0,
          44,
          50,
          25,
          86,
          52,
          44,
          16
        ],
        [
          78,
          59,
          62,
          10,
          64,
          89,
          72,
          47,
          54,
          0,
          53,
          89,
          20,
          71,
          85,
          46
        ],
        [
          23,
          52,
          80,
          54,
          22,
          73,
          47,
          11,
          53,
          74,
          0,
          15,
          26,
          38,
          69,
          49
        ],
        [
          10,
          30,
          63,
          78,
          57,
          45,
          71,
          39,
          24,
          84,
          50,
          0,
          66,
          35,
          57,
          48
        ],
        [
          20,
          57,
          19,
          48,
          36,
          67,
          81,
          83,
          71,
          22,
          17,
          24,
          0,
          69,
          86,
          71
        ],
        [
          62,
          79,
          41,
          18,
          13,
          33,
          71,
          58,
          75,
          80,
          34,
          42,
          27,
          0,
          89,
          25
        ],
        [
          89,
          79,
          62,
          90,
          55,
          55,
          45,
          83,
          44,
          54,
          61,
          63,
          36,
          29,
          0,
          42
        ],
        [
          61,
          43,
          60,
          80,
          61,
          44,
          50,
          73,
          59,
          76,
          19,
          50,
          55,
          16,
          36,
          0
        ]
      ],
      "ptime": [
        31,
        51,
        55,
        44,
        36,
        60,
        56,
        32,
        34,
        42,
        50,
        59,
        57,
        60,
        60,
        54
      ],
      "schedules": [],
      "priority": 0
    },
    {
      "ID": 3,
      "available": 0,
      "assigned": [],
      "setup": [
        [
          0,
          26,
          55,
          40,
          10,
          64,
          69,
          53,
          88,
          32,
          90,
          85,
          81,
          37,
          30,
          78
        ],
        [
          41,
          0,
          12,
          70,
          12,
          39,
          15,
          80,
          86,
          60,
          81,
          53,
          62,
          28,
          90,
          46
        ],
        [
          40,
          26,
          0,
          37,
          41,
          28,
          69,
          27,
          90,
          56,
          42,
          22,
          11,
          32,
          73,
          77
        ],
        [
          55,
          58,
          32,
          0,
          50,
          71,
          22,
          67,
          57,
          46,
          74,
          49,
          13,
          86,
          37,
          68
        ],
        [
          30,
          27,
          47,
          17,
          0,
          49,
          28,
          86,
          87,
          82,
          23,
          35,
          85,
          46,
          52,
          32
        ],
        [
          48,
          30,
          65,
          85,
          60,
          0,
          59,
          79,
          43,
          50,
          64,
          82,
          87,
          13,
          70,
          25
        ],
        [
          41,
          56,
          19,
          39,
          15,
          89,
          0,
          49,
          41,
          20,
          35,
          71,
          27,
          34,
          56,
          51
        ],
        [
          70,
          66,
          40,
          26,
          10,
          43,
          74,
          0,
          55,
          76,
          57,
          47,
          63,
          64,
          57,
          46
        ],
        [
          79,
          30,
          79,
          40,
          55,
          18,
          34,
          60,
          0,
          79,
          55,
          20,
          76,
          54,
          77,
          23
        ],
        [
          70,
          78,
          85,
          33,
          31,
          71,
          86,
          89,
          15,
          0,
          64,
          29,
          40,
          84,
          40,
          62
        ],
        [
          16,
          54,
          22,
          23,
          65,
          80,
          47,
          70,
          26,
          14,
          0,
          37,
          30,
          81,
          29,
          32
        ],
        [
          58,
          45,
          50,
          68,
          51,
          15,
          84,
          10,
          31,
          52,
          41,
          0,
          59,
          56,
          72,
          56
        ],
        [
          18,
          64,
          19,
          85,
          76,
          12,
          88,
          59,
          42,
          59,
          66,
          33,
          0,
          26,
          10,
          78
        ],
        [
          29,
          35,
          87,
          78,
          72,
          89,
          40,
          28,
          38,
          50,
          80,
          20,
          17,
          0,
          70,
          32
        ],
        [
          18,
          82,
          53,
          35,
          31,
          41,
          56,
          89,
          14,
          77,
          58,
          37,
          36,
          68,
          0,
          51
        ],
        [
          80,
          36,
          72,
          31,
          11,
          23,
          18,
          37,
          76,
          65,
          73,
          61,
          44,
          67,
          75,
          0
        ]
      ],
      "ptime": [
        49,
        55,
        45,
        46,
        48,
        57,
        56,
        37,
        56,
        45,
        55,
        52,
        57,
        35,
        54,
        40
      ],
      "schedules": [],
      "priority": 0
    }
  ],
  "ptime": [
    [
      36,
      60,
      54,
      47,
      35,
      54,
      34,
      48,
      37,
      51,
      31,
      31,
      39,
      46,
      45,
      48
    ],
    [
      47,
      46,
      45,
      51,
      44,
      31,
      32,
      36,
      51,
      49,
      33,
      48,
      53,
      48,
      48,
      47
    ],
    [
      31,
      51,
      55,
      44,
      36,
      60,
      56,
      32,
      34,
      42,
      50,
      59,
      57,
      60,
      60,
      54
    ],
    [
      49,
      55,
      45,
      46,
      48,
      57,
      56,
      37,
      56,
      45,
      55,
      52,
      57,
      35,
      54,
      40
    ]
  ],
  "setup": [
    [
      [
        0,
        43,
        70,
        61,
        52,
        72,
        56,
        26,
        45,
        60,
        78,
        58,
        29,
        81,
        83,
        39
      ],
      [
        74,
        0,
        86,
        37,
        21,
        77,
        16,
        27,
        27,
        45,
        79,
        13,
        75,
        65,
        54,
        80
      ],
      [
        86,
        58,
        0,
        36,
        55,
        57,
        28,
        65,
        89,
        66,
        18,
        80,
        10,
        76,
        23,
        90
      ],
      [
        83,
        36,
        86,
        0,
        69,
        33,
        52,
        33,
        88,
        32,
        17,
        46,
        87,
        40,
        18,
        21
      ],
      [
        84,
        17,
        67,
        72,
        0,
        21,
        29,
        85,
        69,
        26,
        29,
        20,
        11,
        18,
        39,
        71
      ],
      [
        11,
        87,
        46,
        45,
        35,
        0,
        79,
        64,
        61,
        17,
        45,
        65,
        64,
        67,
        32,
        30
      ],
      [
        43,
        32,
        19,
        49,
        48,
        41,
        0,
        48,
        32,
        43,
        39,
        75,
        24,
        41,
        23,
        48
      ],
      [
        63,
        56,
        38,
        38,
        80,
        79,
        39,
        0,
        35,
        65,
        62,
        35,
        16,
        45,
        76,
        70
      ],
      [
        54,
        69,
        65,
        49,
        56,
        49,
        16,
        80,
        0,
        84,
        71,
        34,
        26,
        70,
        37,
        13
      ],
      [
        45,
        24,
        67,
        45,
        85,
        66,
        58,
        57,
        38,
        0,
        51,
        86,
        33,
        56,
        41,
        55
      ],
      [
        46,
        24,
        23,
        31,
        54,
        86,
        10,
        38,
        31,
        58,
        0,
        85,
        15,
        81,
        63,
        83
      ],
      [
        75,
        67,
        75,
        67,
        65,
        54,
        11,
        20,
        63,
        79,
        11,
        0,
        52,
        62,
        16,
        19
      ],
      [
        32,
        13,
        49,
        30,
        17,
        48,
        38,
        77,
        50,
        72,
        57,
        30,
        0,
        71,
        44,
        86
      ],
      [
        67,
        69,
        29,
        70,
        37,
        49,
        26,
        28,
        15,
        67,
        42,
        18,
        47,
        0,
        40,
        59
      ],
      [
        19,
        65,
        37,
        10,
        81,
        54,
        83,
        21,
        68,
        69,
        73,
        36,
        26,
        14,
        0,
        69
      ],
      [
        90,
        45,
        48,
        88,
        38,
        23,
        84,
        36,
        90,
        84,
        53,
        12,
        41,
        65,
        38,
        0
      ]
    ],
    [
      [
        0,
        16,
        32,
        28,
        10,
        16,
        61,
        72,
        39,
        60,
        20,
        11,
        37,
        87,
        13,
        88
      ],
      [
        55,
        0,
        57,
        59,
        42,
        71,
        76,
        14,
        56,
        28,
        43,
        66,
        27,
        66,
        69,
        33
      ],
      [
        69,
        18,
        0,
        12,
        39,
        45,
        79,
        20,
        31,
        76,
        69,
        88,
        24,
        49,
        24,
        24
      ],
      [
        77,
        75,
        36,
        0,
        82,
        82,
        27,
        18,
        86,
        44,
        47,
        15,
        13,
        65,
        53,
        65
      ],
      [
        22,
        13,
        65,
        26,
        0,
        22,
        48,
        33,
        87,
        30,
        86,
        72,
        90,
        35,
        46,
        10
      ],
      [
        50,
        47,
        86,
        72,
        36,
        0,
        62,
        86,
        42,
        47,
        35,
        36,
        26,
        20,
        82,
        77
      ],
      [
        36,
        14,
        61,
        60,
        42,
        17,
        0,
        60,
        57,
        85,
        14,
        19,
        40,
        58,
        35,
        47
      ],
      [
        74,
        79,
        20,
        41,
        64,
        48,
        37,
        0,
        50,
        71,
        66,
        13,
        42,
        68,
        22,
        83
      ],
      [
        34,
        74,
        29,
        26,
        28,
        81,
        33,
        15,
        0,
        27,
        14,
        23,
        29,
        81,
        43,
        43
      ],
      [
        36,
        12,
        52,
        47,
        74,
        74,
        16,
        81,
        31,
        0,
        34,
        65,
        26,
        77,
        46,
        79
      ],
      [
        69,
        48,
        27,
        49,
        66,
        86,
        13,
        72,
        79,
        25,
        0,
        56,
        27,
        70,
        42,
        86
      ],
      [
        35,
        50,
        82,
        72,
        48,
        35,
        17,
        48,
        51,
        58,
        68,
        0,
        19,
        20,
        35,
        20
      ],
      [
        44,
        80,
        27,
        27,
        46,
        61,
        54,
        80,
        80,
        42,
        78,
        66,
        0,
        89,
        51,
        67
      ],
      [
        35,
        26,
        24,
        77,
        32,
        21,
        19,
        86,
        41,
        21,
        69,
        54,
        76,
        0,
        55,
        84
      ],
      [
        86,
        37,
        62,
        30,
        31,
        85,
        52,
        20,
        81,
        28,
        69,
        73,
        16,
        46,
        0,
        56
      ],
      [
        42,
        43,
        39,
        18,
        56,
        18,
        43,
        88,
        81,
        66,
        48,
        88,
        79,
        43,
        12,
        0
      ]
    ],
    [
      [
        0,
        53,
        85,
        75,
        59,
        10,
        22,
        55,
        16,
        30,
        51,
        67,
        37,
        66,
        45,
        22
      ],
      [
        77,
        0,
        86,
        67,
        71,
        40,
        29,
        22,
        19,
        11,
        76,
        32,
        54,
        90,
        73,
        25
      ],
      [
        51,
        30,
        0,
        90,
        19,
        24,
        66,
        79,
        17,
        89,
        29,
        55,
        80,
        41,
        15,
        48
      ],
      [
        12,
        74,
        30,
        0,
        13,
        72,
        41,
        36,
        88,
        40,
        83,
        54,
        37,
        17,
        80,
        40
      ],
      [
        57,
        66,
        54,
        12,
        0,
        67,
        66,
        58,
        36,
        51,
        12,
        81,
        44,
        59,
        43,
        49
      ],
      [
        80,
        80,
        14,
        70,
        58,
        0,
        60,
        58,
        88,
        76,
        31,
        77,
        58,
        67,
        25,
        81
      ],
      [
        86,
        65,
        70,
        70,
        31,
        39,
        0,
        74,
        40,
        37,
        66,
        38,
        41,
        64,
        17,
        73
      ],
      [
        50,
        18,
        36,
        16,
        64,
        71,
        16,
        0,
        75,
        71,
        86,
        28,
        40,
        69,
        90,
        55
      ],
      [
        10,
        24,
        61,
        19,
        33,
        58,
        61,
        43,
        0,
        44,
        50,
        25,
        86,
        52,
        44,
        16
      ],
      [
        78,
        59,
        62,
        10,
        64,
        89,
        72,
        47,
        54,
        0,
        53,
        89,
        20,
        71,
        85,
        46
      ],
      [
        23,
        52,
        80,
        54,
        22,
        73,
        47,
        11,
        53,
        74,
        0,
        15,
        26,
        38,
        69,
        49
      ],
      [
        10,
        30,
        63,
        78,
        57,
        45,
        71,
        39,
        24,
        84,
        50,
        0,
        66,
        35,
        57,
        48
      ],
      [
        20,
        57,
        19,
        48,
        36,
        67,
        81,
        83,
        71,
        22,
        17,
        24,
        0,
        69,
        86,
        71
      ],
      [
        62,
        79,
        41,
        18,
        13,
        33,
        71,
        58,
        75,
        80,
        34,
        42,
        27,
        0,
        89,
        25
      ],
      [
        89,
        79,
        62,
        90,
        55,
        55,
        45,
        83,
        44,
        54,
        61,
        63,
        36,
        29,
        0,
        42
      ],
      [
        61,
        43,
        60,
        80,
        61,
        44,
        50,
        73,
        59,
        76,
        19,
        50,
        55,
        16,
        36,
        0
      ]
    ],
    [
      [
        0,
        26,
        55,
        40,
        10,
        64,
        69,
        53,
        88,
        32,
        90,
        85,
        81,
        37,
        30,
        78
      ],
      [
        41,
        0,
        12,
        70,
        12,
        39,
        15,
        80,
        86,
        60,
        81,
        53,
        62,
        28,
        90,
        46
      ],
      [
        40,
        26,
        0,
        37,
        41,
        28,
        69,
        27,
        90,
        56,
        42,
        22,
        11,
        32,
        73,
        77
      ],
      [
        55,
        58,
        32,
        0,
        50,
        71,
        22,
        67,
        57,
        46,
        74,
        49,
        13,
        86,
        37,
        68
      ],
      [
        30,
        27,
        47,
        17,
        0,
        49,
        28,
        86,
        87,
        82,
        23,
        35,
        85,
        46,
        52,
        32
      ],
      [
        48,
        30,
        65,
        85,
        60,
        0,
        59,
        79,
        43,
        50,
        64,
        82,
        87,
        13,
        70,
        25
      ],
      [
        41,
        56,
        19,
        39,
        15,
        89,
        0,
        49,
        41,
        20,
        35,
        71,
        27,
        34,
        56,
        51
      ],
      [
        70,
        66,
        40,
        26,
        10,
        43,
        74,
        0,
        55,
        76,
        57,
        47,
        63,
        64,
        57,
        46
      ],
      [
        79,
        30,
        79,
        40,
        55,
        18,
        34,
        60,
        0,
        79,
        55,
        20,
        76,
        54,
        77,
        23
      ],
      [
        70,
        78,
        85,
        33,
        31,
        71,
        86,
        89,
        15,
        0,
        64,
        29,
        40,
        84,
        40,
        62
      ],
      [
        16,
        54,
        22,
        23,
        65,
        80,
        47,
        70,
        26,
        14,
        0,
        37,
        30,
        81,
        29,
        32
      ],
      [
        58,
        45,
        50,
        68,
        51,
        15,
        84,
        10,
        31,
        52,
        41,
        0,
        59,
        56,
        72,
        56
      ],
      [
        18,
        64,
        19,
        85,
        76,
        12,
        88,
        59,
        42,
        59,
        66,
        33,
        0,
        26,
        10,
        78
      ],
      [
        29,
        35,
        87,
        78,
        72,
        89,
        40,
        28,
        38,
        50,
        80,
        20,
        17,
        0,
        70,
        32
      ],
      [
        18,
        82,
        53,
        35,
        31,
        41,
        56,
        89,
        14,
        77,
        58,
        37,
        36,
        68,
        0,
        51
      ],
      [
        80,
        36,
        72,
        31,
        11,
        23,
        18,
        37,
        76,
        65,
        73,
        61,
        44,
        67,
        75,
        0
      ]
    ]
  ],
  "with_setup": true,
  "family_setup": false,
  "objective": "wT",
  "identical_mch": false
}