{
  "numJob": 8,
  "numMch": 4,
  "jobs": [
    {
      "ID": 0,
      "due": 21,
      "weight": 8,
      "family": 0,
      "complete": false,
      "start": -1,
      "end": -1,
      "assignedMch": -1,
      "priority": 0
    },
    {
      "ID": 1,
      "due": 26,
      "weight": 1,
      "family": 1,
      "complete": false,
      "start": -1,
      "end": -1,
      "assignedMch": -1,
      "priority": 0
    },
    {
      "ID": 2,
      "due": 3,
      "weight": 10,
      "family": 2,
      "complete": false,
      "start": -1,
      "end": -1,
      "assignedMch": -1,
      "priority": 0
    },
    {
      "ID": 3,
      "due": 30,
      "weight": 1,
      "family": 3,
      "complete": false,
      "start": -1,
      "end": -1,
      "assignedMch": -1,
      "priority": 0
    },
    {
      "ID": 4,
      "due": 8,
      "weight": 6,
      "family": 4,
      "complete": false,
      "start": -1,
      "end": -1,
      "assignedMch": -1,
      "priority": 0
    },
    {
      "ID": 5,
      "due": 2,
      "weight": 7,
      "family": 5,
      "complete": false,
      "start": -1,
      "end": -1,
      "assignedMch": -1,
      "priority": 0
    },
    {
      "ID": 6,
      "due": 21,
      "weight": 5,
      "family": 6,
      "complete": false,
      "start": -1,
      "end": -1,
      "assignedMch": -1,
      "priority": 0
    },
    {
      "ID": 7,
      "due": 12,
      "weight": 9,
      "family": 7,
      "complete": false,
      "start": -1,
      "end": -1,
      "assignedMch": -1,
      "priority": 0
    }
  ],
  "machines": [
    {
      "ID": 0,
      "available": 0,
      "assigned": [],
      "setup": [
        [
          0,
          47,
          78,
          42,
          82,
          15,
          45,
          89
        ],
        [
          60,
          0,
          28,
          63,
          43,
          16,
          47,
          15
        ],
        [
          21,
          21,
          0,
          35,
          83,
          89,
          31,
          87
        ],
        [
          43,
          27,
          66,
          0,
          61,
          51,
          38,
          74
        ],
        [
          48,
          79,
          14,
          79,
          0,
          10,
          80,
          55
        ],
        [
          29,
          71,
          48,
          56,
          35,
          0,
          36,
          80
        ],
        [
          36,
          27,
          19,
          21,
          23,
          29,
          0,
          83
        ],
        [
          79,
          46,
          31,
          68,
          70,
          79,
          14,
          0
        ]
      ],
      "ptime": [
        36,
        53,
        38,
        46,
        51,
        48,
        34,
        56
      ],
      "schedules": [],
      "priority": 0
    },
    {
      "ID": 1,
      "available": 0,
      "assigned": [],
      "setup": [
        [
          0,
          24,
          21,
          90,
          35,
          60,
          41,
          10
        ],
        [
          23,
          0,
          74,
          48,
          33,
          67,
          65,
          24
        ],
        [
          45,
          40,
          0,
          83,
          63,
          62,
          90,
          86
        ],
        [
          19,
          76,
          30,
          0,
          32,
          88,
          53,
          73
        ],
        [
          47,
          36,
          49,
          74,
          0,
          40,
          45,
          85
        ],
        [
          72,
          90,
          14,
          19,
          18,
          0,
          61,
          70
        ],
        [
          53,
          42,
          48,
          33,
          82,
          44,
          0,
          58
        ],
        [
          69,
          66,
          81,
          50,
          68,
          53,
          89,
          0
        ]
      ],
      "ptime": [
        55,
        58,
        44,
        36,
        42,
        46,
        48,
        48
      ],
      "schedules": [],
      "priority": 0
    },
    {
      "ID": 2,
      "available": 0,
      "assigned": [],
      "setup": [
        [
          0,
          15,
          72,
          24,
          28,
          87,
          50,
          76
        ],
        [
          55,
          0,
          28,
          57,
          15,
          57,
          63,
          83
        ],
        [
          14,
          18,
          0,
          41,
          24,
          76,
          42,
          80
        ],
        [
          72,
          48,
          70,
          0,
          77,
          89,
          83,
          45
        ],
        [
          25,
          49,
          36,
          21,
          0,
          58,
          80,
          49
        ],
        [
          52,
          48,
          82,
          48,
          34,
          0,
          50,
          51
        ],
        [
          20,
          31,
          35,
          69,
          24,
          60,
          0,
          87
        ],
        [
          84,
          67,
          46,
          37,
          61,
          10,
          74,
          0
        ]
      ],
      "ptime": [
        34,
        57,
        36,
        57,
        53,
        41,
        49,
        50
      ],
      "schedules": [],
      "priority": 0
    },
    {
      "ID": 3,
      "available": 0,
      "assigned": [],
      "setup": [
        [
          0,
          21,
          76,
          41,
          65,
          48,
          64,
          18
        ],
        [
          80,
          0,
          76,
          15,
          75,
          60,
          78,
          82
        ],
        [
          79,
          24,
          0,
          16,
          49,
          52,
          21,
          31
        ],
        [
          76,
          88,
          59,
          0,
          90,
          81,
          24,
          54
        ],
        [
          81,
          30,
          83,
          90,
          0,
          15,
          40,
          53
        ],
        [
          21,
          69,
          82,
          89,
          11,
          0,
          90,
          68
        ],
        [
          39,
          63,
          83,
          87,
          29,
          40,
          0,
          34
        ],
        [
          36,
          82,
          77,
          48,
          42,
          87,
          39,
          0
        ]
      ],
      "ptime": [
        33,
        49,
        49,
        47,
        30,
        32,
        41,
        58
      ],
      "schedules": [],
      "priority": 0
    }
  ],
  "ptime": [
    [
      36,
      53,
      38,
      46,
      51,
      48,
      34,
      56
    ],
    [
      55,
      58,
      44,
      36,
      42,
      46,
      48,
      48
    ],
    [
      34,
      57,
      36,
      57,
      53,
      41,
      49,
      50
    ],
    [
      33,
      49,
      49,
      47,
      30,
      32,
      41,
      58
    ]
  ],
  "setup": [
    [
      [
        0,
        47,
        78,
        42,
        82,
        15,
        45,
        89
      ],
      [
        60,
        0,
        28,
        63,
        43,
        16,
        47,
        15
      ],
      [
        21,
        21,
        0,
        35,
        83,
        89,
        31,
        87
      ],
      [
        43,
        27,
        66,
        0,
        61,
        51,
        38,
        74
      ],
      [
        48,
        79,
        14,
        79,
        0,
        10,
        80,
        55
      ],
      [
        29,
        71,
        48,
        56,
        35,
        0,
        36,
        80
      ],
      [
        36,
        27,
        19,
        21,
        23,
        29,
        0,
        83
      ],
      [
        79,
        46,
        31,
        68,
        70,
        79,
        14,
        0
      ]
    ],
    [
      [
        0,
        24,
        21,
        90,
        35,
        60,
        41,
        10
      ],
      [
        23,
        0,
        74,
        48,
        33,
        67,
        65,
        24
      ],
      [
        45,
        40,
        0,
        83,
        63,
        62,
        90,
        86
      ],
      [
        19,
        76,
        30,
        0,
        32,
        88,
        53,
        73
      ],
      [
        47,
        36,
        49,
        74,
        0,
        40,
        45,
        85
      ],
      [
        72,
        90,
        14,
        19,
        18,
        0,
        61,
        70
      ],
      [
        53,
        42,
        48,
        33,
        82,
        44,
        0,
        58
      ],
      [
        69,
        66,
        81,
        50,
        68,
        53,
        89,
        0
      ]
    ],
    [
      [
        0,
        15,
        72,
        24,
        28,
        87,
        50,
        76
      ],
      [
        55,
        0,
        28,
        57,
        15,
        57,
        63,
        83
      ],
      [
        14,
        18,
        0,
        41,
        24,
        76,
        42,
        80
      ],
      [
        72,
        48,
        70,
        0,
        77,
        89,
        83,
        45
      ],
      [
        25,
        49,
        36,
        21,
        0,
        58,
        80,
        49
      ],
      [
        52,
        48,
        82,
        48,
        34,
        0,
        50,
        51
      ],
      [
        20,
        31,
        35,
        69,
        24,
        60,
        0,
        87
      ],
      [
        84,
        67,
        46,
        37,
        61,
        10,
        74,
        0
      ]
    ],
    [
      [
        0,
        21,
        76,
        41,
        65,
        48,
        64,
        18
      ],
      [
        80,
        0,
        76,
        15,
        75,
        60,
        78,
        82
      ],
      [
        79,
        24,
        0,
        16,
        49,
        52,
        21,
        31
      ],
      [
        76,
        88,
        59,
        0,
        90,
        81,
        24,
        54
      ],
      [
        81,
        30,
        83,
        90,
        0,
        15,
        40,
        53
      ],
      [
        21,
        69,
        82,
        89,
        11,
        0,
        90,
        68
      ],
      [
        39,
        63,
        83,
        87,
        29,
        40,
        0,
        34
      ],
      [
        36,
        82,
        77,
        48,
        42,
        87,
        39,
        0
      ]
    ]
  ],
  "with_setup": true,
  "family_setup": false,
  "objective": "wT",
  "identical_mch": false
}