{
  "numJob": 14,
  "numMch": 4,
  "jobs": [
    {
      "ID": 0,
      "due": 12,
      "weight": 7,
      "family": 0,
      "complete": false,
      "start": -1,
      "end": -1,
      "assignedMch": -1,
      "priority": 0
    },
    {
      "ID": 1,
      "due": 33,
      "weight": 2,
      "family": 1,
      "complete": false,
      "start": -1,
      "end": -1,
      "assignedMch": -1,
      "priority": 0
    },
    {
      "ID": 2,
      "due": 54,
      "weight": 3,
      "family": 2,
      "complete": false,
      "start": -1,
      "end": -1,
      "assignedMch": -1,
      "priority": 0
    },
    {
      "ID": 3,
      "due": 28,
      "weight": 3,
      "family": 3,
      "complete": false,
      "start": -1,
      "end": -1,
      "assignedMch": -1,
      "priority": 0
    },
    {
      "ID": 4,
      "due": 15,
      "weight": 8,
      "family": 4,
      "complete": false,
      "start": -1,
      "end": -1,
      "assignedMch": -1,
      "priority": 0
    },
    {
      "ID": 5,
      "due": 21,
      "weight": 1,
      "family": 5,
      "complete": false,
      "start": -1,
      "end": -1,
      "assignedMch": -1,
      "priority": 0
    },
    {
      "ID": 6,
      "due": 36,
      "weight": 4,
      "family": 6,
      "complete": false,
      "start": -1,
      "end": -1,
      "assignedMch": -1,
      "priority": 0
    },
    {
      "ID": 7,
      "due": 11,
      "weight": 8,
      "family": 7,
      "complete": false,
      "start": -1,
      "end": -1,
      "assignedMch": -1,
      "priority": 0
    },
    {
      "ID": 8,
      "due": 50,
      "weight": 8,
      "family": 8,
      "complete": false,
      "start": -1,
      "end": -1,
      "assignedMch": -1,
      "priority": 0
    },
    {
      "ID": 9,
      "due": 9,
      "weight": 8,
      "family": 9,
      "complete": false,
      "start": -1,
      "end": -1,
      "assignedMch": -1,
      "priority": 0
    },
    {
      "ID": 10,
      "due": 50,
      "weight": 3,
      "family": 10,
      "complete": false,
      "start": -1,
      "end": -1,
      "assignedMch": -1,
      "priority": 0
    },
    {
      "ID": 11,
      "due": 19,
      "weight": 4,
      "family": 11,
      "complete": false,
      "start": -1,
      "end": -1,
      "assignedMch": -1,
      "priority": 0
    },
    {
      "ID": 12,
      "due": 19,
      "weight": 10,
      "family": 12,
      "complete": false,
      "start": -1,
      "end": -1,
      "assignedMch": -1,
      "priority": 0
    },
    {
      "ID": 13,
      "due": 17,
      "weight": 10,
      "family": 13,
      "complete": false,
      "start": -1,
      "end": -1,
      "assignedMch": -1,
      "priority": 0
    }
  ],
  "machines": [
    {
      "ID": 0,
      "available": 0,
      "assigned": [],
      "setup": [
        [
          0,
          39,
          42,
          52,
          75,
          89,
          42,
          63,
          28,
          23,
          31,
          79,
          73,
          49
        ],
        [
          38,
          0,
          64,
          75,
          39,
          73,
          36,
          21,
          66,
          51,
          29,
          18,
          86,
          32
        ],
        [
          20,
          52,
          0,
          83,
          47,
          23,
          38,
          40,
          57,
          47,
          63,
          37,
          32,
          82
        ],
        [
          28,
          18,
          69,
          0,
          52,
          70,
          57,
          87,
          43,
          24,
          51,
          52,
          19,
          36
        ],
        [
          40,
          63,
          55,
          10,
          0,
          28,
          88,
          29,
          86,
          58,
          87,
          47,
          57,
          82
        ],
        [
          13,
          10,
          22,
          36,
          85,
          0,
          44,
          23,
          82,
          88,
          16,
          66,
          42,
          30
        ],
        [
          57,
          69,
          61,
          79,
          63,
          25,
          0,
          75,
          33,
          11,
          28,
          76,
          90,
          15
        ],
        [
          87,
          83,
          12,
          89,
          74,
          12,
          57,
          0,
          61,
          28,
          24,
          37,
          14,
          68
        ],
        [
          67,
          21,
          14,
          44,
          80,
          55,
          40,
          89,
          0,
          67,
          72,
          82,
          68,
          68
        ],
        [
          33,
          20,
          26,
          27,
          17,
          85,
          54,
          33,
          77,
          0,
          43,
          49,
          27,
          16
        ],
        [
          50,
          41,
          79,
          73,
          28,
          14,
          59,
          81,
          54,
          35,
          0,
          26,
          32,
          48
        ],
        [
          48,
          88,
          43,
          37,
          43,
          49,
          21,
          40,
          12,
          68,
          23,
          0,
          54,
          20
        ],
        [
          65,
          39,
          58,
          12,
          24,
          33,
          35,
          39,
          48,
          11,
          74,
          25,
          0,
          49
        ],
        [
          86,
          84,
          16,
          16,
          59,
          77,
          56,
          25,
          88,
          67,
          56,
          69,
          39,
          0
        ]
      ],
      "ptime": [
        57,
        51,
        52,
        30,
        31,
        39,
        37,
        52,
        60,
        49,
        30,
        59,
        54,
        56
      ],
      "schedules": [],
      "priority": 0
    },
    {
      "ID": 1,
      "available": 0,
      "assigned": [],
      "setup": [
        [
          0,
          60,
          52,
          35,
          32,
          11,
          30,
          36,
          18,
          20,
          11,
          54,
          66,
          85
        ],
        [
          43,
          0,
          87,
          79,
          30,
          16,
          15,
          29,
          82,
          50,
          73,
          84,
          37,
          34
        ],
        [
          38,
          37,
          0,
          81,
          21,
          20,
          90,
          14,
          13,
          85,
          65,
          13,
          38,
          21
        ],
        [
          89,
          60,
          78,
          0,
          81,
          52,
          61,
          78,
          57,
          21,
          86,
          16,
          20,
          58
        ],
        [
          87,
          23,
          63,
          31,
          0,
          35,
          84,
          14,
          74,
          30,
          43,
          74,
          70,
          79
        ],
        [
          25,
          28,
          13,
          76,
          40,
          0,
          12,
          34,
          22,
          52,
          57,
          20,
          17,
          64
        ],
        [
          11,
          85,
          22,
          26,
          11,
          52,
          0,
          55,
          41,
          26,
          38,
          10,
          16,
          60
        ],
        [
          12,
          62,
          54,
          54,
          74,
          14,
          22,
          0,
          26,
          79,
          79,
          75,
          63,
          26
        ],
        [
          11,
          83,
          45,
          84,
          30,
          81,
          69,
          36,
          0,
          23,
          50,
          26,
          61,
          32
        ],
        [
          72,
          27,
          39,
          63,
          66,
          83,
          53,
          76,
          77,
          0,
          75,
          56,
          29,
          14
        ],
        [
          28,
          74,
          90,
          71,
          76,
          33,
          58,
          41,
          20,
          22,
          0,
          46,
          90,
          48
        ],
        [
          49,
          18,
          17,
          66,
          52,
          66,
          88,
          85,
          18,
          50,
          20,
          0,
          71,
          36
        ],
        [
          78,
          28,
          65,
          28,
          12,
          26,
          42,
          33,
          58,
          35,
          53,
          78,
          0,
          40
        ],
        [
          71,
          26,
          31,
          59,
          18,
          28,
          36,
          61,
          44,
          85,
          89,
          24,
          74,
          0
        ]
      ],
      "ptime": [
        39,
        33,
        42,
        48,
        50,
        33,
        49,
        41,
        42,
        41,
        46,
        44,
        39,
        38
      ],
      "schedules": [],
      "priority": 0
    },
    {
      "ID": 2,
      "available": 0,
      "assigned": [],
      "setup": [
        [
          0,
          10,
          18,
          48,
          85,
          84,
          51,
          68,
          44,
          44,
          79,
          62,
          73,
          39
        ],
        [
          39,
          0,
          34,
          86,
          78,
          82,
          18,
          81,
          40,
          77,
          12,
          73,
          80,
          60
        ],
        [
          52,
          55,
          0,
          10,
          83,
          46,
          64,
          59,
          28,
          43,
          39,
          40,
          75,
          82
        ],
        [
          33,
          58,
          39,
          0,
          86,
          88,
          10,
          76,
          21,
          21,
          75,
          84,
          35,
          60
        ],
        [
          19,
          52,
          63,
          68,
          0,
          75,
          38,
          29,
          62,
          83,
          61,
          18,
          23,
          36
        ],
        [
          55,
          32,
          56,
          54,
          70,
          0,
          26,
          10,
          38,
          44,
          34,
          90,
          36,
          89
        ],
        [
          85,
          22,
          83,
          84,
          79,
          28,
          0,
          79,
          48,
          17,
          50,
          25,
          36,
          19
        ],
        [
          37,
          19,
          14,
          51,
          68,
          14,
          46,
          0,
          80,
          31,
          70,
          54,
          41,
          24
        ],
        [
          77,
          82,
          85,
          30,
          33,
          23,
          76,
          40,
          0,
          55,
          27,
          90,
          76,
          16
        ],
        [
          82,
          52,
          38,
          64,
          86,
          72,
          42,
          45,
          38,
          0,
          35,
          87,
          44,
          65
        ],
        [
          84,
          61,
          47,
          11,
          61,
          12,
          81,
          61,
          15,
          55,
          0,
          17,
          69,
          42
        ],
        [
          68,
          60,
          27,
          32,
          70,
          16,
          87,
          58,
          22,
          10,
          90,
          0,
          81,
          89
        ],
        [
          39,
          49,
          33,
          84,
          37,
          25,
          54,
          79,
          32,
          71,
          71,
          24,
          0,
          37
        ],
        [
          23,
          21,
          55,
          78,
          77,
          45,
          14,
          15,
          21,
          60,
          62,
          52,
          74,
          0
        ]
      ],
      "ptime": [
        60,
        43,
        56,
        53,
        35,
        41,
        33,
        40,
        31,
        49,
        43,
        50,
        56,
        60
      ],
      "schedules": [],
      "priority": 0
    },
    {
      "ID": 3,
      "available": 0,
      "assigned": [],
      "setup": [
        [
          0,
          17,
          15,
          71,
          83,
          47,
          61,
          18,
          25,
          89,
          84,
          38,
          76,
          58
        ],
        [
          32,
          0,
          62,
          53,
          67,
          42,
          68,
          60,
          14,
          42,
          40,
          15,
          33,
          83
        ],
        [
          35,
          69,
          0,
          23,
          36,
          11,
          31,
          15,
          90,
          30,
          20,
          71,
          41,
          86
        ],
        [
          31,
          52,
          14,
          0,
          69,
          16,
          26,
          85,
          60,
          21,
          55,
          80,
          13,
          68
        ],
        [
          75,
          61,
          29,
          90,
          0,
          86,
          39,
          13,
          48,
          38,
          83,
          71,
          72,
          11
        ],
        [
          13,
          49,
          67,
          59,
          34,
          0,
          29,
          73,
          49,
          83,
          38,
          26,
          36,
          53
        ],
        [
          19,
          85,
          79,
          46,
          38,
          86,
          0,
          86,
          13,
          31,
          41,
          51,
          52,
          88
        ],
        [
          60,
          77,
          58,
          49,
          79,
          87,
          40,
          0,
          42,
          13,
          81,
          36,
          24,
          64
        ],
        [
          82,
          87,
          56,
          58,
          80,
          33,
          35,
          67,
          0,
          80,
          24,
          79,
          82,
          67
        ],
        [
          15,
          75,
          44,
          84,
          84,
          64,
          79,
          60,
          34,
          0,
          16,
          75,
          65,
          52
        ],
        [
          34,
          49,
          37,
          43,
          77,
          24,
          84,
          34,
          42,
          52,
          0,
          76,
          36,
          90
        ],
        [
          51,
          28,
          58,
          87,
          50,
          27,
          16,
          62,
          17,
          10,
          49,
          0,
          63,
          84
        ],
        [
          73,
          78,
          79,
          77,
          75,
          23,
          42,
          33,
          26,
          81,
          51,
          60,
          0,
          36
        ],
        [
          46,
          69,
          17,
          63,
          67,
          83,
          40,
          74,
          71,
          41,
          48,
          55,
          52,
          0
        ]
      ],
      "ptime": [
        43,
        54,
        60,
        45,
        42,
        36,
        44,
        58,
        40,
        53,
        53,
        60,
        50,
        44
      ],
      "schedules": [],
      "priority": 0
    }
  ],
  "ptime": [
    [
      57,
      51,
      52,
      30,
      31,
      39,
      37,
      52,
      60,
      49,
      30,
      59,
      54,
      56
    ],
    [
      39,
      33,
      42,
      48,
      50,
      33,
      49,
      41,
      42,
      41,
      46,
      44,
      39,
      38
    ],
    [
      60,
      43,
      56,
      53,
      35,
      41,
      33,
      40,
      31,
      49,
      43,
      50,
      56,
      60
    ],
    [
      43,
      54,
      60,
      45,
      42,
      36,
      44,
      58,
      40,
      53,
      53,
      60,
      50,
      44
    ]
  ],
  "setup": [
    [
      [
        0,
        39,
        42,
        52,
        75,
        89,
        42,
        63,
        28,
        23,
        31,
        79,
        73,
        49
      ],
      [
        38,
        0,
        64,
        75,
        39,
        73,
        36,
        21,
        66,
        51,
        29,
        18,
        86,
        32
      ],
      [
        20,
        52,
        0,
        83,
        47,
        23,
        38,
        40,
        57,
        47,
        63,
        37,
        32,
        82
      ],
      [
        28,
        18,
        69,
        0,
        52,
        70,
        57,
        87,
        43,
        24,
        51,
        52,
        19,
        36
      ],
      [
        40,
        63,
        55,
        10,
        0,
        28,
        88,
        29,
        86,
        58,
        87,
        47,
        57,
        82
      ],
      [
        13,
        10,
        22,
        36,
        85,
        0,
        44,
        23,
        82,
        88,
        16,
        66,
        42,
        30
      ],
      [
        57,
        69,
        61,
        79,
        63,
        25,
        0,
        75,
        33,
        11,
        28,
        76,
        90,
        15
      ],
      [
        87,
        83,
        12,
        89,
        74,
        12,
        57,
        0,
        61,
        28,
        24,
        37,
        14,
        68
      ],
      [
        67,
        21,
        14,
        44,
        80,
        55,
        40,
        89,
        0,
        67,
        72,
        82,
        68,
        68
      ],
      [
        33,
        20,
        26,
        27,
        17,
        85,
        54,
        33,
        77,
        0,
        43,
        49,
        27,
        16
      ],
      [
        50,
        41,
        79,
        73,
        28,
        14,
        59,
        81,
        54,
        35,
        0,
        26,
        32,
        48
      ],
      [
        48,
        88,
        43,
        37,
        43,
        49,
        21,
        40,
        12,
        68,
        23,
        0,
        54,
        20
      ],
      [
        65,
        39,
        58,
        12,
        24,
        33,
        35,
        39,
        48,
        11,
        74,
        25,
        0,
        49
      ],
      [
        86,
        84,
        16,
        16,
        59,
        77,
        56,
        25,
        88,
        67,
        56,
        69,
        39,
        0
      ]
    ],
    [
      [
        0,
        60,
        52,
        35,
        32,
        11,
        30,
        36,
        18,
        20,
        11,
        54,
        66,
        85
      ],
      [
        43,
        0,
        87,
        79,
        30,
        16,
        15,
        29,
        82,
        50,
        73,
        84,
        37,
        34
      ],
      [
        38,
        37,
        0,
        81,
        21,
        20,
        90,
        14,
        13,
        85,
        65,
        13,
        38,
        21
      ],
      [
        89,
        60,
        78,
        0,
        81,
        52,
        61,
        78,
        57,
        21,
        86,
        16,
        20,
        58
      ],
      [
        87,
        23,
        63,
        31,
        0,
        35,
        84,
        14,
        74,
        30,
        43,
        74,
        70,
        79
      ],
      [
        25,
        28,
        13,
        76,
        40,
        0,
        12,
        34,
        22,
        52,
        57,
        20,
        17,
        64
      ],
      [
        11,
        85,
        22,
        26,
        11,
        52,
        0,
        55,
        41,
        26,
        38,
        10,
        16,
        60
      ],
      [
        12,
        62,
        54,
        54,
        74,
        14,
        22,
        0,
        26,
        79,
        79,
        75,
        63,
        26
      ],
      [
        11,
        83,
        45,
        84,
        30,
        81,
        69,
        36,
        0,
        23,
        50,
        26,
        61,
        32
      ],
      [
        72,
        27,
        39,
        63,
        66,
        83,
        53,
        76,
        77,
        0,
        75,
        56,
        29,
        14
      ],
      [
        28,
        74,
        90,
        71,
        76,
        33,
        58,
        41,
        20,
        22,
        0,
        46,
        90,
        48
      ],
      [
        49,
        18,
        17,
        66,
        52,
        66,
        88,
        85,
        18,
        50,
        20,
        0,
        71,
        36
      ],
      [
        78,
        28,
        65,
        28,
        12,
        26,
        42,
        33,
        58,
        35,
        53,
        78,
        0,
        40
      ],
      [
        71,
        26,
        31,
        59,
        18,
        28,
        36,
        61,
        44,
        85,
        89,
        24,
        74,
        0
      ]
    ],
    [
      [
        0,
        10,
        18,
        48,
        85,
        84,
        51,
        68,
        44,
        44,
        79,
        62,
        73,
        39
      ],
      [
        39,
        0,
        34,
        86,
        78,
        82,
        18,
        81,
        40,
        77,
        12,
        73,
        80,
        60
      ],
      [
        52,
        55,
        0,
        10,
        83,
        46,
        64,
        59,
        28,
        43,
        39,
        40,
        75,
        82
      ],
      [
        33,
        58,
        39,
        0,
        86,
        88,
        10,
        76,
        21,
        21,
        75,
        84,
        35,
        60
      ],
      [
        19,
        52,
        63,
        68,
        0,
        75,
        38,
        29,
        62,
        83,
        61,
        18,
        23,
        36
      ],
      [
        55,
        32,
        56,
        54,
        70,
        0,
        26,
        10,
        38,
        44,
        34,
        90,
        36,
        89
      ],
      [
        85,
        22,
        83,
        84,
        79,
        28,
        0,
        79,
        48,
        17,
        50,
        25,
        36,
        19
      ],
      [
        37,
        19,
        14,
        51,
        68,
        14,
        46,
        0,
        80,
        31,
        70,
        54,
        41,
        24
      ],
      [
        77,
        82,
        85,
        30,
        33,
        23,
        76,
        40,
        0,
        55,
        27,
        90,
        76,
        16
      ],
      [
        82,
        52,
        38,
        64,
        86,
        72,
        42,
        45,
        38,
        0,
        35,
        87,
        44,
        65
      ],
      [
        84,
        61,
        47,
        11,
        61,
        12,
        81,
        61,
        15,
        55,
        0,
        17,
        69,
        42
      ],
      [
        68,
        60,
        27,
        32,
        70,
        16,
        87,
        58,
        22,
        10,
        90,
        0,
        81,
        89
      ],
      [
        39,
        49,
        33,
        84,
        37,
        25,
        54,
        79,
        32,
        71,
        71,
        24,
        0,
        37
      ],
      [
        23,
        21,
        55,
        78,
        77,
        45,
        14,
        15,
        21,
        60,
        62,
        52,
        74,
        0
      ]
    ],
    [
      [
        0,
        17,
        15,
        71,
        83,
        47,
        61,
        18,
        25,
        89,
        84,
        38,
        76,
        58
      ],
      [
        32,
        0,
        62,
        53,
        67,
        42,
        68,
        60,
        14,
        42,
        40,
        15,
        33,
        83
      ],
      [
        35,
        69,
        0,
        23,
        36,
        11,
        31,
        15,
        90,
        30,
        20,
        71,
        41,
        86
      ],
      [
        31,
        52,
        14,
        0,
        69,
        16,
        26,
        85,
        60,
        21,
        55,
        80,
        13,
        68
      ],
      [
        75,
        61,
        29,
        90,
        0,
        86,
        39,
        13,
        48,
        38,
        83,
        71,
        72,
        11
      ],
      [
        13,
        49,
        67,
        59,
        34,
        0,
        29,
        73,
        49,
        83,
        38,
        26,
        36,
        53
      ],
      [
        19,
        85,
        79,
        46,
        38,
        86,
        0,
        86,
        13,
        31,
        41,
        51,
        52,
        88
      ],
      [
        60,
        77,
        58,
        49,
        79,
        87,
        40,
        0,
        42,
        13,
        81,
        36,
        24,
        64
      ],
      [
        82,
        87,
        56,
        58,
        80,
        33,
        35,
        67,
        0,
        80,
        24,
        79,
        82,
        67
      ],
      [
        15,
        75,
        44,
        84,
        84,
        64,
        79,
        60,
        34,
        0,
        16,
        75,
        65,
        52
      ],
      [
        34,
        49,
        37,
        43,
        77,
        24,
        84,
        34,
        42,
        52,
        0,
        76,
        36,
        90
      ],
      [
        51,
        28,
        58,
        87,
        50,
        27,
        16,
        62,
        17,
        10,
        49,
        0,
        63,
        84
      ],
      [
        73,
        78,
        79,
        77,
        75,
        23,
        42,
        33,
        26,
        81,
        51,
        60,
        0,
        36
      ],
      [
        46,
        69,
        17,
        63,
        67,
        83,
        40,
        74,
        71,
        41,
        48,
        55,
        52,
        0
      ]
    ]
  ],
  "with_setup": true,
  "family_setup": false,
  "objective": "wT",
  "identical_mch": false
}