{
  "numJob": 13,
  "numMch": 2,
  "jobs": [
    {
      "ID": 0,
      "due": 66,
      "weight": 7,
      "family": 0,
      "complete": false,
      "start": -1,
      "end": -1,
      "assignedMch": -1,
      "priority": 0
    },
    {
      "ID": 1,
      "due": 0,
      "weight": 1,
      "family": 1,
      "complete": false,
      "start": -1,
      "end": -1,
      "assignedMch": -1,
      "priority": 0
    },
    {
      "ID": 2,
      "due": 60,
      "weight": 1,
      "family": 2,
      "complete": false,
      "start": -1,
      "end": -1,
      "assignedMch": -1,
      "priority": 0
    },
    {
      "ID": 3,
      "due": 8,
      "weight": 3,
      "family": 3,
      "complete": false,
      "start": -1,
      "end": -1,
      "assignedMch": -1,
      "priority": 0
    },
    {
      "ID": 4,
      "due": 97,
      "weight": 5,
      "family": 4,
      "complete": false,
      "start": -1,
      "end": -1,
      "assignedMch": -1,
      "priority": 0
    },
    {
      "ID": 5,
      "due": 77,
      "weight": 4,
      "family": 5,
      "complete": false,
      "start": -1,
      "end": -1,
      "assignedMch": -1,
      "priority": 0
    },
    {
      "ID": 6,
      "due": 54,
      "weight": 9,
      "family": 6,
      "complete": false,
      "start": -1,
      "end": -1,
      "assignedMch": -1,
      "priority": 0
    },
    {
      "ID": 7,
      "due": 68,
      "weight": 2,
      "family": 7,
      "complete": false,
      "start": -1,
      "end": -1,
      "assignedMch": -1,
      "priority": 0
    },
    {
      "ID": 8,
      "due": 85,
      "weight": 8,
      "family": 8,
      "complete": false,
      "start": -1,
      "end": -1,
      "assignedMch": -1,
      "priority": 0
    },
    {
      "ID": 9,
      "due": 99,
      "weight": 10,
      "family": 9,
      "complete": false,
      "start": -1,
      "end": -1,
      "assignedMch": -1,
      "priority": 0
    },
    {
      "ID": 10,
      "due": 16,
      "weight": 5,
      "family": 10,
      "complete": false,
      "start": -1,
      "end": -1,
      "assignedMch": -1,
      "priority": 0
    },
    {
      "ID": 11,
      "due": 92,
      "weight": 4,
      "family": 11,
      "complete": false,
      "start": -1,
      "end": -1,
      "assignedMch": -1,
      "priority": 0
    },
    {
      "ID": 12,
      "due": 38,
      "weight": 7,
      "family": 12,
      "complete": false,
      "start": -1,
      "end": -1,
      "assignedMch": -1,
      "priority": 0
    }
  ],
  "machines": [
    {
      "ID": 0,
      "available": 0,
      "assigned": [],
      "setup": [
        [
          0,
          37,
          30,
          54,
          30,
          38,
          89,
          65,
          69,
          14,
          79,
          17,
          71
        ],
        [
          80,
          0,
          15,
          73,
          62,
          21,
          38,
          39,
          64,
          77,
          11,
          64,
          43
        ],
        [
          81,
          73,
          0,
          81,
          72,
          80,
          62,
          10,
          29,
          27,
          67,
          70,
          42
        ],
        [
          48,
          32,
          38,
          0,
          72,
          14,
          90,
          73,
          78,
          24,
          24,
          21,
          27
        ],
        [
          10,
          27,
          30,
          56,
          0,
          40,
          82,
          22,
          76,
          47,
          69,
          39,
          34
        ],
        [
          87,
          44,
          59,
          81,
          66,
          0,
          37,
          86,
          51,
          84,
          66,
          66,
          19
        ],
        [
          20,
          15,
          31,
          63,
          45,
          56,
          0,
          55,
          77,
          74,
          66,
          52,
          36
        ],
        [
          18,
          24,
          65,
          30,
          80,
          72,
          58,
          0,
          35,
          63,
          39,
          61,
          35
        ],
        [
          45,
          11,
          11,
          84,
          62,
          80,
          43,
          42,
          0,
          73,
          36,
          76,
          83
        ],
        [
          39,
          69,
          67,
          30,
          26,
          23,
          32,
          12,
          83,
          0,
          61,
          11,
          57
        ],
        [
          53,
          58,
          68,
          84,
          48,
          78,
          26,
          62,
          85,
          35,
          0,
          48,
          77
        ],
        [
          32,
          14,
          43,
          58,
          49,
          53,
          38,
          28,
          40,
          57,
          75,
          0,
          84
        ],
        [
          61,
          70,
          26,
          83,
          83,
          17,
          14,
          29,
          59,
          57,
          21,
          71,
          0
        ]
      ],
      "ptime": [
        42,
        46,
        57,
        39,
        51,
        42,
        44,
        42,
        33,
        50,
        40,
        58,
        36
      ],
      "schedules": [],
      "priority": 0
    },
    {
      "ID": 1,
      "available": 0,
      "assigned": [],
      "setup": [
        [
          0,
          20,
          55,
          66,
          24,
          63,
          32,
          68,
          27,
          81,
          44,
          80,
          18
        ],
        [
          60,
          0,
          79,
          75,
          54,
          58,
          48,
          87,
          28,
          45,
          90,
          77,
          62
        ],
        [
          60,
          42,
          0,
          29,
          54,
          86,
          62,
          21,
          77,
          66,
          31,
          51,
          43
        ],
        [
          17,
          87,
          42,
          0,
          42,
          72,
          42,
          77,
          77,
          12,
          58,
          67,
          85
        ],
        [
          42,
          43,
          69,
          20,
          0,
          22,
          82,
          48,
          81,
          73,
          63,
          89,
          23
        ],
        [
          77,
          64,
          21,
          20,
          30,
          0,
          14,
          27,
          63,
          20,
          44,
          39,
          20
        ],
        [
          40,
          13,
          23,
          30,
          82,
          56,
          0,
          58,
          19,
          26,
          60,
          64,
          25
        ],
        [
          69,
          72,
          34,
          58,
          14,
          82,
          54,
          0,
          24,
          52,
          42,
          79,
          88
        ],
        [
          66,
          72,
          18,
          20,
          74,
          36,
          74,
          42,
          0,
          62,
          26,
          86,
          25
        ],
        [
          55,
          46,
          90,
          50,
          18,
          67,
          86,
          11,
          27,
          0,
          54,
          88,
          85
        ],
        [
          83,
          23,
          89,
          29,
          15,
          44,
          13,
          49,
          42,
          13,
          0,
          52,
          43
        ],
        [
          77,
          86,
          10,
          71,
          63,
          19,
          57,
          29,
          33,
          81,
          11,
          0,
          45
        ],
        [
          74,
          20,
          28,
          45,
          19,
          39,
          10,
          41,
          20,
          55,
          74,
          65,
          0
        ]
      ],
      "ptime": [
        35,
        43,
        56,
        49,
        57,
        46,
        47,
        34,
        40,
        37,
        31,
        32,
        59
      ],
      "schedules": [],
      "priority": 0
    }
  ],
  "ptime": [
    [
      42,
      46,
      57,
      39,
      51,
      42,
      44,
      42,
      33,
      50,
      40,
      58,
      36
    ],
    [
      35,
      43,
      56,
      49,
      57,
      46,
      47,
      34,
      40,
      37,
      31,
      32,
      59
    ]
  ],
  "setup": [
    [
      [
        0,
        37,
        30,
        54,
        30,
        38,
        89,
        65,
        69,
        14,
        79,
        17,
        71
      ],
      [
        80,
        0,
        15,
        73,
        62,
        21,
        38,
        39,
        64,
        77,
        11,
        64,
        43
      ],
      [
        81,
        73,
        0,
        81,
        72,
        80,
        62,
        10,
        29,
        27,
        67,
        70,
        42
      ],
      [
        48,
        32,
        38,
        0,
        72,
        14,
        90,
        73,
        78,
        24,
        24,
        21,
        27
      ],
      [
        10,
        27,
        30,
        56,
        0,
        40,
        82,
        22,
        76,
        47,
        69,
        39,
        34
      ],
      [
        87,
        44,
        59,
        81,
        66,
        0,
        37,
        86,
        51,
        84,
        66,
        66,
        19
      ],
      [
        20,
        15,
        31,
        63,
        45,
        56,
        0,
        55,
        77,
        74,
        66,
        52,
        36
      ],
      [
        18,
        24,
        65,
        30,
        80,
        72,
        58,
        0,
        35,
        63,
        39,
        61,
        35
      ],
      [
        45,
        11,
        11,
        84,
        62,
        80,
        43,
        42,
        0,
        73,
        36,
        76,
        83
      ],
      [
        39,
        69,
        67,
        30,
        26,
        23,
        32,
        12,
        83,
        0,
        61,
        11,
        57
      ],
      [
        53,
        58,
        68,
        84,
        48,
        78,
        26,
        62,
        85,
        35,
        0,
        48,
        77
      ],
      [
        32,
        14,
        43,
        58,
        49,
        53,
        38,
        28,
        40,
        57,
        75,
        0,
        84
      ],
      [
        61,
        70,
        26,
        83,
        83,
        17,
        14,
        29,
        59,
        57,
        21,
        71,
        0
      ]
    ],
    [
      [
        0,
        20,
        55,
        66,
        24,
        63,
        32,
        68,
        27,
        81,
        44,
        80,
        18
      ],
      [
        60,
        0,
        79,
        75,
        54,
        58,
        48,
        87,
        28,
        45,
        90,
        77,
        62
      ],
      [
        60,
        42,
        0,
        29,
        54,
        86,
        62,
        21,
        77,
        66,
        31,
        51,
        43
      ],
      [
        17,
        87,
        42,
        0,
        42,
        72,
        42,
        77,
        77,
        12,
        58,
        67,
        85
      ],
      [
        42,
        43,
        69,
        20,
        0,
        22,
        82,
        48,
        81,
        73,
        63,
        89,
        23
      ],
      [
        77,
        64,
        21,
        20,
        30,
        0,
        14,
        27,
        63,
        20,
        44,
        39,
        20
      ],
      [
        40,
        13,
        23,
        30,
        82,
        56,
        0,
        58,
        19,
        26,
        60,
        64,
        25
      ],
      [
        69,
        72,
        34,
        58,
        14,
        82,
        54,
        0,
        24,
        52,
        42,
        79,
        88
      ],
      [
        66,
        72,
        18,
        20,
        74,
        36,
        74,
        42,
        0,
        62,
        26,
        86,
        25
      ],
      [
        55,
        46,
        90,
        50,
        18,
        67,
        86,
        11,
        27,
        0,
        54,
        88,
        85
      ],
      [
        83,
        23,
        89,
        29,
        15,
        44,
        13,
        49,
        42,
        13,
        0,
        52,
        43
      ],
      [
        77,
        86,
        10,
        71,
        63,
        19,
        57,
        29,
        33,
        81,
        11,
        0,
        45
      ],
      [
        74,
        20,
        28,
        45,
        19,
        39,
        10,
        41,
        20,
        55,
        74,
        65,
        0
      ]
    ]
  ],
  "with_setup": true,
  "family_setup": false,
  "objective": "wT",
  "identical_mch": false
}