{
  "numJob": 19,
  "numMch": 4,
  "jobs": [
    {
      "ID": 0,
      "due": 58,
      "weight": 6,
      "family": 0,
      "complete": false,
      "start": -1,
      "end": -1,
      "assignedMch": -1,
      "priority": 0
    },
    {
      "ID": 1,
      "due": 53,
      "weight": 3,
      "family": 1,
      "complete": false,
      "start": -1,
      "end": -1,
      "assignedMch": -1,
      "priority": 0
    },
    {
      "ID": 2,
      "due": 16,
      "weight": 3,
      "family": 2,
      "complete": false,
      "start": -1,
      "end": -1,
      "assignedMch": -1,
      "priority": 0
    },
    {
      "ID": 3,
      "due": 42,
      "weight": 1,
      "family": 3,
      "complete": false,
      "start": -1,
      "end": -1,
      "assignedMch": -1,
      "priority": 0
    },
    {
      "ID": 4,
      "due": 76,
      "weight": 8,
      "family": 4,
      "complete": false,
      "start": -1,
      "end": -1,
      "assignedMch": -1,
      "priority": 0
    },
    {
      "ID": 5,
      "due": 61,
      "weight": 3,
      "family": 5,
      "complete": false,
      "start": -1,
      "end": -1,
      "assignedMch": -1,
      "priority": 0
    },
    {
      "ID": 6,
      "due": 17,
      "weight": 1,
      "family": 6,
      "complete": false,
      "start": -1,
      "end": -1,
      "assignedMch": -1,
      "priority": 0
    },
    {
      "ID": 7,
      "due": 16,
      "weight": 7,
      "family": 7,
      "complete": false,
      "start": -1,
      "end": -1,
      "assignedMch": -1,
      "priority": 0
    },
    {
      "ID": 8,
      "due": 56,
      "weight": 5,
      "family": 8,
      "complete": false,
      "start": -1,
      "end": -1,
      "assignedMch": -1,
      "priority": 0
    },
    {
      "ID": 9,
      "due": 10,
      "weight": 3,
      "family": 9,
      "complete": false,
      "start": -1,
      "end": -1,
      "assignedMch": -1,
      "priority": 0
    },
    {
      "ID": 10,
      "due": 44,
      "weight": 8,
      "family": 10,
      "complete": false,
      "start": -1,
      "end": -1,
      "assignedMch": -1,
      "priority": 0
    },
    {
      "ID": 11,
      "due": 16,
      "weight": 4,
      "family": 11,
      "complete": false,
      "start": -1,
      "end": -1,
      "assignedMch": -1,
      "priority": 0
    },
    {
      "ID": 12,
      "due": 19,
      "weight": 1,
      "family": 12,
      "complete": false,
      "start": -1,
      "end": -1,
      "assignedMch": -1,
      "priority": 0
    },
    {
      "ID": 13,
      "due": 20,
      "weight": 4,
      "family": 13,
      "complete": false,
      "start": -1,
      "end": -1,
      "assignedMch": -1,
      "priority": 0
    },
    {
      "ID": 14,
      "due": 32,
      "weight": 9,
      "family": 14,
      "complete": false,
      "start": -1,
      "end": -1,
      "assignedMch": -1,
      "priority": 0
    },
    {
      "ID": 15,
      "due": 11,
      "weight": 1,
      "family": 15,
      "complete": false,
      "start": -1,
      "end": -1,
      "assignedMch": -1,
      "priority": 0
    },
    {
      "ID": 16,
      "due": 6,
      "weight": 5,
      "family": 16,
      "complete": false,
      "start": -1,
      "end": -1,
      "assignedMch": -1,
      "priority": 0
    },
    {
      "ID": 17,
      "due": 24,
      "weight": 5,
      "family": 17,
      "complete": false,
      "start": -1,
      "end": -1,
      "assignedMch": -1,
      "priority": 0
    },
    {
      "ID": 18,
      "due": 29,
      "weight": 5,
      "family": 18,
      "complete": false,
      "start": -1,
      "end": -1,
      "assignedMch": -1,
      "priority": 0
    }
  ],
  "machines": [
    {
      "ID": 0,
      "available": 0,
      "assigned": [],
      "setup": [
        [
          0,
          76,
          13,
          11,
          34,
          28,
          41,
          53,
          80,
          72,
          29,
          36,
          49,
          10,
          35,
          89,
          57,
          69,
          10
        ],
        [
          40,
          0,
          16,
          52,
          11,
          40,
          17,
          77,
          48,
          44,
          66,
          42,
          18,
          38,
          82,
          79,
          21,
          50,
          78
        ],
        [
          72,
          41,
          0,
          29,
          23,
          58,
          69,
          84,
          86,
          65,
          35,
          59,
          19,
          38,
          52,
          33,
          89,
          41,
          19
        ],
        [
          21,
          62,
          81,
          0,
          36,
          61,
          60,
          20,
          23,
          22,
          77,
          77,
          72,
          39,
          82,
          15,
          58,
          33,
          41
        ],
        [
          31,
          10,
          88,
          46,
          0,
          15,
          44,
          85,
          19,
          88,
          16,
          14,
          35,
          63,
          62,
          29,
          44,
          51,
          17
        ],
        [
          58,
          28,
          13,
          23,
          44,
          0,
          80,
          68,
          18,
          15,
          55,
          48,
          15,
          19,
          84,
          65,
          10,
          84,
          56
        ],
        [
          15,
          24,
          42,
          66,
          73,
          54,
          0,
          65,
          23,
          87,
          15,
          10,
          22,
          63,
          75,
          74,
          72,
          39,
          59
        ],
        [
          16,
          43,
          71,
          37,
          42,
          41,
          62,
          0,
          54,
          11,
          30,
          69,
          52,
          23,
          39,
          23,
          23,
          10,
          65
        ],
        [
          24,
          38,
          57,
          29,
          37,
          80,
          69,
          22,
          0,
          38,
          72,
          31,
          21,
          85,
          81,
          25,
          53,
          54,
          39
        ],
        [
          40,
          24,
          53,
          80,
          85,
          82,
          11,
          64,
          59,
          0,
          20,
          59,
          29,
          29,
          30,
          83,
          85,
          66,
          87
        ],
        [
          55,
          56,
          16,
          68,
          79,
          22,
          41,
          38,
          38,
          41,
          0,
          39,
          56,
          89,
          39,
          59,
          15,
          44,
          70
        ],
        [
          23,
          35,
          18,
          13,
          26,
          41,
          27,
          54,
          54,
          75,
          41,
          0,
          79,
          45,
          49,
          53,
          14,
          45,
          12
        ],
        [
          60,
          58,
          41,
          50,
          30,
          18,
          69,
          75,
          12,
          68,
          90,
          71,
          0,
          90,
          77,
          19,
          18,
          18,
          22
        ],
        [
          51,
          16,
          76,
          64,
          53,
          75,
          57,
          23,
          31,
          53,
          20,
          46,
          88,
          0,
          62,
          31,
          62,
          59,
          83
        ],
        [
          31,
          51,
          11,
          29,
          56,
          28,
          80,
          66,
          25,
          25,
          26,
          55,
          41,
          50,
          0,
          46,
          22,
          29,
          70
        ],
        [
          13,
          34,
          19,
          76,
          75,
          41,
          55,
          20,
          40,
          82,
          30,
          61,
          79,
          58,
          75,
          0,
          89,
          75,
          44
        ],
        [
          79,
          45,
          42,
          16,
          24,
          85,
          19,
          17,
          51,
          41,
          66,
          57,
          67,
          82,
          41,
          65,
          0,
          86,
          19
        ],
        [
          54,
          70,
          64,
          63,
          45,
          90,
          10,
          36,
          56,
          49,
          49,
          88,
          63,
          60,
          33,
          60,
          29,
          0,
          55
        ],
        [
          24,
          73,
          41,
          48,
          26,
          68,
          35,
          82,
          80,
          18,
          54,
          81,
          70,
          72,
          40,
          31,
          46,
          25,
          0
        ]
      ],
      "ptime": [
        55,
        46,
        41,
        49,
        49,
        54,
        32,
        37,
        40,
        52,
        58,
        58,
        53,
        47,
        55,
        30,
        42,
        47,
        35
      ],
      "schedules": [],
      "priority": 0
    },
    {
      "ID": 1,
      "available": 0,
      "assigned": [],
      "setup": [
        [
          0,
          43,
          80,
          36,
          44,
          40,
          10,
          41,
          27,
          25,
          26,
          55,
          71,
          33,
          29,
          13,
          27,
          74,
          41
        ],
        [
          10,
          0,
          83,
          35,
          80,
          49,
          51,
          80,
          32,
          55,
          16,
          50,
          23,
          11,
          33,
          52,
          65,
          54,
          15
        ],
        [
          38,
          23,
          0,
          54,
          54,
          71,
          19,
          77,
          59,
          51,
          84,
          42,
          84,
          68,
          11,
          51,
          72,
          29,
          37
        ],
        [
          87,
          12,
          63,
          0,
          42,
          35,
          59,
          42,
          51,
          29,
          20,
          57,
          73,
          58,
          36,
          60,
          63,
          46,
          72
        ],
        [
          35,
          80,
          26,
          29,
          0,
          12,
          31,
          41,
          76,
          10,
          30,
          70,
          47,
          83,
          18,
          86,
          89,
          33,
          44
        ],
        [
          25,
          82,
          19,
          16,
          77,
          0,
          76,
          64,
          12,
          38,
          46,
          50,
          86,
          10,
          15,
          21,
          69,
          65,
          79
        ],
        [
          76,
          56,
          41,
          33,
          39,
          82,
          0,
          42,
          20,
          82,
          62,
          52,
          43,
          75,
          22,
          81,
          56,
          79,
          20
        ],
        [
          65,
          50,
          85,
          11,
          59,
          51,
          13,
          0,
          26,
          79,
          32,
          64,
          22,
          41,
          88,
          42,
          67,
          60,
          42
        ],
        [
          35,
          54,
          59,
          58,
          50,
          79,
          28,
          31,
          0,
          53,
          52,
          48,
          54,
          58,
          57,
          88,
          76,
          13,
          59
        ],
        [
          76,
          84,
          63,
          65,
          46,
          66,
          46,
          16,
          53,
          0,
          28,
          65,
          81,
          52,
          20,
          52,
          27,
          17,
          88
        ],
        [
          62,
          19,
          44,
          78,
          90,
          48,
          40,
          49,
          88,
          52,
          0,
          76,
          38,
          79,
          69,
          42,
          81,
          86,
          79
        ],
        [
          62,
          39,
          52,
          11,
          75,
          23,
          87,
          74,
          12,
          87,
          22,
          0,
          11,
          27,
          38,
          10,
          64,
          86,
          56
        ],
        [
          52,
          14,
          75,
          14,
          10,
          14,
          73,
          23,
          57,
          20,
          36,
          45,
          0,
          78,
          67,
          17,
          63,
          54,
          32
        ],
        [
          28,
          12,
          52,
          75,
          35,
          47,
          90,
          78,
          64,
          25,
          16,
          48,
          51,
          0,
          72,
          13,
          72,
          76,
          27
        ],
        [
          82,
          69,
          45,
          33,
          68,
          52,
          10,
          23,
          68,
          17,
          60,
          59,
          37,
          14,
          0,
          18,
          28,
          67,
          18
        ],
        [
          58,
          40,
          45,
          33,
          89,
          65,
          86,
          62,
          15,
          49,
          89,
          82,
          68,
          84,
          65,
          0,
          56,
          48,
          29
        ],
        [
          21,
          16,
          64,
          70,
          84,
          66,
          42,
          74,
          90,
          10,
          49,
          48,
          57,
          55,
          67,
          38,
          0,
          70,
          44
        ],
        [
          38,
          55,
          53,
          74,
          52,
          47,
          89,
          10,
          27,
          35,
          86,
          54,
          57,
          69,
          64,
          87,
          43,
          0,
          52
        ],
        [
          12,
          84,
          72,
          75,
          10,
          14,
          86,
          40,
          30,
          46,
          42,
          71,
          31,
          36,
          42,
          86,
          72,
          14,
          0
        ]
      ],
      "ptime": [
        41,
        55,
        58,
        51,
        55,
        44,
        46,
        30,
        55,
        38,
        47,
        35,
        57,
        54,
        54,
        45,
        55,
        41,
        57
      ],
      "schedules": [],
      "priority": 0
    },
    {
      "ID": 2,
      "available": 0,
      "assigned": [],
      "setup": [
        [
          0,
          11,
          47,
          33,
          38,
          82,
          61,
          12,
          31,
          26,
          42,
          54,
          50,
          86,
          73,
          32,
          58,
          38,
          57
        ],
        [
          63,
          0,
          39,
          14,
          85,
          34,
          35,
          53,
          85,
          32,
          23,
          69,
          72,
          48,
          45,
          87,
          81,
          69,
          36
        ],
        [
          35,
          62,
          0,
          87,
          73,
          75,
          63,
          24,
          15,
          67,
          63,
          12,
          51,
          46,
          82,
          75,
          48,
          27,
          81
        ],
        [
          71,
          50,
          90,
          0,
          59,
          34,
          57,
          90,
          49,
          28,
          21,
          84,
          38,
          78,
          77,
          83,
          35,
          72,
          89
        ],
        [
          11,
          31,
          17,
          25,
          0,
          78,
          55,
          57,
          77,
          32,
          26,
          68,
          30,
          57,
          61,
          14,
          35,
          54,
          69
        ],
        [
          47,
          13,
          42,
          10,
          27,
          0,
          44,
          51,
          26,
          73,
          90,
          11,
          41,
          45,
          44,
          28,
          19,
          34,
          51
        ],
        [
          37,
          20,
          57,
          39,
          37,
          18,
          0,
          16,
          30,
          70,
          11,
          79,
          85,
          46,
          56,
          19,
          50,
          27,
          70
        ],
        [
          46,
          90,
          55,
          31,
          38,
          57,
          75,
          0,
          47,
          86,
          75,
          55,
          76,
          78,
          10,
          27,
          83,
          35,
          53
        ],
        [
          23,
          62,
          36,
          18,
          66,
          13,
          13,
          88,
          0,
          33,
          78,
          56,
          73,
          88,
          78,
          75,
          61,
          16,
          78
        ],
        [
          19,
          13,
          76,
          83,
          11,
          90,
          80,
          27,
          75,
          0,
          25,
          22,
          24,
          40,
          69,
          13,
          39,
          52,
          28
        ],
        [
          61,
          64,
          89,
          37,
          77,
          87,
          39,
          60,
          40,
          50,
          0,
          54,
          31,
          84,
          68,
          18,
          53,
          66,
          76
        ],
        [
          37,
          71,
          20,
          48,
          35,
          57,
          56,
          67,
          17,
          61,
          58,
          0,
          78,
          77,
          11,
          19,
          86,
          10,
          13
        ],
        [
          90,
          56,
          69,
          74,
          67,
          45,
          43,
          36,
          57,
          81,
          10,
          55,
          0,
          62,
          48,
          51,
          83,
          17,
          52
        ],
        [
          56,
          44,
          40,
          24,
          15,
          46,
          37,
          20,
          35,
          54,
          89,
          90,
          11,
          0,
          14,
          16,
          39,
          43,
          31
        ],
        [
          46,
          63,
          14,
          89,
          59,
          69,
          68,
          62,
          58,
          67,
          52,
          42,
          23,
          63,
          0,
          51,
          51,
          90,
          53
        ],
        [
          28,
          51,
          89,
          42,
          90,
          11,
          27,
          41,
          64,
          30,
          31,
          24,
          68,
          79,
          48,
          0,
          70,
          35,
          71
        ],
        [
          56,
          86,
          69,
          47,
          18,
          23,
          44,
          86,
          63,
          75,
          39,
          50,
          45,
          77,
          49,
          53,
          0,
          44,
          53
        ],
        [
          55,
          55,
          77,
          89,
          14,
          44,
          43,
          16,
          62,
          81,
          12,
          32,
          24,
          15,
          57,
          84,
          62,
          0,
          52
        ],
        [
          52,
          23,
          52,
          23,
          28,
          65,
          29,
          62,
          26,
          16,
          38,
          72,
          51,
          41,
          71,
          57,
          24,
          51,
          0
        ]
      ],
      "ptime": [
        31,
        48,
        58,
        35,
        32,
        53,
        46,
        32,
        50,
        35,
        44,
        45,
        53,
        30,
        41,
        50,
        44,
        55,
        49
      ],
      "schedules": [],
      "priority": 0
    },
    {
      "ID": 3,
      "available": 0,
      "assigned": [],
      "setup": [
        [
          0,
          82,
          13,
          72,
          90,
          47,
          67,
          86,
          89,
          75,
          15,
          90,
          61,
          14,
          75,
          38,
          63,
          86,
          26
        ],
        [
          88,
          0,
          55,
          81,
          38,
          74,
          67,
          73,
          32,
          60,
          59,
          83,
          78,
          25,
          60,
          20,
          26,
          52,
          42
        ],
        [
          28,
          85,
          0,
          20,
          78,
          72,
          60,
          23,
          48,
          81,
          17,
          45,
          20,
          19,
          52,
          16,
          33,
          79,
          76
        ],
        [
          54,
          43,
          48,
          0,
          61,
          10,
          27,
          52,
          12,
          18,
          13,
          90,
          88,
          42,
          19,
          78,
          55,
          10,
          55
        ],
        [
          19,
          78,
          82,
          57,
          0,
          54,
          26,
          13,
          62,
          20,
          90,
          67,
          49,
          46,
          61,
          54,
          33,
          24,
          16
        ],
        [
          51,
          84,
          10,
          76,
          70,
          0,
          90,
          88,
          48,
          77,
          21,
          42,
          59,
          68,
          39,
          67,
          12,
          47,
          63
        ],
        [
          62,
          40,
          66,
          48,
          85,
          10,
          0,
          40,
          34,
          62,
          37,
          46,
          63,
          49,
          73,
          17,
          42,
          54,
          66
        ],
        [
          59,
          30,
          83,
          81,
          50,
          33,
          67,
          0,
          20,
          38,
          55,
          17,
          24,
          13,
          12,
          89,
          39,
          31,
          45
        ],
        [
          44,
          18,
          82,
          60,
          31,
          53,
          82,
          15,
          0,
          41,
          62,
          86,
          42,
          64,
          29,
          76,
          52,
          38,
          36
        ],
        [
          75,
          24,
          55,
          34,
          46,
          30,
          89,
          58,
          66,
          0,
          55,
          65,
          60,
          23,
          39,
          14,
          34,
          72,
          73
        ],
        [
          72,
          54,
          34,
          79,
          46,
          74,
          71,
          75,
          30,
          73,
          0,
          57,
          80,
          42,
          41,
          76,
          89,
          55,
          89
        ],
        [
          12,
          17,
          83,
          33,
          76,
          36,
          69,
          42,
          59,
          51,
          10,
          0,
          68,
          73,
          67,
          55,
          72,
          31,
          75
        ],
        [
          42,
          86,
          78,
          35,
          80,
          20,
          48,
          70,
          27,
          82,
          28,
          22,
          0,
          32,
          30,
          52,
          25,
          35,
          39
        ],
        [
          73,
          26,
          42,
          62,
          65,
          51,
          28,
          20,
          51,
          30,
          34,
          45,
          69,
          0,
          56,
          39,
          76,
          39,
          34
        ],
        [
          74,
          70,
          50,
          69,
          33,
          60,
          50,
          68,
          13,
          11,
          83,
          79,
          14,
          51,
          0,
          34,
          54,
          26,
          87
        ],
        [
          45,
          16,
          82,
          28,
          15,
          68,
          21,
          62,
          71,
          66,
          73,
          25,
          51,
          51,
          19,
          0,
          75,
          31,
          40
        ],
        [
          13,
          61,
          81,
          50,
          84,
          43,
          38,
          25,
          39,
          86,
          80,
          26,
          25,
          62,
          87,
          76,
          0,
          25,
          82
        ],
        [
          69,
          26,
          45,
          33,
          46,
          56,
          59,
          50,
          31,
          11,
          76,
          51,
          34,
          86,
          72,
          59,
          16,
          0,
          55
        ],
        [
          50,
          22,
          64,
          37,
          14,
          51,
          44,
          24,
          37,
          53,
          35,
          34,
          58,
          33,
          87,
          79,
          43,
          81,
          0
        ]
      ],
      "ptime": [
        46,
        52,
        53,
        40,
        43,
        58,
        33,
        42,
        42,
        36,
        51,
        55,
        43,
        47,
        33,
        52,
        52,
        58,
        39
      ],
      "schedules": [],
      "priority": 0
    }
  ],
  "ptime": [
    [
      55,
      46,
      41,
      49,
      49,
      54,
      32,
      37,
      40,
      52,
      58,
      58,
      53,
      47,
      55,
      30,
      42,
      47,
      35
    ],
    [
      41,
      55,
      58,
      51,
      55,
      44,
      46,
      30,
      55,
      38,
      47,
      35,
      57,
      54,
      54,
      45,
      55,
      41,
      57
    ],
    [
      31,
      48,
      58,
      35,
      32,
      53,
      46,
      32,
      50,
      35,
      44,
      45,
      53,
      30,
      41,
      50,
      44,
      55,
      49
    ],
    [
      46,
      52,
      53,
      40,
      43,
      58,
      33,
      42,
      42,
      36,
      51,
      55,
      43,
      47,
      33,
      52,
      52,
      58,
      39
    ]
  ],
  "setup": [
    [
      [
        0,
        76,
        13,
        11,
        34,
        28,
        41,
        53,
        80,
        72,
        29,
        36,
        49,
        10,
        35,
        89,
        57,
        69,
        10
      ],
      [
        40,
        0,
        16,
        52,
        11,
        40,
        17,
        77,
        48,
        44,
        66,
        42,
        18,
        38,
        82,
        79,
        21,
        50,
        78
      ],
      [
        72,
        41,
        0,
        29,
        23,
        58,
        69,
        84,
        86,
        65,
        35,
        59,
        19,
        38,
        52,
        33,
        89,
        41,
        19
      ],
      [
        21,
        62,
        81,
        0,
        36,
        61,
        60,
        20,
        23,
        22,
        77,
        77,
        72,
        39,
        82,
        15,
        58,
        33,
        41
      ],
      [
        31,
        10,
        88,
        46,
        0,
        15,
        44,
        85,
        19,
        88,
        16,
        14,
        35,
        63,
        62,
        29,
        44,
        51,
        17
      ],
      [
        58,
        28,
        13,
        23,
        44,
        0,
        80,
        68,
        18,
        15,
        55,
        48,
        15,
        19,
        84,
        65,
        10,
        84,
        56
      ],
      [
        15,
        24,
        42,
        66,
        73,
        54,
        0,
        65,
        23,
        87,
        15,
        10,
        22,
        63,
        75,
        74,
        72,
        39,
        59
      ],
      [
        16,
        43,
        71,
        37,
        42,
        41,
        62,
        0,
        54,
        11,
        30,
        69,
        52,
        23,
        39,
        23,
        23,
        10,
        65
      ],
      [
        24,
        38,
        57,
        29,
        37,
        80,
        69,
        22,
        0,
        38,
        72,
        31,
        21,
        85,
        81,
        25,
        53,
        54,
        39
      ],
      [
        40,
        24,
        53,
        80,
        85,
        82,
        11,
        64,
        59,
        0,
        20,
        59,
        29,
        29,
        30,
        83,
        85,
        66,
        87
      ],
      [
        55,
        56,
        16,
        68,
        79,
        22,
        41,
        38,
        38,
        41,
        0,
        39,
        56,
        89,
        39,
        59,
        15,
        44,
        70
      ],
      [
        23,
        35,
        18,
        13,
        26,
        41,
        27,
        54,
        54,
        75,
        41,
        0,
        79,
        45,
        49,
        53,
        14,
        45,
        12
      ],
      [
        60,
        58,
        41,
        50,
        30,
        18,
        69,
        75,
        12,
        68,
        90,
        71,
        0,
        90,
        77,
        19,
        18,
        18,
        22
      ],
      [
        51,
        16,
        76,
        64,
        53,
        75,
        57,
        23,
        31,
        53,
        20,
        46,
        88,
        0,
        62,
        31,
        62,
        59,
        83
      ],
      [
        31,
        51,
        11,
        29,
        56,
        28,
        80,
        66,
        25,
        25,
        26,
        55,
        41,
        50,
        0,
        46,
        22,
        29,
        70
      ],
      [
        13,
        34,
        19,
        76,
        75,
        41,
        55,
        20,
        40,
        82,
        30,
        61,
        79,
        58,
        75,
        0,
        89,
        75,
        44
      ],
      [
        79,
        45,
        42,
        16,
        24,
        85,
        19,
        17,
        51,
        41,
        66,
        57,
        67,
        82,
        41,
        65,
        0,
        86,
        19
      ],
      [
        54,
        70,
        64,
        63,
        45,
        90,
        10,
        36,
        56,
        49,
        49,
        88,
        63,
        60,
        33,
        60,
        29,
        0,
        55
      ],
      [
        24,
        73,
        41,
        48,
        26,
        68,
        35,
        82,
        80,
        18,
        54,
        81,
        70,
        72,
        40,
        31,
        46,
        25,
        0
      ]
    ],
    [
      [
        0,
        43,
        80,
        36,
        44,
        40,
        10,
        41,
        27,
        25,
        26,
        55,
        71,
        33,
        29,
        13,
        27,
        74,
        41
      ],
      [
        10,
        0,
        83,
        35,
        80,
        49,
        51,
        80,
        32,
        55,
        16,
        50,
        23,
        11,
        33,
        52,
        65,
        54,
        15
      ],
      [
        38,
        23,
        0,
        54,
        54,
        71,
        19,
        77,
        59,
        51,
        84,
        42,
        84,
        68,
        11,
        51,
        72,
        29,
        37
      ],
      [
        87,
        12,
        63,
        0,
        42,
        35,
        59,
        42,
        51,
        29,
        20,
        57,
        73,
        58,
        36,
        60,
        63,
        46,
        72
      ],
      [
        35,
        80,
        26,
        29,
        0,
        12,
        31,
        41,
        76,
        10,
        30,
        70,
        47,
        83,
        18,
        86,
        89,
        33,
        44
      ],
      [
        25,
        82,
        19,
        16,
        77,
        0,
        76,
        64,
        12,
        38,
        46,
        50,
        86,
        10,
        15,
        21,
        69,
        65,
        79
      ],
      [
        76,
        56,
        41,
        33,
        39,
        82,
        0,
        42,
        20,
        82,
        62,
        52,
        43,
        75,
        22,
        81,
        56,
        79,
        20
      ],
      [
        65,
        50,
        85,
        11,
        59,
        51,
        13,
        0,
        26,
        79,
        32,
        64,
        22,
        41,
        88,
        42,
        67,
        60,
        42
      ],
      [
        35,
        54,
        59,
        58,
        50,
        79,
        28,
        31,
        0,
        53,
        52,
        48,
        54,
        58,
        57,
        88,
        76,
        13,
        59
      ],
      [
        76,
        84,
        63,
        65,
        46,
        66,
        46,
        16,
        53,
        0,
        28,
        65,
        81,
        52,
        20,
        52,
        27,
        17,
        88
      ],
      [
        62,
        19,
        44,
        78,
        90,
        48,
        40,
        49,
        88,
        52,
        0,
        76,
        38,
        79,
        69,
        42,
        81,
        86,
        79
      ],
      [
        62,
        39,
        52,
        11,
        75,
        23,
        87,
        74,
        12,
        87,
        22,
        0,
        11,
        27,
        38,
        10,
        64,
        86,
        56
      ],
      [
        52,
        14,
        75,
        14,
        10,
        14,
        73,
        23,
        57,
        20,
        36,
        45,
        0,
        78,
        67,
        17,
        63,
        54,
        32
      ],
      [
        28,
        12,
        52,
        75,
        35,
        47,
        90,
        78,
        64,
        25,
        16,
        48,
        51,
        0,
        72,
        13,
        72,
        76,
        27
      ],
      [
        82,
        69,
        45,
        33,
        68,
        52,
        10,
        23,
        68,
        17,
        60,
        59,
        37,
        14,
        0,
        18,
        28,
        67,
        18
      ],
      [
        58,
        40,
        45,
        33,
        89,
        65,
        86,
        62,
        15,
        49,
        89,
        82,
        68,
        84,
        65,
        0,
        56,
        48,
        29
      ],
      [
        21,
        16,
        64,
        70,
        84,
        66,
        42,
        74,
        90,
        10,
        49,
        48,
        57,
        55,
        67,
        38,
        0,
        70,
        44
      ],
      [
        38,
        55,
        53,
        74,
        52,
        47,
        89,
        10,
        27,
        35,
        86,
        54,
        57,
        69,
        64,
        87,
        43,
        0,
        52
      ],
      [
        12,
        84,
        72,
        75,
        10,
        14,
        86,
        40,
        30,
        46,
        42,
        71,
        31,
        36,
        42,
        86,
        72,
        14,
        0
      ]
    ],
    [
      [
        0,
        11,
        47,
        33,
        38,
        82,
        61,
        12,
        31,
        26,
        42,
        54,
        50,
        86,
        73,
        32,
        58,
        38,
        57
      ],
      [
        63,
        0,
        39,
        14,
        85,
        34,
        35,
        53,
        85,
        32,
        23,
        69,
        72,
        48,
        45,
        87,
        81,
        69,
        36
      ],
      [
        35,
        62,
        0,
        87,
        73,
        75,
        63,
        24,
        15,
        67,
        63,
        12,
        51,
        46,
        82,
        75,
        48,
        27,
        81
      ],
      [
        71,
        50,
        90,
        0,
        59,
        34,
        57,
        90,
        49,
        28,
        21,
        84,
        38,
        78,
        77,
        83,
        35,
        72,
        89
      ],
      [
        11,
        31,
        17,
        25,
        0,
        78,
        55,
        57,
        77,
        32,
        26,
        68,
        30,
        57,
        61,
        14,
        35,
        54,
        69
      ],
      [
        47,
        13,
        42,
        10,
        27,
        0,
        44,
        51,
        26,
        73,
        90,
        11,
        41,
        45,
        44,
        28,
        19,
        34,
        51
      ],
      [
        37,
        20,
        57,
        39,
        37,
        18,
        0,
        16,
        30,
        70,
        11,
        79,
        85,
        46,
        56,
        19,
        50,
        27,
        70
      ],
      [
        46,
        90,
        55,
        31,
        38,
        57,
        75,
        0,
        47,
        86,
        75,
        55,
        76,
        78,
        10,
        27,
        83,
        35,
        53
      ],
      [
        23,
        62,
        36,
        18,
        66,
        13,
        13,
        88,
        0,
        33,
        78,
        56,
        73,
        88,
        78,
        75,
        61,
        16,
        78
      ],
      [
        19,
        13,
        76,
        83,
        11,
        90,
        80,
        27,
        75,
        0,
        25,
        22,
        24,
        40,
        69,
        13,
        39,
        52,
        28
      ],
      [
        61,
        64,
        89,
        37,
        77,
        87,
        39,
        60,
        40,
        50,
        0,
        54,
        31,
        84,
        68,
        18,
        53,
        66,
        76
      ],
      [
        37,
        71,
        20,
        48,
        35,
        57,
        56,
        67,
        17,
        61,
        58,
        0,
        78,
        77,
        11,
        19,
        86,
        10,
        13
      ],
      [
        90,
        56,
        69,
        74,
        67,
        45,
        43,
        36,
        57,
        81,
        10,
        55,
        0,
        62,
        48,
        51,
        83,
        17,
        52
      ],
      [
        56,
        44,
        40,
        24,
        15,
        46,
        37,
        20,
        35,
        54,
        89,
        90,
        11,
        0,
        14,
        16,
        39,
        43,
        31
      ],
      [
        46,
        63,
        14,
        89,
        59,
        69,
        68,
        62,
        58,
        67,
        52,
        42,
        23,
        63,
        0,
        51,
        51,
        90,
        53
      ],
      [
        28,
        51,
        89,
        42,
        90,
        11,
        27,
        41,
        64,
        30,
        31,
        24,
        68,
        79,
        48,
        0,
        70,
        35,
        71
      ],
      [
        56,
        86,
        69,
        47,
        18,
        23,
        44,
        86,
        63,
        75,
        39,
        50,
        45,
        77,
        49,
        53,
        0,
        44,
        53
      ],
      [
        55,
        55,
        77,
        89,
        14,
        44,
        43,
        16,
        62,
        81,
        12,
        32,
        24,
        15,
        57,
        84,
        62,
        0,
        52
      ],
      [
        52,
        23,
        52,
        23,
        28,
        65,
        29,
        62,
        26,
        16,
        38,
        72,
        51,
        41,
        71,
        57,
        24,
        51,
        0
      ]
    ],
    [
      [
        0,
        82,
        13,
        72,
        90,
        47,
        67,
        86,
        89,
        75,
        15,
        90,
        61,
        14,
        75,
        38,
        63,
        86,
        26
      ],
      [
        88,
        0,
        55,
        81,
        38,
        74,
        67,
        73,
        32,
        60,
        59,
        83,
        78,
        25,
        60,
        20,
        26,
        52,
        42
      ],
      [
        28,
        85,
        0,
        20,
        78,
        72,
        60,
        23,
        48,
        81,
        17,
        45,
        20,
        19,
        52,
        16,
        33,
        79,
        76
      ],
      [
        54,
        43,
        48,
        0,
        61,
        10,
        27,
        52,
        12,
        18,
        13,
        90,
        88,
        42,
        19,
        78,
        55,
        10,
        55
      ],
      [
        19,
        78,
        82,
        57,
        0,
        54,
        26,
        13,
        62,
        20,
        90,
        67,
        49,
        46,
        61,
        54,
        33,
        24,
        16
      ],
      [
        51,
        84,
        10,
        76,
        70,
        0,
        90,
        88,
        48,
        77,
        21,
        42,
        59,
        68,
        39,
        67,
        12,
        47,
        63
      ],
      [
        62,
        40,
        66,
        48,
        85,
        10,
        0,
        40,
        34,
        62,
        37,
        46,
        63,
        49,
        73,
        17,
        42,
        54,
        66
      ],
      [
        59,
        30,
        83,
        81,
        50,
        33,
        67,
        0,
        20,
        38,
        55,
        17,
        24,
        13,
        12,
        89,
        39,
        31,
        45
      ],
      [
        44,
        18,
        82,
        60,
        31,
        53,
        82,
        15,
        0,
        41,
        62,
        86,
        42,
        64,
        29,
        76,
        52,
        38,
        36
      ],
      [
        75,
        24,
        55,
        34,
        46,
        30,
        89,
        58,
        66,
        0,
        55,
        65,
        60,
        23,
        39,
        14,
        34,
        72,
        73
      ],
      [
        72,
        54,
        34,
        79,
        46,
        74,
        71,
        75,
        30,
        73,
        0,
        57,
        80,
        42,
        41,
        76,
        89,
        55,
        89
      ],
      [
        12,
        17,
        83,
        33,
        76,
        36,
        69,
        42,
        59,
        51,
        10,
        0,
        68,
        73,
        67,
        55,
        72,
        31,
        75
      ],
      [
        42,
        86,
        78,
        35,
        80,
        20,
        48,
        70,
        27,
        82,
        28,
        22,
        0,
        32,
        30,
        52,
        25,
        35,
        39
      ],
      [
        73,
        26,
        42,
        62,
        65,
        51,
        28,
        20,
        51,
        30,
        34,
        45,
        69,
        0,
        56,
        39,
        76,
        39,
        34
      ],
      [
        74,
        70,
        50,
        69,
        33,
        60,
        50,
        68,
        13,
        11,
        83,
        79,
        14,
        51,
        0,
        34,
        54,
        26,
        87
      ],
      [
        45,
        16,
        82,
        28,
        15,
        68,
        21,
        62,
        71,
        66,
        73,
        25,
        51,
        51,
        19,
        0,
        75,
        31,
        40
      ],
      [
        13,
        61,
        81,
        50,
        84,
        43,
        38,
        25,
        39,
        86,
        80,
        26,
        25,
        62,
        87,
        76,
        0,
        25,
        82
      ],
      [
        69,
        26,
        45,
        33,
        46,
        56,
        59,
        50,
        31,
        11,
        76,
        51,
        34,
        86,
        72,
        59,
        16,
        0,
        55
      ],
      [
        50,
        22,
        64,
        37,
        14,
        51,
        44,
        24,
        37,
        53,
        35,
        34,
        58,
        33,
        87,
        79,
        43,
        81,
        0
      ]
    ]
  ],
  "with_setup": true,
  "family_setup": false,
  "objective": "wT",
  "identical_mch": false
}