{
  "numJob": 20,
  "numMch": 3,
  "jobs": [
    {
      "ID": 0,
      "due": 91,
      "weight": 2,
      "family": 0,
      "complete": false,
      "start": -1,
      "end": -1,
      "assignedMch": -1,
      "priority": 0
    },
    {
      "ID": 1,
      "due": 99,
      "weight": 4,
      "family": 1,
      "complete": false,
      "start": -1,
      "end": -1,
      "assignedMch": -1,
      "priority": 0
    },
    {
      "ID": 2,
      "due": 95,
      "weight": 8,
      "family": 2,
      "complete": false,
      "start": -1,
      "end": -1,
      "assignedMch": -1,
      "priority": 0
    },
    {
      "ID": 3,
      "due": 43,
      "weight": 5,
      "family": 3,
      "complete": false,
      "start": -1,
      "end": -1,
      "assignedMch": -1,
      "priority": 0
    },
    {
      "ID": 4,
      "due": 100,
      "weight": 10,
      "family": 4,
      "complete": false,
      "start": -1,
      "end": -1,
      "assignedMch": -1,
      "priority": 0
    },
    {
      "ID": 5,
      "due": 55,
      "weight": 3,
      "family": 5,
      "complete": false,
      "start": -1,
      "end": -1,
      "assignedMch": -1,
      "priority": 0
    },
    {
      "ID": 6,
      "due": 13,
      "weight": 8,
      "family": 6,
      "complete": false,
      "start": -1,
      "end": -1,
      "assignedMch": -1,
      "priority": 0
    },
    {
      "ID": 7,
      "due": 56,
      "weight": 1,
      "family": 7,
      "complete": false,
      "start": -1,
      "end": -1,
      "assignedMch": -1,
      "priority": 0
    },
    {
      "ID": 8,
      "due": 28,
      "weight": 3,
      "family": 8,
      "complete": false,
      "start": -1,
      "end": -1,
      "assignedMch": -1,
      "priority": 0
    },
    {
      "ID": 9,
      "due": 18,
      "weight": 10,
      "family": 9,
      "complete": false,
      "start": -1,
      "end": -1,
      "assignedMch": -1,
      "priority": 0
    },
    {
      "ID": 10,
      "due": 27,
      "weight": 8,
      "family": 10,
      "complete": false,
      "start": -1,
      "end": -1,
      "assignedMch": -1,
      "priority": 0
    },
    {
      "ID": 11,
      "due": 30,
      "weight": 3,
      "family": 11,
      "complete": false,
      "start": -1,
      "end": -1,
      "assignedMch": -1,
      "priority": 0
    },
    {
      "ID": 12,
      "due": 20,
      "weight": 3,
      "family": 12,
      "complete": false,
      "start": -1,
      "end": -1,
      "assignedMch": -1,
      "priority": 0
    },
    {
      "ID": 13,
      "due": 23,
      "weight": 8,
      "family": 13,
      "complete": false,
      "start": -1,
      "end": -1,
      "assignedMch": -1,
      "priority": 0
    },
    {
      "ID": 14,
      "due": 0,
      "weight": 6,
      "family": 14,
      "complete": false,
      "start": -1,
      "end": -1,
      "assignedMch": -1,
      "priority": 0
    },
    {
      "ID": 15,
      "due": 27,
      "weight": 10,
      "family": 15,
      "complete": false,
      "start": -1,
      "end": -1,
      "assignedMch": -1,
      "priority": 0
    },
    {
      "ID": 16,
      "due": 89,
      "weight": 10,
      "family": 16,
      "complete": false,
      "start": -1,
      "end": -1,
      "assignedMch": -1,
      "priority": 0
    },
    {
      "ID": 17,
      "due": 32,
      "weight": 4,
      "family": 17,
      "complete": false,
      "start": -1,
      "end": -1,
      "assignedMch": -1,
      "priority": 0
    },
    {
      "ID": 18,
      "due": 12,
      "weight": 7,
      "family": 18,
      "complete": false,
      "start": -1,
      "end": -1,
      "assignedMch": -1,
      "priority": 0
    },
    {
      "ID": 19,
      "due": 103,
      "weight": 8,
      "family": 19,
      "complete": false,
      "start": -1,
      "end": -1,
      "assignedMch": -1,
      "priority": 0
    }
  ],
  "machines": [
    {
      "ID": 0,
      "available": 0,
      "assigned": [],
      "setup": [
        [
          0,
          25,
          67,
          58,
          87,
          41,
          28,
          28,
          22,
          72,
          12,
          58,
          67,
          25,
          66,
          23,
          80,
          13,
          73,
          32
        ],
        [
          70,
          0,
          82,
          56,
          26,
          32,
          50,
          29,
          54,
          63,
          87,
          56,
          88,
          20,
          44,
          65,
          87,
          40,
          39,
          50
        ],
        [
          62,
          88,
          0,
          24,
          63,
          36,
          68,
          31,
          58,
          30,
          55,
          24,
          16,
          70,
          71,
          14,
          18,
          40,
          80,
          72
        ],
        [
          65,
          70,
          82,
          0,
          60,
          69,
          39,
          39,
          43,
          58,
          10,
          64,
          17,
          17,
          46,
          16,
          73,
          48,
          24,
          71
        ],
        [
          83,
          43,
          70,
          73,
          0,
          15,
          29,
          64,
          22,
          64,
          41,
          90,
          15,
          59,
          76,
          56,
          81,
          12,
          69,
          58
        ],
        [
          23,
          77,
          20,
          66,
          59,
          0,
          28,
          38,
          31,
          41,
          26,
          88,
          56,
          12,
          55,
          76,
          21,
          41,
          82,
          35
        ],
        [
          19,
          21,
          44,
          61,
          62,
          23,
          0,
          90,
          34,
          36,
          63,
          18,
          78,
          70,
          14,
          58,
          66,
          72,
          86,
          19
        ],
        [
          45,
          11,
          78,
          89,
          51,
          73,
          17,
          0,
          45,
          87,
          76,
          32,
          87,
          10,
          35,
          18,
          50,
          46,
          74,
          80
        ],
        [
          80,
          30,
          20,
          14,
          26,
          17,
          37,
          71,
          0,
          37,
          68,
          72,
          64,
          36,
          77,
          64,
          29,
          57,
          15,
          54
        ],
        [
          66,
          24,
          90,
          83,
          34,
          69,
          39,
          14,
          11,
          0,
          79,
          46,
          37,
          67,
          63,
          54,
          28,
          82,
          67,
          27
        ],
        [
          28,
          82,
          86,
          12,
          84,
          47,
          12,
          67,
          35,
          50,
          0,
          80,
          63,
          14,
          45,
          66,
          10,
          20,
          37,
          61
        ],
        [
          48,
          53,
          67,
          75,
          90,
          56,
          31,
          47,
          37,
          87,
          39,
          0,
          80,
          23,
          58,
          69,
          10,
          75,
          57,
          28
        ],
        [
          22,
          71,
          53,
          45,
          33,
          72,
          31,
          51,
          37,
          56,
          73,
          79,
          0,
          61,
          30,
          75,
          33,
          29,
          12,
          65
        ],
        [
          81,
          52,
          10,
          61,
          43,
          27,
          63,
          50,
          14,
          61,
          74,
          34,
          55,
          0,
          63,
          33,
          41,
          35,
          17,
          75
        ],
        [
          19,
          11,
          64,
          34,
          43,
          60,
          52,
          28,
          84,
          12,
          17,
          26,
          54,
          75,
          0,
          43,
          62,
          35,
          19,
          86
        ],
        [
          36,
          74,
          65,
          13,
          67,
          80,
          27,
          87,
          44,
          76,
          68,
          76,
          64,
          66,
          33,
          0,
          40,
          74,
          60,
          72
        ],
        [
          43,
          69,
          89,
          42,
          45,
          36,
          52,
          49,
          75,
          49,
          19,
          48,
          25,
          65,
          61,
          25,
          0,
          81,
          45,
          20
        ],
        [
          82,
          16,
          31,
          16,
          28,
          49,
          32,
          39,
          57,
          52,
          52,
          35,
          61,
          82,
          79,
          25,
          52,
          0,
          62,
          46
        ],
        [
          17,
          55,
          23,
          32,
          65,
          43,
          87,
          47,
          66,
          80,
          35,
          59,
          60,
          83,
          73,
          84,
          35,
          29,
          0,
          39
        ],
        [
          53,
          66,
          12,
          19,
          26,
          67,
          26,
          15,
          65,
          40,
          28,
          33,
          11,
          12,
          76,
          58,
          72,
          70,
          39,
          0
        ]
      ],
      "ptime": [
        50,
        38,
        54,
        37,
        60,
        59,
        42,
        52,
        47,
        55,
        31,
        48,
        60,
        53,
        54,
        55,
        57,
        31,
        58,
        51
      ],
      "schedules": [],
      "priority": 0
    },
    {
      "ID": 1,
      "available": 0,
      "assigned": [],
      "setup": [
        [
          0,
          56,
          53,
          13,
          57,
          86,
          41,
          29,
          28,
          14,
          60,
          25,
          38,
          13,
          27,
          56,
          80,
          65,
          11,
          73
        ],
        [
          56,
          0,
          56,
          55,
          48,
          19,
          78,
          12,
          32,
          48,
          65,
          31,
          66,
          17,
          56,
          57,
          67,
          89,
          78,
          59
        ],
        [
          50,
          27,
          0,
          23,
          52,
          64,
          30,
          36,
          75,
          63,
          74,
          81,
          22,
          83,
          19,
          16,
          70,
          47,
          89,
          19
        ],
        [
          37,
          43,
          46,
          0,
          25,
          80,
          41,
          38,
          32,
          49,
          23,
          80,
          62,
          75,
          36,
          54,
          23,
          22,
          53,
          38
        ],
        [
          13,
          27,
          71,
          72,
          0,
          17,
          72,
          87,
          82,
          46,
          44,
          82,
          46,
          46,
          69,
          89,
          72,
          86,
          26,
          60
        ],
        [
          42,
          11,
          80,
          87,
          57,
          0,
          13,
          79,
          17,
          55,
          19,
          75,
          63,
          39,
          69,
          87,
          64,
          69,
          58,
          72
        ],
        [
          10,
          44,
          79,
          62,
          28,
          30,
          0,
          69,
          72,
          25,
          68,
          61,
          89,
          87,
          17,
          30,
          73,
          22,
          42,
          65
        ],
        [
          12,
          12,
          88,
          53,
          85,
          18,
          14,
          0,
          63,
          88,
          84,
          63,
          76,
          56,
          62,
          56,
          33,
          42,
          83,
          46
        ],
        [
          33,
          77,
          34,
          10,
          59,
          50,
          21,
          89,
          0,
          21,
          38,
          76,
          20,
          47,
          33,
          31,
          59,
          48,
          24,
          33
        ],
        [
          89,
          36,
          67,
          55,
          12,
          79,
          28,
          26,
          11,
          0,
          23,
          68,
          75,
          12,
          55,
          24,
          58,
          62,
          57,
          68
        ],
        [
          74,
          61,
          65,
          88,
          26,
          47,
          63,
          42,
          35,
          66,
          0,
          38,
          71,
          50,
          49,
          81,
          28,
          67,
          83,
          46
        ],
        [
          50,
          33,
          21,
          61,
          51,
          39,
          85,
          26,
          44,
          76,
          75,
          0,
          27,
          36,
          48,
          86,
          47,
          65,
          90,
          12
        ],
        [
          11,
          49,
          71,
          87,
          79,
          51,
          75,
          39,
          52,
          34,
          71,
          57,
          0,
          35,
          40,
          47,
          66,
          22,
          86,
          38
        ],
        [
          45,
          79,
          58,
          84,
          66,
          10,
          36,
          89,
          11,
          43,
          72,
          70,
          48,
          0,
          58,
          25,
          15,
          25,
          57,
          62
        ],
        [
          48,
          60,
          57,
          60,
          29,
          37,
          16,
          49,
          54,
          83,
          68,
          20,
          20,
          60,
          0,
          79,
          18,
          80,
          18,
          22
        ],
        [
          26,
          23,
          15,
          60,
          35,
          75,
          59,
          50,
          80,
          48,
          83,
          70,
          47,
          46,
          82,
          0,
          34,
          67,
          69,
          22
        ],
        [
          76,
          80,
          69,
          46,
          85,
          78,
          47,
          38,
          29,
          14,
          87,
          58,
          27,
          72,
          28,
          27,
          0,
          64,
          75,
          58
        ],
        [
          31,
          81,
          57,
          49,
          45,
          44,
          57,
          60,
          76,
          75,
          55,
          40,
          57,
          12,
          41,
          30,
          63,
          0,
          78,
          48
        ],
        [
          14,
          60,
          27,
          80,
          65,
          85,
          34,
          23,
          31,
          18,
          39,
          80,
          47,
          72,
          28,
          12,
          19,
          24,
          0,
          35
        ],
        [
          64,
          11,
          56,
          68,
          74,
          55,
          34,
          66,
          73,
          62,
          16,
          56,
          20,
          41,
          51,
          60,
          52,
          17,
          33,
          0
        ]
      ],
      "ptime": [
        33,
        59,
        38,
        50,
        41,
        57,
        46,
        58,
        32,
        49,
        36,
        53,
        45,
        45,
        56,
        52,
        60,
        52,
        33,
        44
      ],
      "schedules": [],
      "priority": 0
    },
    {
      "ID": 2,
      "available": 0,
      "assigned": [],
      "setup": [
        [
          0,
          77,
          55,
          46,
          14,
          21,
          90,
          85,
          85,
          76,
          17,
          49,
          76,
          12,
          81,
          24,
          85,
          14,
          54,
          17
        ],
        [
          79,
          0,
          22,
          33,
          25,
          79,
          47,
          52,
          54,
          61,
          34,
          50,
          26,
          15,
          13,
          84,
          58,
          18,
          60,
          20
        ],
        [
          39,
          10,
          0,
          47,
          32,
          68,
          60,
          39,
          36,
          43,
          19,
          83,
          12,
          51,
          11,
          59,
          42,
          79,
          63,
          75
        ],
        [
          63,
          37,
          21,
          0,
          18,
          50,
          23,
          89,
          18,
          70,
          48,
          30,
          71,
          84,
          56,
          88,
          48,
          87,
          52,
          72
        ],
        [
          53,
          10,
          34,
          41,
          0,
          37,
          65,
          90,
          82,
          90,
          80,
          68,
          48,
          58,
          19,
          13,
          17,
          53,
          78,
          88
        ],
        [
          38,
          43,
          26,
          74,
          14,
          0,
          37,
          60,
          82,
          84,
          50,
          82,
          89,
          53,
          90,
          86,
          17,
          26,
          74,
          24
        ],
        [
          50,
          16,
          56,
          54,
          57,
          67,
          0,
          81,
          90,
          29,
          64,
          40,
          29,
          55,
          27,
          49,
          39,
          40,
          56,
          26
        ],
        [
          31,
          64,
          48,
          41,
          31,
          10,
          60,
          0,
          15,
          63,
          38,
          44,
          81,
          47,
          87,
          84,
          16,
          54,
          31,
          46
        ],
        [
          51,
          80,
          21,
          28,
          23,
          16,
          27,
          76,
          0,
          15,
          22,
          25,
          24,
          14,
          43,
          19,
          90,
          61,
          19,
          68
        ],
        [
          69,
          76,
          82,
          23,
          46,
          52,
          27,
          46,
          74,
          0,
          12,
          70,
          44,
          21,
          82,
          50,
          17,
          49,
          32,
          35
        ],
        [
          43,
          39,
          38,
          74,
          24,
          61,
          48,
          88,
          20,
          90,
          0,
          75,
          65,
          84,
          39,
          19,
          42,
          17,
          68,
          46
        ],
        [
          58,
          63,
          31,
          85,
          40,
          73,
          66,
          36,
          24,
          28,
          81,
          0,
          18,
          11,
          39,
          17,
          18,
          20,
          27,
          18
        ],
        [
          42,
          39,
          34,
          10,
          90,
          84,
          44,
          49,
          71,
          45,
          74,
          83,
          0,
          39,
          70,
          51,
          51,
          73,
          47,
          53
        ],
        [
          44,
          36,
          71,
          15,
          35,
          74,
          72,
          52,
          69,
          64,
          23,
          56,
          33,
          0,
          59,
          30,
          39,
          51,
          74,
          25
        ],
        [
          39,
          50,
          10,
          75,
          55,
          41,
          58,
          78,
          55,
          14,
          59,
          59,
          31,
          41,
          0,
          18,
          62,
          36,
          80,
          35
        ],
        [
          31,
          90,
          27,
          39,
          30,
          12,
          61,
          47,
          16,
          71,
          26,
          51,
          60,
          58,
          28,
          0,
          83,
          59,
          47,
          62
        ],
        [
          45,
          81,
          17,
          17,
          29,
          45,
          44,
          58,
          16,
          60,
          19,
          53,
          33,
          21,
          19,
          71,
          0,
          53,
          29,
          87
        ],
        [
          74,
          30,
          26,
          26,
          45,
          12,
          56,
          81,
          72,
          52,
          53,
          25,
          20,
          54,
          85,
          79,
          45,
          0,
          83,
          86
        ],
        [
          82,
          85,
          64,
          66,
          75,
          13,
          89,
          88,
          54,
          23,
          86,
          19,
          73,
          32,
          20,
          88,
          65,
          18,
          0,
          28
        ],
        [
          68,
          85,
          82,
          90,
          59,
          82,
          64,
          23,
          78,
          73,
          57,
          30,
          38,
          39,
          76,
          59,
          75,
          39,
          69,
          0
        ]
      ],
      "ptime": [
        53,
        37,
        47,
        58,
        33,
        59,
        41,
        31,
        31,
        52,
        55,
        32,
        36,
        31,
        57,
        60,
        34,
        54,
        47,
        47
      ],
      "schedules": [],
      "priority": 0
    }
  ],
  "ptime": [
    [
      50,
      38,
      54,
      37,
      60,
      59,
      42,
      52,
      47,
      55,
      31,
      48,
      60,
      53,
      54,
      55,
      57,
      31,
      58,
      51
    ],
    [
      33,
      59,
      38,
      50,
      41,
      57,
      46,
      58,
      32,
      49,
      36,
      53,
      45,
      45,
      56,
      52,
      60,
      52,
      33,
      44
    ],
    [
      53,
      37,
      47,
      58,
      33,
      59,
      41,
      31,
      31,
      52,
      55,
      32,
      36,
      31,
      57,
      60,
      34,
      54,
      47,
      47
    ]
  ],
  "setup": [
    [
      [
        0,
        25,
        67,
        58,
        87,
        41,
        28,
        28,
        22,
        72,
        12,
        58,
        67,
        25,
        66,
        23,
        80,
        13,
        73,
        32
      ],
      [
        70,
        0,
        82,
        56,
        26,
        32,
        50,
        29,
        54,
        63,
        87,
        56,
        88,
        20,
        44,
        65,
        87,
        40,
        39,
        50
      ],
      [
        62,
        88,
        0,
        24,
        63,
        36,
        68,
        31,
        58,
        30,
        55,
        24,
        16,
        70,
        71,
        14,
        18,
        40,
        80,
        72
      ],
      [
        65,
        70,
        82,
        0,
        60,
        69,
        39,
        39,
        43,
        58,
        10,
        64,
        17,
        17,
        46,
        16,
        73,
        48,
        24,
        71
      ],
      [
        83,
        43,
        70,
        73,
        0,
        15,
        29,
        64,
        22,
        64,
        41,
        90,
        15,
        59,
        76,
        56,
        81,
        12,
        69,
        58
      ],
      [
        23,
        77,
        20,
        66,
        59,
        0,
        28,
        38,
        31,
        41,
        26,
        88,
        56,
        12,
        55,
        76,
        21,
        41,
        82,
        35
      ],
      [
        19,
        21,
        44,
        61,
        62,
        23,
        0,
        90,
        34,
        36,
        63,
        18,
        78,
        70,
        14,
        58,
        66,
        72,
        86,
        19
      ],
      [
        45,
        11,
        78,
        89,
        51,
        73,
        17,
        0,
        45,
        87,
        76,
        32,
        87,
        10,
        35,
        18,
        50,
        46,
        74,
        80
      ],
      [
        80,
        30,
        20,
        14,
        26,
        17,
        37,
        71,
        0,
        37,
        68,
        72,
        64,
        36,
        77,
        64,
        29,
        57,
        15,
        54
      ],
      [
        66,
        24,
        90,
        83,
        34,
        69,
        39,
        14,
        11,
        0,
        79,
        46,
        37,
        67,
        63,
        54,
        28,
        82,
        67,
        27
      ],
      [
        28,
        82,
        86,
        12,
        84,
        47,
        12,
        67,
        35,
        50,
        0,
        80,
        63,
        14,
        45,
        66,
        10,
        20,
        37,
        61
      ],
      [
        48,
        53,
        67,
        75,
        90,
        56,
        31,
        47,
        37,
        87,
        39,
        0,
        80,
        23,
        58,
        69,
        10,
        75,
        57,
        28
      ],
      [
        22,
        71,
        53,
        45,
        33,
        72,
        31,
        51,
        37,
        56,
        73,
        79,
        0,
        61,
        30,
        75,
        33,
        29,
        12,
        65
      ],
      [
        81,
        52,
        10,
        61,
        43,
        27,
        63,
        50,
        14,
        61,
        74,
        34,
        55,
        0,
        63,
        33,
        41,
        35,
        17,
        75
      ],
      [
        19,
        11,
        64,
        34,
        43,
        60,
        52,
        28,
        84,
        12,
        17,
        26,
        54,
        75,
        0,
        43,
        62,
        35,
        19,
        86
      ],
      [
        36,
        74,
        65,
        13,
        67,
        80,
        27,
        87,
        44,
        76,
        68,
        76,
        64,
        66,
        33,
        0,
        40,
        74,
        60,
        72
      ],
      [
        43,
        69,
        89,
        42,
        45,
        36,
        52,
        49,
        75,
        49,
        19,
        48,
        25,
        65,
        61,
        25,
        0,
        81,
        45,
        20
      ],
      [
        82,
        16,
        31,
        16,
        28,
        49,
        32,
        39,
        57,
        52,
        52,
        35,
        61,
        82,
        79,
        25,
        52,
        0,
        62,
        46
      ],
      [
        17,
        55,
        23,
        32,
        65,
        43,
        87,
        47,
        66,
        80,
        35,
        59,
        60,
        83,
        73,
        84,
        35,
        29,
        0,
        39
      ],
      [
        53,
        66,
        12,
        19,
        26,
        67,
        26,
        15,
        65,
        40,
        28,
        33,
        11,
        12,
        76,
        58,
        72,
        70,
        39,
        0
      ]
    ],
    [
      [
        0,
        56,
        53,
        13,
        57,
        86,
        41,
        29,
        28,
        14,
        60,
        25,
        38,
        13,
        27,
        56,
        80,
        65,
        11,
        73
      ],
      [
        56,
        0,
        56,
        55,
        48,
        19,
        78,
        12,
        32,
        48,
        65,
        31,
        66,
        17,
        56,
        57,
        67,
        89,
        78,
        59
      ],
      [
        50,
        27,
        0,
        23,
        52,
        64,
        30,
        36,
        75,
        63,
        74,
        81,
        22,
        83,
        19,
        16,
        70,
        47,
        89,
        19
      ],
      [
        37,
        43,
        46,
        0,
        25,
        80,
        41,
        38,
        32,
        49,
        23,
        80,
        62,
        75,
        36,
        54,
        23,
        22,
        53,
        38
      ],
      [
        13,
        27,
        71,
        72,
        0,
        17,
        72,
        87,
        82,
        46,
        44,
        82,
        46,
        46,
        69,
        89,
        72,
        86,
        26,
        60
      ],
      [
        42,
        11,
        80,
        87,
        57,
        0,
        13,
        79,
        17,
        55,
        19,
        75,
        63,
        39,
        69,
        87,
        64,
        69,
        58,
        72
      ],
      [
        10,
        44,
        79,
        62,
        28,
        30,
        0,
        69,
        72,
        25,
        68,
        61,
        89,
        87,
        17,
        30,
        73,
        22,
        42,
        65
      ],
      [
        12,
        12,
        88,
        53,
        85,
        18,
        14,
        0,
        63,
        88,
        84,
        63,
        76,
        56,
        62,
        56,
        33,
        42,
        83,
        46
      ],
      [
        33,
        77,
        34,
        10,
        59,
        50,
        21,
        89,
        0,
        21,
        38,
        76,
        20,
        47,
        33,
        31,
        59,
        48,
        24,
        33
      ],
      [
        89,
        36,
        67,
        55,
        12,
        79,
        28,
        26,
        11,
        0,
        23,
        68,
        75,
        12,
        55,
        24,
        58,
        62,
        57,
        68
      ],
      [
        74,
        61,
        65,
        88,
        26,
        47,
        63,
        42,
        35,
        66,
        0,
        38,
        71,
        50,
        49,
        81,
        28,
        67,
        83,
        46
      ],
      [
        50,
        33,
        21,
        61,
        51,
        39,
        85,
        26,
        44,
        76,
        75,
        0,
        27,
        36,
        48,
        86,
        47,
        65,
        90,
        12
      ],
      [
        11,
        49,
        71,
        87,
        79,
        51,
        75,
        39,
        52,
        34,
        71,
        57,
        0,
        35,
        40,
        47,
        66,
        22,
        86,
        38
      ],
      [
        45,
        79,
        58,
        84,
        66,
        10,
        36,
        89,
        11,
        43,
        72,
        70,
        48,
        0,
        58,
        25,
        15,
        25,
        57,
        62
      ],
      [
        48,
        60,
        57,
        60,
        29,
        37,
        16,
        49,
        54,
        83,
        68,
        20,
        20,
        60,
        0,
        79,
        18,
        80,
        18,
        22
      ],
      [
        26,
        23,
        15,
        60,
        35,
        75,
        59,
        50,
        80,
        48,
        83,
        70,
        47,
        46,
        82,
        0,
        34,
        67,
        69,
        22
      ],
      [
        76,
        80,
        69,
        46,
        85,
        78,
        47,
        38,
        29,
        14,
        87,
        58,
        27,
        72,
        28,
        27,
        0,
        64,
        75,
        58
      ],
      [
        31,
        81,
        57,
        49,
        45,
        44,
        57,
        60,
        76,
        75,
        55,
        40,
        57,
        12,
        41,
        30,
        63,
        0,
        78,
        48
      ],
      [
        14,
        60,
        27,
        80,
        65,
        85,
        34,
        23,
        31,
        18,
        39,
        80,
        47,
        72,
        28,
        12,
        19,
        24,
        0,
        35
      ],
      [
        64,
        11,
        56,
        68,
        74,
        55,
        34,
        66,
        73,
        62,
        16,
        56,
        20,
        41,
        51,
        60,
        52,
        17,
        33,
        0
      ]
    ],
    [
      [
        0,
        77,
        55,
        46,
        14,
        21,
        90,
        85,
        85,
        76,
        17,
        49,
        76,
        12,
        81,
        24,
        85,
        14,
        54,
        17
      ],
      [
        79,
        0,
        22,
        33,
        25,
        79,
        47,
        52,
        54,
        61,
        34,
        50,
        26,
        15,
        13,
        84,
        58,
        18,
        60,
        20
      ],
      [
        39,
        10,
        0,
        47,
        32,
        68,
        60,
        39,
        36,
        43,
        19,
        83,
        12,
        51,
        11,
        59,
        42,
        79,
        63,
        75
      ],
      [
        63,
        37,
        21,
        0,
        18,
        50,
        23,
        89,
        18,
        70,
        48,
        30,
        71,
        84,
        56,
        88,
        48,
        87,
        52,
        72
      ],
      [
        53,
        10,
        34,
        41,
        0,
        37,
        65,
        90,
        82,
        90,
        80,
        68,
        48,
        58,
        19,
        13,
        17,
        53,
        78,
        88
      ],
      [
        38,
        43,
        26,
        74,
        14,
        0,
        37,
        60,
        82,
        84,
        50,
        82,
        89,
        53,
        90,
        86,
        17,
        26,
        74,
        24
      ],
      [
        50,
        16,
        56,
        54,
        57,
        67,
        0,
        81,
        90,
        29,
        64,
        40,
        29,
        55,
        27,
        49,
        39,
        40,
        56,
        26
      ],
      [
        31,
        64,
        48,
        41,
        31,
        10,
        60,
        0,
        15,
        63,
        38,
        44,
        81,
        47,
        87,
        84,
        16,
        54,
        31,
        46
      ],
      [
        51,
        80,
        21,
        28,
        23,
        16,
        27,
        76,
        0,
        15,
        22,
        25,
        24,
        14,
        43,
        19,
        90,
        61,
        19,
        68
      ],
      [
        69,
        76,
        82,
        23,
        46,
        52,
        27,
        46,
        74,
        0,
        12,
        70,
        44,
        21,
        82,
        50,
        17,
        49,
        32,
        35
      ],
      [
        43,
        39,
        38,
        74,
        24,
        61,
        48,
        88,
        20,
        90,
        0,
        75,
        65,
        84,
        39,
        19,
        42,
        17,
        68,
        46
      ],
      [
        58,
        63,
        31,
        85,
        40,
        73,
        66,
        36,
        24,
        28,
        81,
        0,
        18,
        11,
        39,
        17,
        18,
        20,
        27,
        18
      ],
      [
        42,
        39,
        34,
        10,
        90,
        84,
        44,
        49,
        71,
        45,
        74,
        83,
        0,
        39,
        70,
        51,
        51,
        73,
        47,
        53
      ],
      [
        44,
        36,
        71,
        15,
        35,
        74,
        72,
        52,
        69,
        64,
        23,
        56,
        33,
        0,
        59,
        30,
        39,
        51,
        74,
        25
      ],
      [
        39,
        50,
        10,
        75,
        55,
        41,
        58,
        78,
        55,
        14,
        59,
        59,
        31,
        41,
        0,
        18,
        62,
        36,
        80,
        35
      ],
      [
        31,
        90,
        27,
        39,
        30,
        12,
        61,
        47,
        16,
        71,
        26,
        51,
        60,
        58,
        28,
        0,
        83,
        59,
        47,
        62
      ],
      [
        45,
        81,
        17,
        17,
        29,
        45,
        44,
        58,
        16,
        60,
        19,
        53,
        33,
        21,
        19,
        71,
        0,
        53,
        29,
        87
      ],
      [
        74,
        30,
        26,
        26,
        45,
        12,
        56,
        81,
        72,
        52,
        53,
        25,
        20,
        54,
        85,
        79,
        45,
        0,
        83,
        86
      ],
      [
        82,
        85,
        64,
        66,
        75,
        13,
        89,
        88,
        54,
        23,
        86,
        19,
        73,
        32,
        20,
        88,
        65,
        18,
        0,
        28
      ],
      [
        68,
        85,
        82,
        90,
        59,
        82,
        64,
        23,
        78,
        73,
        57,
        30,
        38,
        39,
        76,
        59,
        75,
        39,
        69,
        0
      ]
    ]
  ],
  "with_setup": true,
  "family_setup": false,
  "objective": "wT",
  "identical_mch": false
}