{
  "numJob": 16,
  "numMch": 4,
  "jobs": [
    {
      "ID": 0,
      "due": 9,
      "weight": 4,
      "family": 0,
      "complete": false,
      "start": -1,
      "end": -1,
      "assignedMch": -1,
      "priority": 0
    },
    {
      "ID": 1,
      "due": 34,
      "weight": 5,
      "family": 1,
      "complete": false,
      "start": -1,
      "end": -1,
      "assignedMch": -1,
      "priority": 0
    },
    {
      "ID": 2,
      "due": 48,
      "weight": 6,
      "family": 2,
      "complete": false,
      "start": -1,
      "end": -1,
      "assignedMch": -1,
      "priority": 0
    },
    {
      "ID": 3,
      "due": 19,
      "weight": 10,
      "family": 3,
      "complete": false,
      "start": -1,
      "end": -1,
      "assignedMch": -1,
      "priority": 0
    },
    {
      "ID": 4,
      "due": 42,
      "weight": 4,
      "family": 4,
      "complete": false,
      "start": -1,
      "end": -1,
      "assignedMch": -1,
      "priority": 0
    },
    {
      "ID": 5,
      "due": 1,
      "weight": 6,
      "family": 5,
      "complete": false,
      "start": -1,
      "end": -1,
      "assignedMch": -1,
      "priority": 0
    },
    {
      "ID": 6,
      "due": 6,
      "weight": 7,
      "family": 6,
      "complete": false,
      "start": -1,
      "end": -1,
      "assignedMch": -1,
      "priority": 0
    },
    {
      "ID": 7,
      "due": 59,
      "weight": 5,
      "family": 7,
      "complete": false,
      "start": -1,
      "end": -1,
      "assignedMch": -1,
      "priority": 0
    },
    {
      "ID": 8,
      "due": 47,
      "weight": 5,
      "family": 8,
      "complete": false,
      "start": -1,
      "end": -1,
      "assignedMch": -1,
      "priority": 0
    },
    {
      "ID": 9,
      "due": 36,
      "weight": 4,
      "family": 9,
      "complete": false,
      "start": -1,
      "end": -1,
      "assignedMch": -1,
      "priority": 0
    },
    {
      "ID": 10,
      "due": 20,
      "weight": 3,
      "family": 10,
      "complete": false,
      "start": -1,
      "end": -1,
      "assignedMch": -1,
      "priority": 0
    },
    {
      "ID": 11,
      "due": 42,
      "weight": 3,
      "family": 11,
      "complete": false,
      "start": -1,
      "end": -1,
      "assignedMch": -1,
      "priority": 0
    },
    {
      "ID": 12,
      "due": 28,
      "weight": 3,
      "family": 12,
      "complete": false,
      "start": -1,
      "end": -1,
      "assignedMch": -1,
      "priority": 0
    },
    {
      "ID": 13,
      "due": 7,
      "weight": 8,
      "family": 13,
      "complete": false,
      "start": -1,
      "end": -1,
      "assignedMch": -1,
      "priority": 0
    },
    {
      "ID": 14,
      "due": 36,
      "weight": 10,
      "family": 14,
      "complete": false,
      "start": -1,
      "end": -1,
      "assignedMch": -1,
      "priority": 0
    },
    {
      "ID": 15,
      "due": 19,
      "weight": 7,
      "family": 15,
      "complete": false,
      "start": -1,
      "end": -1,
      "assignedMch": -1,
      "priority": 0
    }
  ],
  "machines": [
    {
      "ID": 0,
      "available": 0,
      "assigned": [],
      "setup": [
        [
          0,
          90,
          48,
          33,
          47,
          47,
          42,
          32,
          31,
          72,
          19,
          85,
          90,
          34,
          33,
          53
        ],
        [
          60,
          0,
          54,
          51,
          51,
          88,
          83,
          27,
          23,
          73,
          41,
          27,
          48,
          32,
          86,
          67
        ],
        [
          23,
          65,
          0,
          81,
          74,
          31,
          75,
          55,
          10,
          55,
          17,
          25,
          85,
          83,
          14,
          43
        ],
        [
          54,
          89,
          89,
          0,
          27,
          43,
          73,
          68,
          10,
          46,
          69,
          84,
          33,
          86,
          21,
          77
        ],
        [
          37,
          87,
          55,
          38,
          0,
          35,
          19,
          30,
          87,
          85,
          12,
          56,
          80,
          84,
          89,
          47
        ],
        [
          78,
          40,
          61,
          75,
          49,
          0,
          86,
          45,
          69,
          80,
          39,
          50,
          86,
          82,
          60,
          83
        ],
        [
          35,
          39,
          20,
          39,
          86,
          18,
          0,
          14,
          41,
          22,
          53,
          31,
          56,
          70,
          85,
          61
        ],
        [
          66,
          49,
          47,
          53,
          78,
          64,
          88,
          0,
          90,
          48,
          45,
          14,
          60,
          78,
          83,
          88
        ],
        [
          42,
          36,
          54,
          22,
          67,
          32,
          38,
          19,
          0,
          86,
          34,
          83,
          64,
          45,
          61,
          89
        ],
        [
          73,
          25,
          72,
          84,
          17,
          84,
          71,
          79,
          12,
          0,
          87,
          28,
          36,
          79,
          11,
          56
        ],
        [
          63,
          70,
          66,
          20,
          24,
          85,
          68,
          33,
          27,
          15,
          0,
          55,
          31,
          41,
          54,
          31
        ],
        [
          14,
          70,
          18,
          39,
          72,
          77,
          11,
          43,
          85,
          63,
          87,
          0,
          56,
          21,
          58,
          82
        ],
        [
          40,
          64,
          48,
          16,
          73,
          39,
          56,
          43,
          39,
          21,
          49,
          36,
          0,
          80,
          34,
          24
        ],
        [
          63,
          68,
          35,
          58,
          77,
          88,
          85,
          65,
          26,
          81,
          52,
          43,
          37,
          0,
          21,
          87
        ],
        [
          21,
          71,
          75,
          20,
          50,
          34,
          22,
          84,
          36,
          30,
          61,
          14,
          54,
          13,
          0,
          61
        ],
        [
          54,
          52,
          41,
          21,
          32,
          19,
          65,
          58,
          13,
          89,
          34,
          51,
          59,
          76,
          19,
          0
        ]
      ],
      "ptime": [
        34,
        39,
        42,
        47,
        35,
        38,
        59,
        32,
        40,
        53,
        42,
        34,
        34,
        56,
        33,
        49
      ],
      "schedules": [],
      "priority": 0
    },
    {
      "ID": 1,
      "available": 0,
      "assigned": [],
      "setup": [
        [
          0,
          30,
          38,
          24,
          48,
          22,
          74,
          37,
          15,
          10,
          74,
          36,
          74,
          35,
          68,
          59
        ],
        [
          19,
          0,
          71,
          87,
          16,
          44,
          30,
          27,
          50,
          26,
          15,
          73,
          67,
          27,
          63,
          52
        ],
        [
          11,
          54,
          0,
          24,
          39,
          88,
          69,
          29,
          42,
          66,
          85,
          48,
          57,
          19,
          69,
          33
        ],
        [
          88,
          19,
          85,
          0,
          82,
          69,
          58,
          29,
          42,
          63,
          87,
          71,
          51,
          81,
          59,
          68
        ],
        [
          90,
          88,
          34,
          39,
          0,
          54,
          22,
          66,
          33,
          30,
          76,
          90,
          29,
          79,
          52,
          27
        ],
        [
          75,
          18,
          10,
          49,
          78,
          0,
          15,
          78,
          47,
          79,
          54,
          57,
          47,
          63,
          81,
          38
        ],
        [
          33,
          39,
          61,
          28,
          89,
          82,
          0,
          87,
          15,
          37,
          87,
          46,
          19,
          47,
          41,
          49
        ],
        [
          90,
          49,
          40,
          45,
          87,
          51,
          62,
          0,
          75,
          26,
          25,
          13,
          90,
          37,
          25,
          11
        ],
        [
          48,
          20,
          70,
          60,
          74,
          33,
          23,
          48,
          0,
          52,
          37,
          47,
          87,
          48,
          55,
          83
        ],
        [
          89,
          70,
          63,
          10,
          66,
          19,
          32,
          15,
          46,
          0,
          52,
          22,
          75,
          45,
          87,
          87
        ],
        [
          48,
          88,
          15,
          45,
          10,
          39,
          55,
          88,
          47,
          67,
          0,
          55,
          66,
          72,
          87,
          53
        ],
        [
          82,
          84,
          57,
          71,
          51,
          76,
          44,
          56,
          58,
          68,
          25,
          0,
          63,
          83,
          47,
          57
        ],
        [
          49,
          69,
          23,
          38,
          29,
          79,
          68,
          85,
          30,
          59,
          45,
          51,
          0,
          66,
          24,
          29
        ],
        [
          60,
          42,
          24,
          72,
          81,
          49,
          82,
          33,
          31,
          81,
          38,
          60,
          72,
          0,
          55,
          25
        ],
        [
          10,
          34,
          62,
          32,
          85,
          46,
          42,
          90,
          21,
          18,
          11,
          89,
          11,
          14,
          0,
          81
        ],
        [
          42,
          26,
          65,
          32,
          64,
          67,
          21,
          61,
          32,
          23,
          57,
          30,
          24,
          46,
          67,
          0
        ]
      ],
      "ptime": [
        35,
        42,
        31,
        44,
        46,
        50,
        44,
        49,
        46,
        52,
        59,
        31,
        33,
        37,
        57,
        46
      ],
      "schedules": [],
      "priority": 0
    },
    {
      "ID": 2,
      "available": 0,
      "assigned": [],
      "setup": [
        [
          0,
          86,
          69,
          87,
          21,
          72,
          58,
          56,
          79,
          77,
          65,
          10,
          36,
          49,
          83,
          83
        ],
        [
          25,
          0,
          10,
          21,
          25,
          40,
          17,
          89,
          82,
          35,
          44,
          27,
          22,
          71,
          88,
          43
        ],
        [
          67,
          44,
          0,
          31,
          75,
          24,
          28,
          82,
          69,
          46,
          60,
          65,
          52,
          18,
          65,
          15
        ],
        [
          46,
          33,
          13,
          0,
          36,
          75,
          70,
          81,
          48,
          27,
          73,
          68,
          70,
          19,
          68,
          16
        ],
        [
          31,
          58,
          65,
          39,
          0,
          44,
          75,
          25,
          56,
          15,
          70,
          32,
          28,
          45,
          12,
          28
        ],
        [
          82,
          63,
          86,
          21,
          49,
          0,
          78,
          52,
          74,
          37,
          67,
          42,
          15,
          10,
          70,
          53
        ],
        [
          57,
          61,
          27,
          24,
          45,
          88,
          0,
          11,
          77,
          13,
          35,
          69,
          62,
          67,
          29,
          90
        ],
        [
          77,
          88,
          24,
          30,
          58,
          49,
          27,
          0,
          44,
          64,
          34,
          35,
          14,
          43,
          25,
          80
        ],
        [
          36,
          12,
          41,
          63,
          70,
          13,
          38,
          79,
          0,
          59,
          36,
          39,
          87,
          45,
          16,
          15
        ],
        [
          83,
          54,
          12,
          64,
          90,
          62,
          70,
          80,
          67,
          0,
          51,
          77,
          50,
          20,
          15,
          44
        ],
        [
          38,
          67,
          28,
          37,
          48,
          36,
          31,
          79,
          75,
          27,
          0,
          88,
          84,
          75,
          10,
          64
        ],
        [
          38,
          34,
          83,
          11,
          75,
          42,
          45,
          19,
          85,
          61,
          40,
          0,
          32,
          64,
          63,
          26
        ],
        [
          24,
          33,
          31,
          17,
          89,
          51,
          76,
          75,
          46,
          49,
          88,
          61,
          0,
          52,
          36,
          80
        ],
        [
          41,
          40,
          48,
          12,
          88,
          31,
          18,
          20,
          54,
          54,
          18,
          61,
          83,
          0,
          16,
          86
        ],
        [
          75,
          85,
          51,
          54,
          39,
          65,
          66,
          57,
          52,
          40,
          33,
          59,
          48,
          46,
          0,
          73
        ],
        [
          63,
          70,
          28,
          87,
          18,
          85,
          50,
          70,
          16,
          78,
          57,
          32,
          52,
          13,
          38,
          0
        ]
      ],
      "ptime": [
        43,
        56,
        36,
        59,
        46,
        54,
        37,
        30,
        58,
        56,
        49,
        55,
        30,
        52,
        40,
        49
      ],
      "schedules": [],
      "priority": 0
    },
    {
      "ID": 3,
      "available": 0,
      "assigned": [],
      "setup": [
        [
          0,
          18,
          79,
          21,
          33,
          10,
          77,
          82,
          35,
          56,
          24,
          82,
          52,
          33,
          52,
          82
        ],
        [
          47,
          0,
          63,
          70,
          26,
          12,
          65,
          86,
          57,
          10,
          58,
          57,
          15,
          48,
          87,
          59
        ],
        [
          23,
          14,
          0,
          36,
          62,
          55,
          76,
          39,
          30,
          15,
          16,
          44,
          88,
          29,
          65,
          50
        ],
        [
          63,
          28,
          31,
          0,
          83,
          18,
          68,
          83,
          84,
          30,
          47,
          79,
          49,
          65,
          76,
          13
        ],
        [
          36,
          51,
          28,
          44,
          0,
          33,
          45,
          88,
          51,
          70,
          35,
          56,
          37,
          85,
          84,
          71
        ],
        [
          84,
          68,
          22,
          60,
          30,
          0,
          38,
          60,
          80,
          44,
          34,
          10,
          57,
          51,
          80,
          72
        ],
        [
          27,
          37,
          81,
          53,
          28,
          66,
          0,
          44,
          28,
          56,
          17,
          71,
          14,
          90,
          46,
          14
        ],
        [
          75,
          20,
          63,
          46,
          63,
          76,
          61,
          0,
          53,
          70,
          69,
          16,
          21,
          45,
          37,
          24
        ],
        [
          39,
          78,
          88,
          43,
          36,
          70,
          86,
          87,
          0,
          73,
          32,
          47,
          79,
          10,
          68,
          80
        ],
        [
          89,
          67,
          79,
          66,
          45,
          48,
          65,
          80,
          85,
          0,
          52,
          27,
          19,
          11,
          40,
          78
        ],
        [
          77,
          21,
          14,
          34,
          64,
          53,
          11,
          49,
          49,
          19,
          0,
          34,
          47,
          31,
          74,
          79
        ],
        [
          22,
          28,
          66,
          53,
          73,
          63,
          31,
          80,
          19,
          20,
          81,
          0,
          75,
          33,
          70,
          37
        ],
        [
          29,
          16,
          61,
          12,
          72,
          47,
          90,
          24,
          62,
          67,
          85,
          68,
          0,
          42,
          31,
          76
        ],
        [
          89,
          65,
          23,
          57,
          46,
          72,
          88,
          29,
          36,
          35,
          36,
          89,
          79,
          0,
          63,
          76
        ],
        [
          22,
          22,
          78,
          61,
          90,
          56,
          32,
          67,
          20,
          84,
          69,
          89,
          88,
          27,
          0,
          87
        ],
        [
          41,
          69,
          77,
          37,
          42,
          90,
          49,
          29,
          80,
          78,
          21,
          55,
          13,
          80,
          61,
          0
        ]
      ],
      "ptime": [
        55,
        48,
        35,
        51,
        57,
        44,
        45,
        49,
        39,
        54,
        45,
        60,
        45,
        51,
        33,
        38
      ],
      "schedules": [],
      "priority": 0
    }
  ],
  "ptime": [
    [
      34,
      39,
      42,
      47,
      35,
      38,
      59,
      32,
      40,
      53,
      42,
      34,
      34,
      56,
      33,
      49
    ],
    [
      35,
      42,
      31,
      44,
      46,
      50,
      44,
      49,
      46,
      52,
      59,
      31,
      33,
      37,
      57,
      46
    ],
    [
      43,
      56,
      36,
      59,
      46,
      54,
      37,
      30,
      58,
      56,
      49,
      55,
      30,
      52,
      40,
      49
    ],
    [
      55,
      48,
      35,
      51,
      57,
      44,
      45,
      49,
      39,
      54,
      45,
      60,
      45,
      51,
      33,
      38
    ]
  ],
  "setup": [
    [
      [
        0,
        90,
        48,
        33,
        47,
        47,
        42,
        32,
        31,
        72,
        19,
        85,
        90,
        34,
        33,
        53
      ],
      [
        60,
        0,
        54,
        51,
        51,
        88,
        83,
        27,
        23,
        73,
        41,
        27,
        48,
        32,
        86,
        67
      ],
      [
        23,
        65,
        0,
        81,
        74,
        31,
        75,
        55,
        10,
        55,
        17,
        25,
        85,
        83,
        14,
        43
      ],
      [
        54,
        89,
        89,
        0,
        27,
        43,
        73,
        68,
        10,
        46,
        69,
        84,
        33,
        86,
        21,
        77
      ],
      [
        37,
        87,
        55,
        38,
        0,
        35,
        19,
        30,
        87,
        85,
        12,
        56,
        80,
        84,
        89,
        47
      ],
      [
        78,
        40,
        61,
        75,
        49,
        0,
        86,
        45,
        69,
        80,
        39,
        50,
        86,
        82,
        60,
        83
      ],
      [
        35,
        39,
        20,
        39,
        86,
        18,
        0,
        14,
        41,
        22,
        53,
        31,
        56,
        70,
        85,
        61
      ],
      [
        66,
        49,
        47,
        53,
        78,
        64,
        88,
        0,
        90,
        48,
        45,
        14,
        60,
        78,
        83,
        88
      ],
      [
        42,
        36,
        54,
        22,
        67,
        32,
        38,
        19,
        0,
        86,
        34,
        83,
        64,
        45,
        61,
        89
      ],
      [
        73,
        25,
        72,
        84,
        17,
        84,
        71,
        79,
        12,
        0,
        87,
        28,
        36,
        79,
        11,
        56
      ],
      [
        63,
        70,
        66,
        20,
        24,
        85,
        68,
        33,
        27,
        15,
        0,
        55,
        31,
        41,
        54,
        31
      ],
      [
        14,
        70,
        18,
        39,
        72,
        77,
        11,
        43,
        85,
        63,
        87,
        0,
        56,
        21,
        58,
        82
      ],
      [
        40,
        64,
        48,
        16,
        73,
        39,
        56,
        43,
        39,
        21,
        49,
        36,
        0,
        80,
        34,
        24
      ],
      [
        63,
        68,
        35,
        58,
        77,
        88,
        85,
        65,
        26,
        81,
        52,
        43,
        37,
        0,
        21,
        87
      ],
      [
        21,
        71,
        75,
        20,
        50,
        34,
        22,
        84,
        36,
        30,
        61,
        14,
        54,
        13,
        0,
        61
      ],
      [
        54,
        52,
        41,
        21,
        32,
        19,
        65,
        58,
        13,
        89,
        34,
        51,
        59,
        76,
        19,
        0
      ]
    ],
    [
      [
        0,
        30,
        38,
        24,
        48,
        22,
        74,
        37,
        15,
        10,
        74,
        36,
        74,
        35,
        68,
        59
      ],
      [
        19,
        0,
        71,
        87,
        16,
        44,
        30,
        27,
        50,
        26,
        15,
        73,
        67,
        27,
        63,
        52
      ],
      [
        11,
        54,
        0,
        24,
        39,
        88,
        69,
        29,
        42,
        66,
        85,
        48,
        57,
        19,
        69,
        33
      ],
      [
        88,
        19,
        85,
        0,
        82,
        69,
        58,
        29,
        42,
        63,
        87,
        71,
        51,
        81,
        59,
        68
      ],
      [
        90,
        88,
        34,
        39,
        0,
        54,
        22,
        66,
        33,
        30,
        76,
        90,
        29,
        79,
        52,
        27
      ],
      [
        75,
        18,
        10,
        49,
        78,
        0,
        15,
        78,
        47,
        79,
        54,
        57,
        47,
        63,
        81,
        38
      ],
      [
        33,
        39,
        61,
        28,
        89,
        82,
        0,
        87,
        15,
        37,
        87,
        46,
        19,
        47,
        41,
        49
      ],
      [
        90,
        49,
        40,
        45,
        87,
        51,
        62,
        0,
        75,
        26,
        25,
        13,
        90,
        37,
        25,
        11
      ],
      [
        48,
        20,
        70,
        60,
        74,
        33,
        23,
        48,
        0,
        52,
        37,
        47,
        87,
        48,
        55,
        83
      ],
      [
        89,
        70,
        63,
        10,
        66,
        19,
        32,
        15,
        46,
        0,
        52,
        22,
        75,
        45,
        87,
        87
      ],
      [
        48,
        88,
        15,
        45,
        10,
        39,
        55,
        88,
        47,
        67,
        0,
        55,
        66,
        72,
        87,
        53
      ],
      [
        82,
        84,
        57,
        71,
        51,
        76,
        44,
        56,
        58,
        68,
        25,
        0,
        63,
        83,
        47,
        57
      ],
      [
        49,
        69,
        23,
        38,
        29,
        79,
        68,
        85,
        30,
        59,
        45,
        51,
        0,
        66,
        24,
        29
      ],
      [
        60,
        42,
        24,
        72,
        81,
        49,
        82,
        33,
        31,
        81,
        38,
        60,
        72,
        0,
        55,
        25
      ],
      [
        10,
        34,
        62,
        32,
        85,
        46,
        42,
        90,
        21,
        18,
        11,
        89,
        11,
        14,
        0,
        81
      ],
      [
        42,
        26,
        65,
        32,
        64,
        67,
        21,
        61,
        32,
        23,
        57,
        30,
        24,
        46,
        67,
        0
      ]
    ],
    [
      [
        0,
        86,
        69,
        87,
        21,
        72,
        58,
        56,
        79,
        77,
        65,
        10,
        36,
        49,
        83,
        83
      ],
      [
        25,
        0,
        10,
        21,
        25,
        40,
        17,
        89,
        82,
        35,
        44,
        27,
        22,
        71,
        88,
        43
      ],
      [
        67,
        44,
        0,
        31,
        75,
        24,
        28,
        82,
        69,
        46,
        60,
        65,
        52,
        18,
        65,
        15
      ],
      [
        46,
        33,
        13,
        0,
        36,
        75,
        70,
        81,
        48,
        27,
        73,
        68,
        70,
        19,
        68,
        16
      ],
      [
        31,
        58,
        65,
        39,
        0,
        44,
        75,
        25,
        56,
        15,
        70,
        32,
        28,
        45,
        12,
        28
      ],
      [
        82,
        63,
        86,
        21,
        49,
        0,
        78,
        52,
        74,
        37,
        67,
        42,
        15,
        10,
        70,
        53
      ],
      [
        57,
        61,
        27,
        24,
        45,
        88,
        0,
        11,
        77,
        13,
        35,
        69,
        62,
        67,
        29,
        90
      ],
      [
        77,
        88,
        24,
        30,
        58,
        49,
        27,
        0,
        44,
        64,
        34,
        35,
        14,
        43,
        25,
        80
      ],
      [
        36,
        12,
        41,
        63,
        70,
        13,
        38,
        79,
        0,
        59,
        36,
        39,
        87,
        45,
        16,
        15
      ],
      [
        83,
        54,
        12,
        64,
        90,
        62,
        70,
        80,
        67,
        0,
        51,
        77,
        50,
        20,
        15,
        44
      ],
      [
        38,
        67,
        28,
        37,
        48,
        36,
        31,
        79,
        75,
        27,
        0,
        88,
        84,
        75,
        10,
        64
      ],
      [
        38,
        34,
        83,
        11,
        75,
        42,
        45,
        19,
        85,
        61,
        40,
        0,
        32,
        64,
        63,
        26
      ],
      [
        24,
        33,
        31,
        17,
        89,
        51,
        76,
        75,
        46,
        49,
        88,
        61,
        0,
        52,
        36,
        80
      ],
      [
        41,
        40,
        48,
        12,
        88,
        31,
        18,
        20,
        54,
        54,
        18,
        61,
        83,
        0,
        16,
        86
      ],
      [
        75,
        85,
        51,
        54,
        39,
        65,
        66,
        57,
        52,
        40,
        33,
        59,
        48,
        46,
        0,
        73
      ],
      [
        63,
        70,
        28,
        87,
        18,
        85,
        50,
        70,
        16,
        78,
        57,
        32,
        52,
        13,
        38,
        0
      ]
    ],
    [
      [
        0,
        18,
        79,
        21,
        33,
        10,
        77,
        82,
        35,
        56,
        24,
        82,
        52,
        33,
        52,
        82
      ],
      [
        47,
        0,
        63,
        70,
        26,
        12,
        65,
        86,
        57,
        10,
        58,
        57,
        15,
        48,
        87,
        59
      ],
      [
        23,
        14,
        0,
        36,
        62,
        55,
        76,
        39,
        30,
        15,
        16,
        44,
        88,
        29,
        65,
        50
      ],
      [
        63,
        28,
        31,
        0,
        83,
        18,
        68,
        83,
        84,
        30,
        47,
        79,
        49,
        65,
        76,
        13
      ],
      [
        36,
        51,
        28,
        44,
        0,
        33,
        45,
        88,
        51,
        70,
        35,
        56,
        37,
        85,
        84,
        71
      ],
      [
        84,
        68,
        22,
        60,
        30,
        0,
        38,
        60,
        80,
        44,
        34,
        10,
        57,
        51,
        80,
        72
      ],
      [
        27,
        37,
        81,
        53,
        28,
        66,
        0,
        44,
        28,
        56,
        17,
        71,
        14,
        90,
        46,
        14
      ],
      [
        75,
        20,
        63,
        46,
        63,
        76,
        61,
        0,
        53,
        70,
        69,
        16,
        21,
        45,
        37,
        24
      ],
      [
        39,
        78,
        88,
        43,
        36,
        70,
        86,
        87,
        0,
        73,
        32,
        47,
        79,
        10,
        68,
        80
      ],
      [
        89,
        67,
        79,
        66,
        45,
        48,
        65,
        80,
        85,
        0,
        52,
        27,
        19,
        11,
        40,
        78
      ],
      [
        77,
        21,
        14,
        34,
        64,
        53,
        11,
        49,
        49,
        19,
        0,
        34,
        47,
        31,
        74,
        79
      ],
      [
        22,
        28,
        66,
        53,
        73,
        63,
        31,
        80,
        19,
        20,
        81,
        0,
        75,
        33,
        70,
        37
      ],
      [
        29,
        16,
        61,
        12,
        72,
        47,
        90,
        24,
        62,
        67,
        85,
        68,
        0,
        42,
        31,
        76
      ],
      [
        89,
        65,
        23,
        57,
        46,
        72,
        88,
        29,
        36,
        35,
        36,
        89,
        79,
        0,
        63,
        76
      ],
      [
        22,
        22,
        78,
        61,
        90,
        56,
        32,
        67,
        20,
        84,
        69,
        89,
        88,
        27,
        0,
        87
      ],
      [
        41,
        69,
        77,
        37,
        42,
        90,
        49,
        29,
        80,
        78,
        21,
        55,
        13,
        80,
        61,
        0
      ]
    ]
  ],
  "with_setup": true,
  "family_setup": false,
  "objective": "wT",
  "identical_mch": false
}