{
  "numJob": 13,
  "numMch": 4,
  "jobs": [
    {
      "ID": 0,
      "due": 38,
      "weight": 6,
      "family": 0,
      "complete": false,
      "start": -1,
      "end": -1,
      "assignedMch": -1,
      "priority": 0
    },
    {
      "ID": 1,
      "due": 7,
      "weight": 4,
      "family": 1,
      "complete": false,
      "start": -1,
      "end": -1,
      "assignedMch": -1,
      "priority": 0
    },
    {
      "ID": 2,
      "due": 26,
      "weight": 3,
      "family": 2,
      "complete": false,
      "start": -1,
      "end": -1,
      "assignedMch": -1,
      "priority": 0
    },
    {
      "ID": 3,
      "due": 43,
      "weight": 9,
      "family": 3,
      "complete": false,
      "start": -1,
      "end": -1,
      "assignedMch": -1,
      "priority": 0
    },
    {
      "ID": 4,
      "due": 30,
      "weight": 9,
      "family": 4,
      "complete": false,
      "start": -1,
      "end": -1,
      "assignedMch": -1,
      "priority": 0
    },
    {
      "ID": 5,
      "due": 39,
      "weight": 10,
      "family": 5,
      "complete": false,
      "start": -1,
      "end": -1,
      "assignedMch": -1,
      "priority": 0
    },
    {
      "ID": 6,
      "due": 43,
      "weight": 5,
      "family": 6,
      "complete": false,
      "start": -1,
      "end": -1,
      "assignedMch": -1,
      "priority": 0
    },
    {
      "ID": 7,
      "due": 3,
      "weight": 5,
      "family": 7,
      "complete": false,
      "start": -1,
      "end": -1,
      "assignedMch": -1,
      "priority": 0
    },
    {
      "ID": 8,
      "due": 45,
      "weight": 8,
      "family": 8,
      "complete": false,
      "start": -1,
      "end": -1,
      "assignedMch": -1,
      "priority": 0
    },
    {
      "ID": 9,
      "due": 26,
      "weight": 1,
      "family": 9,
      "complete": false,
      "start": -1,
      "end": -1,
      "assignedMch": -1,
      "priority": 0
    },
    {
      "ID": 10,
      "due": 4,
      "weight": 4,
      "family": 10,
      "complete": false,
      "start": -1,
      "end": -1,
      "assignedMch": -1,
      "priority": 0
    },
    {
      "ID": 11,
      "due": 46,
      "weight": 6,
      "family": 11,
      "complete": false,
      "start": -1,
      "end": -1,
      "assignedMch": -1,
      "priority": 0
    },
    {
      "ID": 12,
      "due": 39,
      "weight": 5,
      "family": 12,
      "complete": false,
      "start": -1,
      "end": -1,
      "assignedMch": -1,
      "priority": 0
    }
  ],
  "machines": [
    {
      "ID": 0,
      "available": 0,
      "assigned": [],
      "setup": [
        [
          0,
          26,
          79,
          36,
          26,
          59,
          29,
          75,
          14,
          25,
          40,
          72,
          21
        ],
        [
          50,
          0,
          30,
          75,
          62,
          19,
          42,
          11,
          14,
          59,
          18,
          65,
          89
        ],
        [
          35,
          90,
          0,
          58,
          57,
          11,
          14,
          21,
          18,
          69,
          89,
          15,
          46
        ],
        [
          32,
          47,
          77,
          0,
          89,
          26,
          27,
          63,
          72,
          49,
          34,
          75,
          84
        ],
        [
          39,
          11,
          41,
          38,
          0,
          29,
          65,
          70,
          71,
          75,
          66,
          62,
          86
        ],
        [
          83,
          20,
          43,
          19,
          20,
          0,
          32,
          56,
          16,
          59,
          45,
          37,
          61
        ],
        [
          81,
          76,
          65,
          82,
          61,
          75,
          0,
          68,
          55,
          32,
          62,
          68,
          45
        ],
        [
          24,
          32,
          46,
          21,
          19,
          49,
          20,
          0,
          54,
          52,
          15,
          79,
          20
        ],
        [
          30,
          45,
          69,
          59,
          57,
          60,
          48,
          52,
          0,
          66,
          89,
          69,
          50
        ],
        [
          41,
          65,
          48,
          83,
          44,
          66,
          26,
          26,
          18,
          0,
          14,
          79,
          39
        ],
        [
          66,
          78,
          90,
          63,
          81,
          20,
          10,
          50,
          52,
          41,
          0,
          55,
          69
        ],
        [
          62,
          21,
          46,
          79,
          48,
          89,
          54,
          87,
          31,
          47,
          88,
          0,
          68
        ],
        [
          51,
          21,
          24,
          40,
          16,
          72,
          72,
          60,
          83,
          81,
          87,
          23,
          0
        ]
      ],
      "ptime": [
        49,
        41,
        32,
        34,
        50,
        41,
        41,
        33,
        46,
        49,
        50,
        34,
        35
      ],
      "schedules": [],
      "priority": 0
    },
    {
      "ID": 1,
      "available": 0,
      "assigned": [],
      "setup": [
        [
          0,
          59,
          35,
          16,
          28,
          64,
          38,
          67,
          66,
          48,
          13,
          45,
          86
        ],
        [
          17,
          0,
          42,
          68,
          71,
          39,
          36,
          21,
          60,
          21,
          28,
          79,
          49
        ],
        [
          85,
          20,
          0,
          88,
          89,
          16,
          53,
          10,
          56,
          32,
          50,
          30,
          39
        ],
        [
          90,
          11,
          14,
          0,
          79,
          55,
          51,
          24,
          18,
          79,
          87,
          37,
          72
        ],
        [
          10,
          28,
          72,
          53,
          0,
          84,
          24,
          24,
          87,
          30,
          72,
          57,
          78
        ],
        [
          74,
          32,
          59,
          78,
          38,
          0,
          89,
          61,
          83,
          51,
          74,
          78,
          57
        ],
        [
          17,
          49,
          26,
          60,
          76,
          61,
          0,
          44,
          31,
          50,
          78,
          80,
          25
        ],
        [
          70,
          56,
          14,
          49,
          14,
          72,
          42,
          0,
          14,
          62,
          33,
          38,
          17
        ],
        [
          25,
          57,
          21,
          41,
          28,
          76,
          44,
          55,
          0,
          25,
          86,
          40,
          80
        ],
        [
          79,
          13,
          26,
          49,
          16,
          60,
          43,
          12,
          77,
          0,
          56,
          65,
          62
        ],
        [
          58,
          28,
          73,
          17,
          13,
          75,
          18,
          24,
          73,
          74,
          0,
          87,
          73
        ],
        [
          37,
          59,
          68,
          87,
          70,
          78,
          18,
          34,
          88,
          83,
          55,
          0,
          50
        ],
        [
          45,
          44,
          63,
          56,
          37,
          26,
          47,
          70,
          69,
          53,
          48,
          25,
          0
        ]
      ],
      "ptime": [
        59,
        30,
        41,
        32,
        32,
        55,
        39,
        44,
        51,
        44,
        39,
        35,
        56
      ],
      "schedules": [],
      "priority": 0
    },
    {
      "ID": 2,
      "available": 0,
      "assigned": [],
      "setup": [
        [
          0,
          52,
          38,
          19,
          39,
          52,
          38,
          64,
          76,
          46,
          12,
          63,
          61
        ],
        [
          82,
          0,
          59,
          77,
          52,
          56,
          62,
          88,
          44,
          13,
          59,
          46,
          18
        ],
        [
          71,
          38,
          0,
          68,
          34,
          35,
          43,
          54,
          43,
          11,
          11,
          26,
          74
        ],
        [
          20,
          37,
          89,
          0,
          50,
          23,
          34,
          81,
          35,
          65,
          50,
          79,
          73
        ],
        [
          27,
          83,
          21,
          82,
          0,
          30,
          41,
          18,
          89,
          66,
          38,
          35,
          68
        ],
        [
          11,
          83,
          73,
          63,
          70,
          0,
          26,
          50,
          57,
          63,
          49,
          43,
          28
        ],
        [
          14,
          55,
          75,
          61,
          26,
          51,
          0,
          71,
          28,
          71,
          31,
          88,
          12
        ],
        [
          42,
          13,
          33,
          13,
          72,
          79,
          60,
          0,
          11,
          24,
          63,
          22,
          75
        ],
        [
          19,
          76,
          16,
          84,
          33,
          73,
          16,
          25,
          0,
          73,
          50,
          74,
          77
        ],
        [
          40,
          45,
          18,
          49,
          44,
          53,
          71,
          10,
          23,
          0,
          35,
          74,
          44
        ],
        [
          72,
          45,
          25,
          73,
          68,
          68,
          48,
          43,
          42,
          11,
          0,
          19,
          63
        ],
        [
          22,
          53,
          50,
          46,
          16,
          32,
          75,
          81,
          39,
          14,
          52,
          0,
          25
        ],
        [
          39,
          31,
          65,
          72,
          74,
          67,
          53,
          65,
          82,
          61,
          87,
          66,
          0
        ]
      ],
      "ptime": [
        37,
        60,
        55,
        39,
        46,
        45,
        30,
        36,
        47,
        34,
        50,
        54,
        31
      ],
      "schedules": [],
      "priority": 0
    },
    {
      "ID": 3,
      "available": 0,
      "assigned": [],
      "setup": [
        [
          0,
          18,
          82,
          43,
          62,
          43,
          15,
          32,
          46,
          67,
          30,
          36,
          27
        ],
        [
          36,
          0,
          82,
          73,
          41,
          43,
          80,
          38,
          53,
          73,
          34,
          27,
          78
        ],
        [
          54,
          54,
          0,
          67,
          76,
          62,
          33,
          86,
          68,
          75,
          30,
          51,
          26
        ],
        [
          72,
          31,
          25,
          0,
          29,
          89,
          61,
          76,
          10,
          63,
          79,
          72,
          52
        ],
        [
          80,
          68,
          32,
          74,
          0,
          33,
          44,
          46,
          69,
          33,
          64,
          41,
          41
        ],
        [
          57,
          88,
          47,
          77,
          76,
          0,
          60,
          21,
          77,
          45,
          20,
          87,
          82
        ],
        [
          20,
          48,
          13,
          36,
          52,
          34,
          0,
          85,
          77,
          67,
          15,
          90,
          69
        ],
        [
          59,
          69,
          72,
          61,
          73,
          44,
          62,
          0,
          35,
          19,
          67,
          51,
          81
        ],
        [
          69,
          19,
          43,
          58,
          53,
          31,
          11,
          66,
          0,
          35,
          81,
          84,
          40
        ],
        [
          80,
          25,
          36,
          17,
          11,
          16,
          37,
          27,
          72,
          0,
          44,
          22,
          23
        ],
        [
          63,
          16,
          15,
          39,
          88,
          78,
          14,
          55,
          67,
          43,
          0,
          25,
          45
        ],
        [
          38,
          28,
          38,
          14,
          13,
          44,
          14,
          57,
          48,
          62,
          31,
          0,
          64
        ],
        [
          38,
          46,
          38,
          64,
          28,
          16,
          19,
          33,
          63,
          54,
          50,
          77,
          0
        ]
      ],
      "ptime": [
        38,
        44,
        31,
        49,
        57,
        45,
        39,
        51,
        53,
        52,
        51,
        31,
        41
      ],
      "schedules": [],
      "priority": 0
    }
  ],
  "ptime": [
    [
      49,
      41,
      32,
      34,
      50,
      41,
      41,
      33,
      46,
      49,
      50,
      34,
      35
    ],
    [
      59,
      30,
      41,
      32,
      32,
      55,
      39,
      44,
      51,
      44,
      39,
      35,
      56
    ],
    [
      37,
      60,
      55,
      39,
      46,
      45,
      30,
      36,
      47,
      34,
      50,
      54,
      31
    ],
    [
      38,
      44,
      31,
      49,
      57,
      45,
      39,
      51,
      53,
      52,
      51,
      31,
      41
    ]
  ],
  "setup": [
    [
      [
        0,
        26,
        79,
        36,
        26,
        59,
        29,
        75,
        14,
        25,
        40,
        72,
        21
      ],
      [
        50,
        0,
        30,
        75,
        62,
        19,
        42,
        11,
        14,
        59,
        18,
        65,
        89
      ],
      [
        35,
        90,
        0,
        58,
        57,
        11,
        14,
        21,
        18,
        69,
        89,
        15,
        46
      ],
      [
        32,
        47,
        77,
        0,
        89,
        26,
        27,
        63,
        72,
        49,
        34,
        75,
        84
      ],
      [
        39,
        11,
        41,
        38,
        0,
        29,
        65,
        70,
        71,
        75,
        66,
        62,
        86
      ],
      [
        83,
        20,
        43,
        19,
        20,
        0,
        32,
        56,
        16,
        59,
        45,
        37,
        61
      ],
      [
        81,
        76,
        65,
        82,
        61,
        75,
        0,
        68,
        55,
        32,
        62,
        68,
        45
      ],
      [
        24,
        32,
        46,
        21,
        19,
        49,
        20,
        0,
        54,
        52,
        15,
        79,
        20
      ],
      [
        30,
        45,
        69,
        59,
        57,
        60,
        48,
        52,
        0,
        66,
        89,
        69,
        50
      ],
      [
        41,
        65,
        48,
        83,
        44,
        66,
        26,
        26,
        18,
        0,
        14,
        79,
        39
      ],
      [
        66,
        78,
        90,
        63,
        81,
        20,
        10,
        50,
        52,
        41,
        0,
        55,
        69
      ],
      [
        62,
        21,
        46,
        79,
        48,
        89,
        54,
        87,
        31,
        47,
        88,
        0,
        68
      ],
      [
        51,
        21,
        24,
        40,
        16,
        72,
        72,
        60,
        83,
        81,
        87,
        23,
        0
      ]
    ],
    [
      [
        0,
        59,
        35,
        16,
        28,
        64,
        38,
        67,
        66,
        48,
        13,
        45,
        86
      ],
      [
        17,
        0,
        42,
        68,
        71,
        39,
        36,
        21,
        60,
        21,
        28,
        79,
        49
      ],
      [
        85,
        20,
        0,
        88,
        89,
        16,
        53,
        10,
        56,
        32,
        50,
        30,
        39
      ],
      [
        90,
        11,
        14,
        0,
        79,
        55,
        51,
        24,
        18,
        79,
        87,
        37,
        72
      ],
      [
        10,
        28,
        72,
        53,
        0,
        84,
        24,
        24,
        87,
        30,
        72,
        57,
        78
      ],
      [
        74,
        32,
        59,
        78,
        38,
        0,
        89,
        61,
        83,
        51,
        74,
        78,
        57
      ],
      [
        17,
        49,
        26,
        60,
        76,
        61,
        0,
        44,
        31,
        50,
        78,
        80,
        25
      ],
      [
        70,
        56,
        14,
        49,
        14,
        72,
        42,
        0,
        14,
        62,
        33,
        38,
        17
      ],
      [
        25,
        57,
        21,
        41,
        28,
        76,
        44,
        55,
        0,
        25,
        86,
        40,
        80
      ],
      [
        79,
        13,
        26,
        49,
        16,
        60,
        43,
        12,
        77,
        0,
        56,
        65,
        62
      ],
      [
        58,
        28,
        73,
        17,
        13,
        75,
        18,
        24,
        73,
        74,
        0,
        87,
        73
      ],
      [
        37,
        59,
        68,
        87,
        70,
        78,
        18,
        34,
        88,
        83,
        55,
        0,
        50
      ],
      [
        45,
        44,
        63,
        56,
        37,
        26,
        47,
        70,
        69,
        53,
        48,
        25,
        0
      ]
    ],
    [
      [
        0,
        52,
        38,
        19,
        39,
        52,
        38,
        64,
        76,
        46,
        12,
        63,
        61
      ],
      [
        82,
        0,
        59,
        77,
        52,
        56,
        62,
        88,
        44,
        13,
        59,
        46,
        18
      ],
      [
        71,
        38,
        0,
        68,
        34,
        35,
        43,
        54,
        43,
        11,
        11,
        26,
        74
      ],
      [
        20,
        37,
        89,
        0,
        50,
        23,
        34,
        81,
        35,
        65,
        50,
        79,
        73
      ],
      [
        27,
        83,
        21,
        82,
        0,
        30,
        41,
        18,
        89,
        66,
        38,
        35,
        68
      ],
      [
        11,
        83,
        73,
        63,
        70,
        0,
        26,
        50,
        57,
        63,
        49,
        43,
        28
      ],
      [
        14,
        55,
        75,
        61,
        26,
        51,
        0,
        71,
        28,
        71,
        31,
        88,
        12
      ],
      [
        42,
        13,
        33,
        13,
        72,
        79,
        60,
        0,
        11,
        24,
        63,
        22,
        75
      ],
      [
        19,
        76,
        16,
        84,
        33,
        73,
        16,
        25,
        0,
        73,
        50,
        74,
        77
      ],
      [
        40,
        45,
        18,
        49,
        44,
        53,
        71,
        10,
        23,
        0,
        35,
        74,
        44
      ],
      [
        72,
        45,
        25,
        73,
        68,
        68,
        48,
        43,
        42,
        11,
        0,
        19,
        63
      ],
      [
        22,
        53,
        50,
        46,
        16,
        32,
        75,
        81,
        39,
        14,
        52,
        0,
        25
      ],
      [
        39,
        31,
        65,
        72,
        74,
        67,
        53,
        65,
        82,
        61,
        87,
        66,
        0
      ]
    ],
    [
      [
        0,
        18,
        82,
        43,
        62,
        43,
        15,
        32,
        46,
        67,
        30,
        36,
        27
      ],
      [
        36,
        0,
        82,
        73,
        41,
        43,
        80,
        38,
        53,
        73,
        34,
        27,
        78
      ],
      [
        54,
        54,
        0,
        67,
        76,
        62,
        33,
        86,
        68,
        75,
        30,
        51,
        26
      ],
      [
        72,
        31,
        25,
        0,
        29,
        89,
        61,
        76,
        10,
        63,
        79,
        72,
        52
      ],
      [
        80,
        68,
        32,
        74,
        0,
        33,
        44,
        46,
        69,
        33,
        64,
        41,
        41
      ],
      [
        57,
        88,
        47,
        77,
        76,
        0,
        60,
        21,
        77,
        45,
        20,
        87,
        82
      ],
      [
        20,
        48,
        13,
        36,
        52,
        34,
        0,
        85,
        77,
        67,
        15,
        90,
        69
      ],
      [
        59,
        69,
        72,
        61,
        73,
        44,
        62,
        0,
        35,
        19,
        67,
        51,
        81
      ],
      [
        69,
        19,
        43,
        58,
        53,
        31,
        11,
        66,
        0,
        35,
        81,
        84,
        40
      ],
      [
        80,
        25,
        36,
        17,
        11,
        16,
        37,
        27,
        72,
        0,
        44,
        22,
        23
      ],
      [
        63,
        16,
        15,
        39,
        88,
        78,
        14,
        55,
        67,
        43,
        0,
        25,
        45
      ],
      [
        38,
        28,
        38,
        14,
        13,
        44,
        14,
        57,
        48,
        62,
        31,
        0,
        64
      ],
      [
        38,
        46,
        38,
        64,
        28,
        16,
        19,
        33,
        63,
        54,
        50,
        77,
        0
      ]
    ]
  ],
  "with_setup": true,
  "family_setup": false,
  "objective": "wT",
  "identical_mch": false
}