{
  "numJob": 14,
  "numMch": 4,
  "jobs": [
    {
      "ID": 0,
      "due": 36,
      "weight": 9,
      "family": 0,
      "complete": false,
      "start": -1,
      "end": -1,
      "assignedMch": -1,
      "priority": 0
    },
    {
      "ID": 1,
      "due": 47,
      "weight": 4,
      "family": 1,
      "complete": false,
      "start": -1,
      "end": -1,
      "assignedMch": -1,
      "priority": 0
    },
    {
      "ID": 2,
      "due": 8,
      "weight": 3,
      "family": 2,
      "complete": false,
      "start": -1,
      "end": -1,
      "assignedMch": -1,
      "priority": 0
    },
    {
      "ID": 3,
      "due": 48,
      "weight": 8,
      "family": 3,
      "complete": false,
      "start": -1,
      "end": -1,
      "assignedMch": -1,
      "priority": 0
    },
    {
      "ID": 4,
      "due": 11,
      "weight": 10,
      "family": 4,
      "complete": false,
      "start": -1,
      "end": -1,
      "assignedMch": -1,
      "priority": 0
    },
    {
      "ID": 5,
      "due": 47,
      "weight": 3,
      "family": 5,
      "complete": false,
      "start": -1,
      "end": -1,
      "assignedMch": -1,
      "priority": 0
    },
    {
      "ID": 6,
      "due": 53,
      "weight": 7,
      "family": 6,
      "complete": false,
      "start": -1,
      "end": -1,
      "assignedMch": -1,
      "priority": 0
    },
    {
      "ID": 7,
      "due": 33,
      "weight": 7,
      "family": 7,
      "complete": false,
      "start": -1,
      "end": -1,
      "assignedMch": -1,
      "priority": 0
    },
    {
      "ID": 8,
      "due": 9,
      "weight": 1,
      "family": 8,
      "complete": false,
      "start": -1,
      "end": -1,
      "assignedMch": -1,
      "priority": 0
    },
    {
      "ID": 9,
      "due": 39,
      "weight": 1,
      "family": 9,
      "complete": false,
      "start": -1,
      "end": -1,
      "assignedMch": -1,
      "priority": 0
    },
    {
      "ID": 10,
      "due": 41,
      "weight": 8,
      "family": 10,
      "complete": false,
      "start": -1,
      "end": -1,
      "assignedMch": -1,
      "priority": 0
    },
    {
      "ID": 11,
      "due": 5,
      "weight": 2,
      "family": 11,
      "complete": false,
      "start": -1,
      "end": -1,
      "assignedMch": -1,
      "priority": 0
    },
    {
      "ID": 12,
      "due": 7,
      "weight": 4,
      "family": 12,
      "complete": false,
      "start": -1,
      "end": -1,
      "assignedMch": -1,
      "priority": 0
    },
    {
      "ID": 13,
      "due": 44,
      "weight": 4,
      "family": 13,
      "complete": false,
      "start": -1,
      "end": -1,
      "assignedMch": -1,
      "priority": 0
    }
  ],
  "machines": [
    {
      "ID": 0,
      "available": 0,
      "assigned": [],
      "setup": [
        [
          0,
          77,
          45,
          50,
          76,
          64,
          43,
          41,
          74,
          19,
          87,
          82,
          54,
          12
        ],
        [
          89,
          0,
          48,
          14,
          35,
          20,
          82,
          30,
          31,
          56,
          89,
          90,
          68,
          22
        ],
        [
          41,
          82,
          0,
          77,
          26,
          11,
          79,
          73,
          28,
          64,
          83,
          75,
          48,
          35
        ],
        [
          28,
          62,
          62,
          0,
          89,
          33,
          22,
          12,
          34,
          79,
          20,
          19,
          26,
          41
        ],
        [
          21,
          74,
          57,
          73,
          0,
          87,
          79,
          56,
          20,
          50,
          59,
          21,
          35,
          39
        ],
        [
          77,
          25,
          66,
          59,
          84,
          0,
          23,
          53,
          80,
          46,
          58,
          84,
          11,
          52
        ],
        [
          12,
          30,
          81,
          49,
          55,
          89,
          0,
          80,
          84,
          67,
          79,
          12,
          18,
          10
        ],
        [
          39,
          13,
          22,
          90,
          65,
          46,
          21,
          0,
          36,
          62,
          37,
          68,
          86,
          66
        ],
        [
          36,
          56,
          69,
          16,
          29,
          49,
          52,
          15,
          0,
          86,
          23,
          32,
          71,
          86
        ],
        [
          53,
          67,
          84,
          63,
          84,
          58,
          32,
          40,
          14,
          0,
          64,
          65,
          41,
          31
        ],
        [
          49,
          82,
          73,
          42,
          90,
          60,
          47,
          14,
          42,
          21,
          0,
          16,
          77,
          46
        ],
        [
          70,
          33,
          34,
          50,
          36,
          24,
          14,
          56,
          47,
          32,
          81,
          0,
          39,
          50
        ],
        [
          51,
          20,
          64,
          16,
          72,
          51,
          83,
          61,
          58,
          16,
          18,
          79,
          0,
          88
        ],
        [
          26,
          42,
          50,
          72,
          23,
          43,
          10,
          32,
          38,
          74,
          52,
          35,
          51,
          0
        ]
      ],
      "ptime": [
        41,
        47,
        32,
        60,
        57,
        42,
        30,
        60,
        52,
        58,
        36,
        50,
        59,
        34
      ],
      "schedules": [],
      "priority": 0
    },
    {
      "ID": 1,
      "available": 0,
      "assigned": [],
      "setup": [
        [
          0,
          37,
          51,
          60,
          71,
          65,
          26,
          48,
          72,
          34,
          61,
          24,
          85,
          62
        ],
        [
          17,
          0,
          35,
          88,
          87,
          82,
          48,
          59,
          17,
          90,
          78,
          28,
          89,
          59
        ],
        [
          75,
          75,
          0,
          39,
          35,
          50,
          27,
          54,
          25,
          89,
          43,
          64,
          16,
          14
        ],
        [
          45,
          46,
          11,
          0,
          10,
          66,
          90,
          74,
          28,
          30,
          35,
          63,
          71,
          17
        ],
        [
          43,
          40,
          74,
          23,
          0,
          81,
          76,
          79,
          24,
          48,
          63,
          19,
          80,
          63
        ],
        [
          61,
          81,
          59,
          64,
          89,
          0,
          65,
          43,
          84,
          52,
          42,
          82,
          53,
          81
        ],
        [
          64,
          12,
          17,
          62,
          27,
          72,
          0,
          30,
          29,
          58,
          41,
          15,
          33,
          38
        ],
        [
          85,
          88,
          87,
          71,
          23,
          56,
          87,
          0,
          63,
          31,
          17,
          51,
          52,
          20
        ],
        [
          80,
          41,
          35,
          67,
          44,
          75,
          12,
          84,
          0,
          66,
          39,
          81,
          85,
          52
        ],
        [
          78,
          25,
          65,
          89,
          50,
          74,
          50,
          58,
          31,
          0,
          15,
          79,
          15,
          58
        ],
        [
          34,
          39,
          25,
          90,
          24,
          29,
          15,
          18,
          15,
          44,
          0,
          43,
          36,
          38
        ],
        [
          27,
          85,
          41,
          23,
          48,
          55,
          42,
          43,
          60,
          50,
          74,
          0,
          52,
          13
        ],
        [
          45,
          14,
          31,
          81,
          43,
          48,
          87,
          57,
          54,
          19,
          38,
          21,
          0,
          69
        ],
        [
          78,
          48,
          14,
          30,
          20,
          51,
          10,
          13,
          32,
          11,
          64,
          21,
          63,
          0
        ]
      ],
      "ptime": [
        55,
        41,
        50,
        57,
        54,
        45,
        46,
        46,
        49,
        56,
        34,
        59,
        46,
        51
      ],
      "schedules": [],
      "priority": 0
    },
    {
      "ID": 2,
      "available": 0,
      "assigned": [],
      "setup": [
        [
          0,
          30,
          48,
          90,
          83,
          36,
          40,
          61,
          85,
          10,
          86,
          59,
          10,
          33
        ],
        [
          82,
          0,
          89,
          40,
          26,
          41,
          10,
          36,
          70,
          24,
          54,
          26,
          44,
          40
        ],
        [
          23,
          51,
          0,
          50,
          25,
          13,
          34,
          58,
          37,
          46,
          81,
          89,
          55,
          35
        ],
        [
          36,
          68,
          45,
          0,
          67,
          20,
          64,
          68,
          56,
          16,
          59,
          80,
          47,
          80
        ],
        [
          42,
          90,
          72,
          74,
          0,
          84,
          43,
          36,
          43,
          36,
          45,
          29,
          75,
          16
        ],
        [
          86,
          82,
          36,
          42,
          78,
          0,
          44,
          73,
          77,
          71,
          24,
          11,
          30,
          66
        ],
        [
          15,
          61,
          33,
          18,
          47,
          75,
          0,
          26,
          26,
          29,
          37,
          29,
          31,
          11
        ],
        [
          63,
          52,
          87,
          64,
          82,
          54,
          18,
          0,
          24,
          80,
          87,
          53,
          52,
          48
        ],
        [
          86,
          33,
          23,
          87,
          11,
          46,
          62,
          11,
          0,
          70,
          56,
          59,
          29,
          41
        ],
        [
          28,
          22,
          61,
          32,
          71,
          48,
          78,
          12,
          47,
          0,
          80,
          90,
          60,
          44
        ],
        [
          35,
          58,
          81,
          19,
          71,
          88,
          10,
          28,
          21,
          65,
          0,
          22,
          74,
          63
        ],
        [
          62,
          17,
          16,
          31,
          47,
          49,
          11,
          18,
          41,
          51,
          57,
          0,
          25,
          10
        ],
        [
          80,
          78,
          87,
          66,
          16,
          19,
          41,
          54,
          20,
          16,
          39,
          59,
          0,
          75
        ],
        [
          49,
          73,
          10,
          87,
          79,
          81,
          29,
          73,
          13,
          30,
          24,
          66,
          67,
          0
        ]
      ],
      "ptime": [
        53,
        52,
        31,
        44,
        56,
        42,
        50,
        36,
        58,
        32,
        57,
        41,
        37,
        34
      ],
      "schedules": [],
      "priority": 0
    },
    {
      "ID": 3,
      "available": 0,
      "assigned": [],
      "setup": [
        [
          0,
          10,
          16,
          37,
          32,
          34,
          59,
          73,
          39,
          34,
          62,
          89,
          71,
          82
        ],
        [
          56,
          0,
          46,
          82,
          48,
          70,
          20,
          57,
          19,
          33,
          21,
          19,
          51,
          21
        ],
        [
          59,
          55,
          0,
          29,
          44,
          36,
          44,
          31,
          64,
          77,
          51,
          48,
          85,
          61
        ],
        [
          67,
          71,
          80,
          0,
          38,
          48,
          67,
          76,
          23,
          58,
          52,
          82,
          29,
          58
        ],
        [
          87,
          76,
          31,
          41,
          0,
          63,
          70,
          72,
          46,
          55,
          13,
          86,
          75,
          51
        ],
        [
          47,
          41,
          33,
          32,
          36,
          0,
          70,
          31,
          39,
          70,
          82,
          50,
          65,
          57
        ],
        [
          80,
          52,
          39,
          37,
          79,
          41,
          0,
          54,
          13,
          34,
          27,
          17,
          59,
          63
        ],
        [
          67,
          85,
          74,
          41,
          81,
          27,
          70,
          0,
          48,
          67,
          38,
          49,
          83,
          73
        ],
        [
          71,
          59,
          65,
          13,
          20,
          56,
          67,
          62,
          0,
          82,
          60,
          48,
          72,
          41
        ],
        [
          50,
          16,
          20,
          38,
          74,
          82,
          24,
          60,
          80,
          0,
          62,
          45,
          12,
          64
        ],
        [
          36,
          32,
          33,
          44,
          15,
          55,
          58,
          68,
          40,
          18,
          0,
          87,
          60,
          44
        ],
        [
          41,
          61,
          72,
          33,
          81,
          71,
          23,
          74,
          28,
          64,
          47,
          0,
          35,
          17
        ],
        [
          53,
          84,
          27,
          83,
          44,
          32,
          68,
          11,
          89,
          59,
          37,
          84,
          0,
          24
        ],
        [
          55,
          40,
          48,
          63,
          70,
          18,
          89,
          48,
          84,
          40,
          52,
          23,
          85,
          0
        ]
      ],
      "ptime": [
        38,
        57,
        39,
        33,
        47,
        31,
        40,
        58,
        43,
        60,
        41,
        33,
        38,
        56
      ],
      "schedules": [],
      "priority": 0
    }
  ],
  "ptime": [
    [
      41,
      47,
      32,
      60,
      57,
      42,
      30,
      60,
      52,
      58,
      36,
      50,
      59,
      34
    ],
    [
      55,
      41,
      50,
      57,
      54,
      45,
      46,
      46,
      49,
      56,
      34,
      59,
      46,
      51
    ],
    [
      53,
      52,
      31,
      44,
      56,
      42,
      50,
      36,
      58,
      32,
      57,
      41,
      37,
      34
    ],
    [
      38,
      57,
      39,
      33,
      47,
      31,
      40,
      58,
      43,
      60,
      41,
      33,
      38,
      56
    ]
  ],
  "setup": [
    [
      [
        0,
        77,
        45,
        50,
        76,
        64,
        43,
        41,
        74,
        19,
        87,
        82,
        54,
        12
      ],
      [
        89,
        0,
        48,
        14,
        35,
        20,
        82,
        30,
        31,
        56,
        89,
        90,
        68,
        22
      ],
      [
        41,
        82,
        0,
        77,
        26,
        11,
        79,
        73,
        28,
        64,
        83,
        75,
        48,
        35
      ],
      [
        28,
        62,
        62,
        0,
        89,
        33,
        22,
        12,
        34,
        79,
        20,
        19,
        26,
        41
      ],
      [
        21,
        74,
        57,
        73,
        0,
        87,
        79,
        56,
        20,
        50,
        59,
        21,
        35,
        39
      ],
      [
        77,
        25,
        66,
        59,
        84,
        0,
        23,
        53,
        80,
        46,
        58,
        84,
        11,
        52
      ],
      [
        12,
        30,
        81,
        49,
        55,
        89,
        0,
        80,
        84,
        67,
        79,
        12,
        18,
        10
      ],
      [
        39,
        13,
        22,
        90,
        65,
        46,
        21,
        0,
        36,
        62,
        37,
        68,
        86,
        66
      ],
      [
        36,
        56,
        69,
        16,
        29,
        49,
        52,
        15,
        0,
        86,
        23,
        32,
        71,
        86
      ],
      [
        53,
        67,
        84,
        63,
        84,
        58,
        32,
        40,
        14,
        0,
        64,
        65,
        41,
        31
      ],
      [
        49,
        82,
        73,
        42,
        90,
        60,
        47,
        14,
        42,
        21,
        0,
        16,
        77,
        46
      ],
      [
        70,
        33,
        34,
        50,
        36,
        24,
        14,
        56,
        47,
        32,
        81,
        0,
        39,
        50
      ],
      [
        51,
        20,
        64,
        16,
        72,
        51,
        83,
        61,
        58,
        16,
        18,
        79,
        0,
        88
      ],
      [
        26,
        42,
        50,
        72,
        23,
        43,
        10,
        32,
        38,
        74,
        52,
        35,
        51,
        0
      ]
    ],
    [
      [
        0,
        37,
        51,
        60,
        71,
        65,
        26,
        48,
        72,
        34,
        61,
        24,
        85,
        62
      ],
      [
        17,
        0,
        35,
        88,
        87,
        82,
        48,
        59,
        17,
        90,
        78,
        28,
        89,
        59
      ],
      [
        75,
        75,
        0,
        39,
        35,
        50,
        27,
        54,
        25,
        89,
        43,
        64,
        16,
        14
      ],
      [
        45,
        46,
        11,
        0,
        10,
        66,
        90,
        74,
        28,
        30,
        35,
        63,
        71,
        17
      ],
      [
        43,
        40,
        74,
        23,
        0,
        81,
        76,
        79,
        24,
        48,
        63,
        19,
        80,
        63
      ],
      [
        61,
        81,
        59,
        64,
        89,
        0,
        65,
        43,
        84,
        52,
        42,
        82,
        53,
        81
      ],
      [
        64,
        12,
        17,
        62,
        27,
        72,
        0,
        30,
        29,
        58,
        41,
        15,
        33,
        38
      ],
      [
        85,
        88,
        87,
        71,
        23,
        56,
        87,
        0,
        63,
        31,
        17,
        51,
        52,
        20
      ],
      [
        80,
        41,
        35,
        67,
        44,
        75,
        12,
        84,
        0,
        66,
        39,
        81,
        85,
        52
      ],
      [
        78,
        25,
        65,
        89,
        50,
        74,
        50,
        58,
        31,
        0,
        15,
        79,
        15,
        58
      ],
      [
        34,
        39,
        25,
        90,
        24,
        29,
        15,
        18,
        15,
        44,
        0,
        43,
        36,
        38
      ],
      [
        27,
        85,
        41,
        23,
        48,
        55,
        42,
        43,
        60,
        50,
        74,
        0,
        52,
        13
      ],
      [
        45,
        14,
        31,
        81,
        43,
        48,
        87,
        57,
        54,
        19,
        38,
        21,
        0,
        69
      ],
      [
        78,
        48,
        14,
        30,
        20,
        51,
        10,
        13,
        32,
        11,
        64,
        21,
        63,
        0
      ]
    ],
    [
      [
        0,
        30,
        48,
        90,
        83,
        36,
        40,
        61,
        85,
        10,
        86,
        59,
        10,
        33
      ],
      [
        82,
        0,
        89,
        40,
        26,
        41,
        10,
        36,
        70,
        24,
        54,
        26,
        44,
        40
      ],
      [
        23,
        51,
        0,
        50,
        25,
        13,
        34,
        58,
        37,
        46,
        81,
        89,
        55,
        35
      ],
      [
        36,
        68,
        45,
        0,
        67,
        20,
        64,
        68,
        56,
        16,
        59,
        80,
        47,
        80
      ],
      [
        42,
        90,
        72,
        74,
        0,
        84,
        43,
        36,
        43,
        36,
        45,
        29,
        75,
        16
      ],
      [
        86,
        82,
        36,
        42,
        78,
        0,
        44,
        73,
        77,
        71,
        24,
        11,
        30,
        66
      ],
      [
        15,
        61,
        33,
        18,
        47,
        75,
        0,
        26,
        26,
        29,
        37,
        29,
        31,
        11
      ],
      [
        63,
        52,
        87,
        64,
        82,
        54,
        18,
        0,
        24,
        80,
        87,
        53,
        52,
        48
      ],
      [
        86,
        33,
        23,
        87,
        11,
        46,
        62,
        11,
        0,
        70,
        56,
        59,
        29,
        41
      ],
      [
        28,
        22,
        61,
        32,
        71,
        48,
        78,
        12,
        47,
        0,
        80,
        90,
        60,
        44
      ],
      [
        35,
        58,
        81,
        19,
        71,
        88,
        10,
        28,
        21,
        65,
        0,
        22,
        74,
        63
      ],
      [
        62,
        17,
        16,
        31,
        47,
        49,
        11,
        18,
        41,
        51,
        57,
        0,
        25,
        10
      ],
      [
        80,
        78,
        87,
        66,
        16,
        19,
        41,
        54,
        20,
        16,
        39,
        59,
        0,
        75
      ],
      [
        49,
        73,
        10,
        87,
        79,
        81,
        29,
        73,
        13,
        30,
        24,
        66,
        67,
        0
      ]
    ],
    [
      [
        0,
        10,
        16,
        37,
        32,
        34,
        59,
        73,
        39,
        34,
        62,
        89,
        71,
        82
      ],
      [
        56,
        0,
        46,
        82,
        48,
        70,
        20,
        57,
        19,
        33,
        21,
        19,
        51,
        21
      ],
      [
        59,
        55,
        0,
        29,
        44,
        36,
        44,
        31,
        64,
        77,
        51,
        48,
        85,
        61
      ],
      [
        67,
        71,
        80,
        0,
        38,
        48,
        67,
        76,
        23,
        58,
        52,
        82,
        29,
        58
      ],
      [
        87,
        76,
        31,
        41,
        0,
        63,
        70,
        72,
        46,
        55,
        13,
        86,
        75,
        51
      ],
      [
        47,
        41,
        33,
        32,
        36,
        0,
        70,
        31,
        39,
        70,
        82,
        50,
        65,
        57
      ],
      [
        80,
        52,
        39,
        37,
        79,
        41,
        0,
        54,
        13,
        34,
        27,
        17,
        59,
        63
      ],
      [
        67,
        85,
        74,
        41,
        81,
        27,
        70,
        0,
        48,
        67,
        38,
        49,
        83,
        73
      ],
      [
        71,
        59,
        65,
        13,
        20,
        56,
        67,
        62,
        0,
        82,
        60,
        48,
        72,
        41
      ],
      [
        50,
        16,
        20,
        38,
        74,
        82,
        24,
        60,
        80,
        0,
        62,
        45,
        12,
        64
      ],
      [
        36,
        32,
        33,
        44,
        15,
        55,
        58,
        68,
        40,
        18,
        0,
        87,
        60,
        44
      ],
      [
        41,
        61,
        72,
        33,
        81,
        71,
        23,
        74,
        28,
        64,
        47,
        0,
        35,
        17
      ],
      [
        53,
        84,
        27,
        83,
        44,
        32,
        68,
        11,
        89,
        59,
        37,
        84,
        0,
        24
      ],
      [
        55,
        40,
        48,
        63,
        70,
        18,
        89,
        48,
        84,
        40,
        52,
        23,
        85,
        0
      ]
    ]
  ],
  "with_setup": true,
  "family_setup": false,
  "objective": "wT",
  "identical_mch": false
}