{
  "numJob": 13,
  "numMch": 2,
  "jobs": [
    {
      "ID": 0,
      "due": 102,
      "weight": 5,
      "family": 0,
      "complete": false,
      "start": -1,
      "end": -1,
      "assignedMch": -1,
      "priority": 0
    },
    {
      "ID": 1,
      "due": 79,
      "weight": 9,
      "family": 1,
      "complete": false,
      "start": -1,
      "end": -1,
      "assignedMch": -1,
      "priority": 0
    },
    {
      "ID": 2,
      "due": 77,
      "weight": 6,
      "family": 2,
      "complete": false,
      "start": -1,
      "end": -1,
      "assignedMch": -1,
      "priority": 0
    },
    {
      "ID": 3,
      "due": 93,
      "weight": 4,
      "family": 3,
      "complete": false,
      "start": -1,
      "end": -1,
      "assignedMch": -1,
      "priority": 0
    },
    {
      "ID": 4,
      "due": 7,
      "weight": 6,
      "family": 4,
      "complete": false,
      "start": -1,
      "end": -1,
      "assignedMch": -1,
      "priority": 0
    },
    {
      "ID": 5,
      "due": 69,
      "weight": 10,
      "family": 5,
      "complete": false,
      "start": -1,
      "end": -1,
      "assignedMch": -1,
      "priority": 0
    },
    {
      "ID": 6,
      "due": 74,
      "weight": 10,
      "family": 6,
      "complete": false,
      "start": -1,
      "end": -1,
      "assignedMch": -1,
      "priority": 0
    },
    {
      "ID": 7,
      "due": 95,
      "weight": 7,
      "family": 7,
      "complete": false,
      "start": -1,
      "end": -1,
      "assignedMch": -1,
      "priority": 0
    },
    {
      "ID": 8,
      "due": 1,
      "weight": 8,
      "family": 8,
      "complete": false,
      "start": -1,
      "end": -1,
      "assignedMch": -1,
      "priority": 0
    },
    {
      "ID": 9,
      "due": 55,
      "weight": 10,
      "family": 9,
      "complete": false,
      "start": -1,
      "end": -1,
      "assignedMch": -1,
      "priority": 0
    },
    {
      "ID": 10,
      "due": 75,
      "weight": 7,
      "family": 10,
      "complete": false,
      "start": -1,
      "end": -1,
      "assignedMch": -1,
      "priority": 0
    },
    {
      "ID": 11,
      "due": 37,
      "weight": 4,
      "family": 11,
      "complete": false,
      "start": -1,
      "end": -1,
      "assignedMch": -1,
      "priority": 0
    },
    {
      "ID": 12,
      "due": 38,
      "weight": 1,
      "family": 12,
      "complete": false,
      "start": -1,
      "end": -1,
      "assignedMch": -1,
      "priority": 0
    }
  ],
  "machines": [
    {
      "ID": 0,
      "available": 0,
      "assigned": [],
      "setup": [
        [
          0,
          74,
          89,
          23,
          77,
          49,
          74,
          70,
          12,
          11,
          54,
          86,
          69
        ],
        [
          42,
          0,
          90,
          45,
          78,
          16,
          47,
          42,
          74,
          89,
          19,
          26,
          74
        ],
        [
          24,
          61,
          0,
          15,
          17,
          40,
          70,
          21,
          47,
          65,
          53,
          44,
          84
        ],
        [
          56,
          87,
          36,
          0,
          59,
          34,
          76,
          42,
          38,
          36,
          80,
          39,
          86
        ],
        [
          43,
          16,
          28,
          21,
          0,
          66,
          28,
          38,
          10,
          11,
          43,
          41,
          48
        ],
        [
          12,
          44,
          47,
          70,
          13,
          0,
          10,
          79,
          10,
          61,
          53,
          22,
          71
        ],
        [
          83,
          89,
          50,
          65,
          87,
          30,
          0,
          22,
          41,
          25,
          27,
          26,
          87
        ],
        [
          27,
          31,
          36,
          40,
          51,
          55,
          53,
          0,
          86,
          68,
          46,
          81,
          62
        ],
        [
          81,
          26,
          35,
          79,
          55,
          64,
          76,
          23,
          0,
          44,
          89,
          57,
          62
        ],
        [
          16,
          17,
          62,
          45,
          90,
          34,
          76,
          29,
          71,
          0,
          21,
          68,
          45
        ],
        [
          42,
          72,
          88,
          59,
          28,
          62,
          81,
          83,
          49,
          43,
          0,
          38,
          70
        ],
        [
          54,
          24,
          28,
          53,
          38,
          83,
          15,
          31,
          12,
          57,
          62,
          0,
          84
        ],
        [
          39,
          42,
          33,
          81,
          28,
          31,
          17,
          66,
          10,
          40,
          10,
          42,
          0
        ]
      ],
      "ptime": [
        31,
        37,
        57,
        35,
        47,
        57,
        54,
        51,
        35,
        30,
        45,
        50,
        37
      ],
      "schedules": [],
      "priority": 0
    },
    {
      "ID": 1,
      "available": 0,
      "assigned": [],
      "setup": [
        [
          0,
          32,
          36,
          28,
          14,
          60,
          19,
          67,
          69,
          42,
          11,
          42,
          85
        ],
        [
          27,
          0,
          46,
          24,
          57,
          21,
          60,
          61,
          35,
          26,
          81,
          80,
          37
        ],
        [
          25,
          45,
          0,
          26,
          28,
          36,
          73,
          80,
          31,
          83,
          15,
          10,
          27
        ],
        [
          58,
          39,
          87,
          0,
          35,
          15,
          45,
          25,
          58,
          64,
          65,
          34,
          64
        ],
        [
          49,
          75,
          25,
          30,
          0,
          24,
          15,
          82,
          30,
          67,
          53,
          52,
          21
        ],
        [
          25,
          72,
          82,
          73,
          72,
          0,
          59,
          48,
          13,
          11,
          66,
          36,
          21
        ],
        [
          47,
          24,
          76,
          50,
          32,
          11,
          0,
          83,
          24,
          26,
          48,
          81,
          31
        ],
        [
          62,
          20,
          41,
          19,
          21,
          43,
          88,
          0,
          46,
          64,
          55,
          42,
          34
        ],
        [
          58,
          71,
          47,
          88,
          75,
          85,
          61,
          37,
          0,
          57,
          79,
          62,
          38
        ],
        [
          67,
          15,
          30,
          38,
          52,
          20,
          51,
          25,
          50,
          0,
          33,
          28,
          38
        ],
        [
          73,
          37,
          34,
          63,
          45,
          88,
          71,
          61,
          53,
          57,
          0,
          69,
          28
        ],
        [
          50,
          22,
          60,
          75,
          38,
          32,
          23,
          19,
          27,
          85,
          73,
          0,
          21
        ],
        [
          28,
          31,
          36,
          80,
          28,
          44,
          89,
          81,
          60,
          49,
          89,
          38,
          0
        ]
      ],
      "ptime": [
        54,
        37,
        30,
        45,
        42,
        37,
        52,
        50,
        52,
        37,
        60,
        31,
        50
      ],
      "schedules": [],
      "priority": 0
    }
  ],
  "ptime": [
    [
      31,
      37,
      57,
      35,
      47,
      57,
      54,
      51,
      35,
      30,
      45,
      50,
      37
    ],
    [
      54,
      37,
      30,
      45,
      42,
      37,
      52,
      50,
      52,
      37,
      60,
      31,
      50
    ]
  ],
  "setup": [
    [
      [
        0,
        74,
        89,
        23,
        77,
        49,
        74,
        70,
        12,
        11,
        54,
        86,
        69
      ],
      [
        42,
        0,
        90,
        45,
        78,
        16,
        47,
        42,
        74,
        89,
        19,
        26,
        74
      ],
      [
        24,
        61,
        0,
        15,
        17,
        40,
        70,
        21,
        47,
        65,
        53,
        44,
        84
      ],
      [
        56,
        87,
        36,
        0,
        59,
        34,
        76,
        42,
        38,
        36,
        80,
        39,
        86
      ],
      [
        43,
        16,
        28,
        21,
        0,
        66,
        28,
        38,
        10,
        11,
        43,
        41,
        48
      ],
      [
        12,
        44,
        47,
        70,
        13,
        0,
        10,
        79,
        10,
        61,
        53,
        22,
        71
      ],
      [
        83,
        89,
        50,
        65,
        87,
        30,
        0,
        22,
        41,
        25,
        27,
        26,
        87
      ],
      [
        27,
        31,
        36,
        40,
        51,
        55,
        53,
        0,
        86,
        68,
        46,
        81,
        62
      ],
      [
        81,
        26,
        35,
        79,
        55,
        64,
        76,
        23,
        0,
        44,
        89,
        57,
        62
      ],
      [
        16,
        17,
        62,
        45,
        90,
        34,
        76,
        29,
        71,
        0,
        21,
        68,
        45
      ],
      [
        42,
        72,
        88,
        59,
        28,
        62,
        81,
        83,
        49,
        43,
        0,
        38,
        70
      ],
      [
        54,
        24,
        28,
        53,
        38,
        83,
        15,
        31,
        12,
        57,
        62,
        0,
        84
      ],
      [
        39,
        42,
        33,
        81,
        28,
        31,
        17,
        66,
        10,
        40,
        10,
        42,
        0
      ]
    ],
    [
      [
        0,
        32,
        36,
        28,
        14,
        60,
        19,
        67,
        69,
        42,
        11,
        42,
        85
      ],
      [
        27,
        0,
        46,
        24,
        57,
        21,
        60,
        61,
        35,
        26,
        81,
        80,
        37
      ],
      [
        25,
        45,
        0,
        26,
        28,
        36,
        73,
        80,
        31,
        83,
        15,
        10,
        27
      ],
      [
        58,
        39,
        87,
        0,
        35,
        15,
        45,
        25,
        58,
        64,
        65,
        34,
        64
      ],
      [
        49,
        75,
        25,
        30,
        0,
        24,
        15,
        82,
        30,
        67,
        53,
        52,
        21
      ],
      [
        25,
        72,
        82,
        73,
        72,
        0,
        59,
        48,
        13,
        11,
        66,
        36,
        21
      ],
      [
        47,
        24,
        76,
        50,
        32,
        11,
        0,
        83,
        24,
        26,
        48,
        81,
        31
      ],
      [
        62,
        20,
        41,
        19,
        21,
        43,
        88,
        0,
        46,
        64,
        55,
        42,
        34
      ],
      [
        58,
        71,
        47,
        88,
        75,
        85,
        61,
        37,
        0,
        57,
        79,
        62,
        38
      ],
      [
        67,
        15,
        30,
        38,
        52,
        20,
        51,
        25,
        50,
        0,
        33,
        28,
        38
      ],
      [
        73,
        37,
        34,
        63,
        45,
        88,
        71,
        61,
        53,
        57,
        0,
        69,
        28
      ],
      [
        50,
        22,
        60,
        75,
        38,
        32,
        23,
        19,
        27,
        85,
        73,
        0,
        21
      ],
      [
        28,
        31,
        36,
        80,
        28,
        44,
        89,
        81,
        60,
        49,
        89,
        38,
        0
      ]
    ]
  ],
  "with_setup": true,
  "family_setup": false,
  "objective": "wT",
  "identical_mch": false
}