{
  "numJob": 8,
  "numMch": 4,
  "jobs": [
    {
      "ID": 0,
      "due": 32,
      "weight": 7,
      "family": 0,
      "complete": false,
      "start": -1,
      "end": -1,
      "assignedMch": -1,
      "priority": 0
    },
    {
      "ID": 1,
      "due": 22,
      "weight": 7,
      "family": 1,
      "complete": false,
      "start": -1,
      "end": -1,
      "assignedMch": -1,
      "priority": 0
    },
    {
      "ID": 2,
      "due": 15,
      "weight": 5,
      "family": 2,
      "complete": false,
      "start": -1,
      "end": -1,
      "assignedMch": -1,
      "priority": 0
    },
    {
      "ID": 3,
      "due": 34,
      "weight": 10,
      "family": 3,
      "complete": false,
      "start": -1,
      "end": -1,
      "assignedMch": -1,
      "priority": 0
    },
    {
      "ID": 4,
      "due": 25,
      "weight": 5,
      "family": 4,
      "complete": false,
      "start": -1,
      "end": -1,
      "assignedMch": -1,
      "priority": 0
    },
    {
      "ID": 5,
      "due": 20,
      "weight": 5,
      "family": 5,
      "complete": false,
      "start": -1,
      "end": -1,
      "assignedMch": -1,
      "priority": 0
    },
    {
      "ID": 6,
      "due": 5,
      "weight": 2,
      "family": 6,
      "complete": false,
      "start": -1,
      "end": -1,
      "assignedMch": -1,
      "priority": 0
    },
    {
      "ID": 7,
      "due": 32,
      "weight": 10,
      "family": 7,
      "complete": false,
      "start": -1,
      "end": -1,
      "assignedMch": -1,
      "priority": 0
    }
  ],
  "machines": [
    {
      "ID": 0,
      "available": 0,
      "assigned": [],
      "setup": [
        [
          0,
          25,
          12,
          55,
          15,
          84,
          51,
          56
        ],
        [
          81,
          0,
          86,
          83,
          76,
          57,
          80,
          89
        ],
        [
          55,
          32,
          0,
          29,
          55,
          34,
          45,
          71
        ],
        [
          33,
          24,
          15,
          0,
          34,
          39,
          72,
          76
        ],
        [
          82,
          27,
          34,
          66,
          0,
          12,
          24,
          68
        ],
        [
          64,
          54,
          56,
          19,
          52,
          0,
          56,
          90
        ],
        [
          68,
          12,
          25,
          68,
          90,
          36,
          0,
          49
        ],
        [
          13,
          72,
          43,
          71,
          54,
          12,
          10,
          0
        ]
      ],
      "ptime": [
        55,
        59,
        55,
        49,
        55,
        44,
        43,
        60
      ],
      "schedules": [],
      "priority": 0
    },
    {
      "ID": 1,
      "available": 0,
      "assigned": [],
      "setup": [
        [
          0,
          90,
          36,
          20,
          53,
          36,
          60,
          81
        ],
        [
          33,
          0,
          55,
          33,
          25,
          17,
          19,
          16
        ],
        [
          87,
          55,
          0,
          49,
          16,
          50,
          41,
          69
        ],
        [
          32,
          42,
          53,
          0,
          89,
          53,
          46,
          78
        ],
        [
          30,
          83,
          41,
          33,
          0,
          90,
          37,
          77
        ],
        [
          68,
          55,
          22,
          34,
          26,
          0,
          19,
          22
        ],
        [
          83,
          13,
          72,
          29,
          24,
          14,
          0,
          28
        ],
        [
          48,
          82,
          53,
          36,
          56,
          57,
          60,
          0
        ]
      ],
      "ptime": [
        47,
        59,
        41,
        58,
        48,
        45,
        57,
        58
      ],
      "schedules": [],
      "priority": 0
    },
    {
      "ID": 2,
      "available": 0,
      "assigned": [],
      "setup": [
        [
          0,
          31,
          88,
          79,
          49,
          24,
          64,
          40
        ],
        [
          37,
          0,
          84,
          55,
          54,
          78,
          23,
          77
        ],
        [
          80,
          24,
          0,
          17,
          45,
          60,
          85,
          43
        ],
        [
          48,
          38,
          17,
          0,
          57,
          41,
          24,
          17
        ],
        [
          65,
          67,
          13,
          81,
          0,
          46,
          83,
          68
        ],
        [
          43,
          48,
          65,
          73,
          41,
          0,
          68,
          25
        ],
        [
          40,
          30,
          44,
          27,
          44,
          14,
          0,
          35
        ],
        [
          67,
          26,
          17,
          24,
          64,
          87,
          16,
          0
        ]
      ],
      "ptime": [
        36,
        50,
        32,
        51,
        55,
        51,
        50,
        57
      ],
      "schedules": [],
      "priority": 0
    },
    {
      "ID": 3,
      "available": 0,
      "assigned": [],
      "setup": [
        [
          0,
          17,
          61,
          76,
          10,
          25,
          25,
          26
        ],
        [
          35,
          0,
          45,
          43,
          35,
          22,
          84,
          89
        ],
        [
          84,
          68,
          0,
          28,
          12,
          26,
          90,
          24
        ],
        [
          61,
          27,
          21,
          0,
          53,
          20,
          59,
          21
        ],
        [
          29,
          88,
          14,
          38,
          0,
          58,
          51,
          59
        ],
        [
          25,
          41,
          12,
          55,
          72,
          0,
          22,
          38
        ],
        [
          74,
          50,
          39,
          73,
          14,
          43,
          0,
          46
        ],
        [
          84,
          80,
          63,
          22,
          10,
          12,
          51,
          0
        ]
      ],
      "ptime": [
        35,
        45,
        55,
        40,
        47,
        34,
        40,
        59
      ],
      "schedules": [],
      "priority": 0
    }
  ],
  "ptime": [
    [
      55,
      59,
      55,
      49,
      55,
      44,
      43,
      60
    ],
    [
      47,
      59,
      41,
      58,
      48,
      45,
      57,
      58
    ],
    [
      36,
      50,
      32,
      51,
      55,
      51,
      50,
      57
    ],
    [
      35,
      45,
      55,
      40,
      47,
      34,
      40,
      59
    ]
  ],
  "setup": [
    [
      [
        0,
        25,
        12,
        55,
        15,
        84,
        51,
        56
      ],
      [
        81,
        0,
        86,
        83,
        76,
        57,
        80,
        89
      ],
      [
        55,
        32,
        0,
        29,
        55,
        34,
        45,
        71
      ],
      [
        33,
        24,
        15,
        0,
        34,
        39,
        72,
        76
      ],
      [
        82,
        27,
        34,
        66,
        0,
        12,
        24,
        68
      ],
      [
        64,
        54,
        56,
        19,
        52,
        0,
        56,
        90
      ],
      [
        68,
        12,
        25,
        68,
        90,
        36,
        0,
        49
      ],
      [
        13,
        72,
        43,
        71,
        54,
        12,
        10,
        0
      ]
    ],
    [
      [
        0,
        90,
        36,
        20,
        53,
        36,
        60,
        81
      ],
      [
        33,
        0,
        55,
        33,
        25,
        17,
        19,
        16
      ],
      [
        87,
        55,
        0,
        49,
        16,
        50,
        41,
        69
      ],
      [
        32,
        42,
        53,
        0,
        89,
        53,
        46,
        78
      ],
      [
        30,
        83,
        41,
        33,
        0,
        90,
        37,
        77
      ],
      [
        68,
        55,
        22,
        34,
        26,
        0,
        19,
        22
      ],
      [
        83,
        13,
        72,
        29,
        24,
        14,
        0,
        28
      ],
      [
        48,
        82,
        53,
        36,
        56,
        57,
        60,
        0
      ]
    ],
    [
      [
        0,
        31,
        88,
        79,
        49,
        24,
        64,
        40
      ],
      [
        37,
        0,
        84,
        55,
        54,
        78,
        23,
        77
      ],
      [
        80,
        24,
        0,
        17,
        45,
        60,
        85,
        43
      ],
      [
        48,
        38,
        17,
        0,
        57,
        41,
        24,
        17
      ],
      [
        65,
        67,
        13,
        81,
        0,
        46,
        83,
        68
      ],
      [
        43,
        48,
        65,
        73,
        41,
        0,
        68,
        25
      ],
      [
        40,
        30,
        44,
        27,
        44,
        14,
        0,
        35
      ],
      [
        67,
        26,
        17,
        24,
        64,
        87,
        16,
        0
      ]
    ],
    [
      [
        0,
        17,
        61,
        76,
        10,
        25,
        25,
        26
      ],
      [
        35,
        0,
        45,
        43,
        35,
        22,
        84,
        89
      ],
      [
        84,
        68,
        0,
        28,
        12,
        26,
        90,
        24
      ],
      [
        61,
        27,
        21,
        0,
        53,
        20,
        59,
        21
      ],
      [
        29,
        88,
        14,
        38,
        0,
        58,
        51,
        59
      ],
      [
        25,
        41,
        12,
        55,
        72,
        0,
        22,
        38
      ],
      [
        74,
        50,
        39,
        73,
        14,
        43,
        0,
        46
      ],
      [
        84,
        80,
        63,
        22,
        10,
        12,
        51,
        0
      ]
    ]
  ],
  "with_setup": true,
  "family_setup": false,
  "objective": "wT",
  "identical_mch": false
}