{
  "numJob": 18,
  "numMch": 4,
  "jobs": [
    {
      "ID": 0,
      "due": 65,
      "weight": 2,
      "family": 0,
      "complete": false,
      "start": -1,
      "end": -1,
      "assignedMch": -1,
      "priority": 0
    },
    {
      "ID": 1,
      "due": 15,
      "weight": 6,
      "family": 1,
      "complete": false,
      "start": -1,
      "end": -1,
      "assignedMch": -1,
      "priority": 0
    },
    {
      "ID": 2,
      "due": 0,
      "weight": 3,
      "family": 2,
      "complete": false,
      "start": -1,
      "end": -1,
      "assignedMch": -1,
      "priority": 0
    },
    {
      "ID": 3,
      "due": 34,
      "weight": 4,
      "family": 3,
      "complete": false,
      "start": -1,
      "end": -1,
      "assignedMch": -1,
      "priority": 0
    },
    {
      "ID": 4,
      "due": 48,
      "weight": 7,
      "family": 4,
      "complete": false,
      "start": -1,
      "end": -1,
      "assignedMch": -1,
      "priority": 0
    },
    {
      "ID": 5,
      "due": 12,
      "weight": 10,
      "family": 5,
      "complete": false,
      "start": -1,
      "end": -1,
      "assignedMch": -1,
      "priority": 0
    },
    {
      "ID": 6,
      "due": 64,
      "weight": 10,
      "family": 6,
      "complete": false,
      "start": -1,
      "end": -1,
      "assignedMch": -1,
      "priority": 0
    },
    {
      "ID": 7,
      "due": 26,
      "weight": 9,
      "family": 7,
      "complete": false,
      "start": -1,
      "end": -1,
      "assignedMch": -1,
      "priority": 0
    },
    {
      "ID": 8,
      "due": 32,
      "weight": 1,
      "family": 8,
      "complete": false,
      "start": -1,
      "end": -1,
      "assignedMch": -1,
      "priority": 0
    },
    {
      "ID": 9,
      "due": 49,
      "weight": 8,
      "family": 9,
      "complete": false,
      "start": -1,
      "end": -1,
      "assignedMch": -1,
      "priority": 0
    },
    {
      "ID": 10,
      "due": 57,
      "weight": 7,
      "family": 10,
      "complete": false,
      "start": -1,
      "end": -1,
      "assignedMch": -1,
      "priority": 0
    },
    {
      "ID": 11,
      "due": 38,
      "weight": 9,
      "family": 11,
      "complete": false,
      "start": -1,
      "end": -1,
      "assignedMch": -1,
      "priority": 0
    },
    {
      "ID": 12,
      "due": 19,
      "weight": 6,
      "family": 12,
      "complete": false,
      "start": -1,
      "end": -1,
      "assignedMch": -1,
      "priority": 0
    },
    {
      "ID": 13,
      "due": 68,
      "weight": 10,
      "family": 13,
      "complete": false,
      "start": -1,
      "end": -1,
      "assignedMch": -1,
      "priority": 0
    },
    {
      "ID": 14,
      "due": 19,
      "weight": 10,
      "family": 14,
      "complete": false,
      "start": -1,
      "end": -1,
      "assignedMch": -1,
      "priority": 0
    },
    {
      "ID": 15,
      "due": 27,
      "weight": 7,
      "family": 15,
      "complete": false,
      "start": -1,
      "end": -1,
      "assignedMch": -1,
      "priority": 0
    },
    {
      "ID": 16,
      "due": 7,
      "weight": 4,
      "family": 16,
      "complete": false,
      "start": -1,
      "end": -1,
      "assignedMch": -1,
      "priority": 0
    },
    {
      "ID": 17,
      "due": 21,
      "weight": 2,
      "family": 17,
      "complete": false,
      "start": -1,
      "end": -1,
      "assignedMch": -1,
      "priority": 0
    }
  ],
  "machines": [
    {
      "ID": 0,
      "available": 0,
      "assigned": [],
      "setup": [
        [
          0,
          61,
          65,
          74,
          46,
          31,
          73,
          34,
          19,
          51,
          48,
          37,
          61,
          40,
          75,
          24,
          35,
          62
        ],
        [
          26,
          0,
          86,
          79,
          76,
          64,
          79,
          16,
          84,
          17,
          26,
          90,
          41,
          86,
          48,
          82,
          71,
          55
        ],
        [
          45,
          72,
          0,
          62,
          29,
          71,
          34,
          45,
          81,
          17,
          33,
          42,
          56,
          47,
          69,
          15,
          60,
          18
        ],
        [
          44,
          20,
          46,
          0,
          41,
          89,
          23,
          84,
          48,
          42,
          55,
          37,
          81,
          21,
          23,
          40,
          63,
          83
        ],
        [
          16,
          76,
          61,
          20,
          0,
          35,
          11,
          70,
          46,
          67,
          24,
          35,
          38,
          35,
          21,
          47,
          57,
          14
        ],
        [
          16,
          23,
          45,
          59,
          30,
          0,
          50,
          70,
          84,
          77,
          84,
          61,
          81,
          67,
          72,
          80,
          45,
          65
        ],
        [
          90,
          61,
          28,
          88,
          63,
          12,
          0,
          81,
          75,
          60,
          88,
          26,
          44,
          18,
          67,
          74,
          75,
          16
        ],
        [
          52,
          61,
          38,
          46,
          70,
          79,
          76,
          0,
          69,
          34,
          20,
          18,
          51,
          28,
          74,
          59,
          42,
          66
        ],
        [
          53,
          67,
          13,
          58,
          84,
          24,
          85,
          83,
          0,
          11,
          70,
          34,
          46,
          69,
          68,
          47,
          86,
          20
        ],
        [
          28,
          73,
          75,
          74,
          86,
          50,
          43,
          74,
          24,
          0,
          82,
          35,
          37,
          60,
          17,
          58,
          23,
          44
        ],
        [
          87,
          12,
          77,
          79,
          47,
          69,
          90,
          44,
          70,
          89,
          0,
          35,
          53,
          83,
          46,
          82,
          65,
          14
        ],
        [
          33,
          60,
          11,
          41,
          40,
          13,
          33,
          31,
          41,
          54,
          36,
          0,
          88,
          62,
          46,
          33,
          59,
          13
        ],
        [
          23,
          62,
          53,
          82,
          40,
          47,
          48,
          72,
          73,
          77,
          28,
          45,
          0,
          56,
          56,
          14,
          19,
          58
        ],
        [
          12,
          17,
          87,
          22,
          82,
          87,
          76,
          70,
          13,
          30,
          83,
          55,
          25,
          0,
          68,
          84,
          50,
          30
        ],
        [
          35,
          75,
          34,
          76,
          19,
          83,
          76,
          39,
          68,
          61,
          12,
          24,
          84,
          21,
          0,
          81,
          36,
          82
        ],
        [
          57,
          84,
          49,
          69,
          81,
          12,
          87,
          67,
          30,
          63,
          36,
          19,
          22,
          42,
          28,
          0,
          59,
          66
        ],
        [
          46,
          54,
          38,
          23,
          65,
          61,
          55,
          14,
          28,
          35,
          83,
          62,
          16,
          47,
          28,
          28,
          0,
          64
        ],
        [
          65,
          90,
          11,
          87,
          86,
          73,
          23,
          37,
          13,
          54,
          78,
          72,
          38,
          49,
          16,
          55,
          84,
          0
        ]
      ],
      "ptime": [
        38,
        44,
        43,
        37,
        45,
        49,
        35,
        36,
        60,
        37,
        60,
        60,
        58,
        30,
        54,
        31,
        56,
        30
      ],
      "schedules": [],
      "priority": 0
    },
    {
      "ID": 1,
      "available": 0,
      "assigned": [],
      "setup": [
        [
          0,
          60,
          90,
          24,
          77,
          79,
          18,
          19,
          73,
          32,
          60,
          36,
          38,
          16,
          75,
          78,
          61,
          29
        ],
        [
          67,
          0,
          25,
          57,
          87,
          28,
          59,
          34,
          26,
          80,
          66,
          37,
          80,
          77,
          46,
          42,
          60,
          31
        ],
        [
          44,
          63,
          0,
          24,
          23,
          40,
          20,
          87,
          81,
          28,
          14,
          44,
          54,
          44,
          19,
          33,
          53,
          29
        ],
        [
          44,
          60,
          85,
          0,
          38,
          40,
          40,
          32,
          18,
          15,
          38,
          67,
          11,
          52,
          90,
          79,
          81,
          54
        ],
        [
          89,
          68,
          70,
          49,
          0,
          13,
          31,
          29,
          81,
          54,
          69,
          25,
          25,
          35,
          43,
          18,
          76,
          57
        ],
        [
          66,
          56,
          47,
          52,
          33,
          0,
          29,
          34,
          90,
          82,
          25,
          62,
          46,
          89,
          22,
          73,
          38,
          74
        ],
        [
          13,
          53,
          19,
          13,
          81,
          84,
          0,
          84,
          58,
          89,
          37,
          89,
          19,
          70,
          16,
          10,
          47,
          74
        ],
        [
          44,
          46,
          34,
          33,
          38,
          55,
          78,
          0,
          77,
          73,
          79,
          47,
          17,
          39,
          43,
          68,
          30,
          60
        ],
        [
          90,
          17,
          41,
          16,
          76,
          30,
          81,
          85,
          0,
          73,
          26,
          55,
          87,
          44,
          82,
          67,
          73,
          30
        ],
        [
          64,
          11,
          60,
          51,
          89,
          43,
          27,
          79,
          42,
          0,
          20,
          83,
          85,
          13,
          58,
          23,
          45,
          88
        ],
        [
          54,
          78,
          76,
          72,
          19,
          42,
          48,
          23,
          58,
          39,
          0,
          46,
          50,
          88,
          42,
          44,
          74,
          50
        ],
        [
          85,
          51,
          32,
          58,
          15,
          29,
          13,
          17,
          42,
          57,
          84,
          0,
          12,
          33,
          76,
          54,
          64,
          57
        ],
        [
          78,
          88,
          49,
          57,
          38,
          46,
          75,
          20,
          50,
          58,
          61,
          64,
          0,
          51,
          32,
          47,
          16,
          61
        ],
        [
          70,
          33,
          67,
          17,
          64,
          24,
          36,
          12,
          73,
          23,
          75,
          42,
          31,
          0,
          66,
          19,
          10,
          57
        ],
        [
          70,
          21,
          81,
          13,
          66,
          61,
          87,
          60,
          19,
          84,
          55,
          15,
          62,
          53,
          0,
          51,
          60,
          17
        ],
        [
          43,
          88,
          13,
          15,
          50,
          73,
          56,
          48,
          75,
          33,
          27,
          61,
          57,
          35,
          32,
          0,
          58,
          46
        ],
        [
          29,
          31,
          83,
          13,
          52,
          47,
          16,
          47,
          29,
          17,
          29,
          16,
          64,
          10,
          60,
          71,
          0,
          74
        ],
        [
          89,
          13,
          45,
          45,
          60,
          51,
          40,
          55,
          79,
          17,
          53,
          79,
          80,
          52,
          54,
          76,
          71,
          0
        ]
      ],
      "ptime": [
        58,
        36,
        58,
        42,
        54,
        54,
        33,
        40,
        33,
        43,
        60,
        50,
        52,
        36,
        42,
        55,
        30,
        47
      ],
      "schedules": [],
      "priority": 0
    },
    {
      "ID": 2,
      "available": 0,
      "assigned": [],
      "setup": [
        [
          0,
          51,
          67,
          36,
          32,
          79,
          17,
          32,
          18,
          68,
          21,
          60,
          14,
          47,
          18,
          48,
          48,
          50
        ],
        [
          83,
          0,
          59,
          57,
          11,
          77,
          69,
          44,
          62,
          33,
          12,
          55,
          10,
          36,
          82,
          84,
          24,
          43
        ],
        [
          62,
          77,
          0,
          77,
          24,
          88,
          28,
          85,
          36,
          84,
          88,
          16,
          42,
          12,
          15,
          41,
          28,
          81
        ],
        [
          78,
          64,
          68,
          0,
          17,
          40,
          68,
          39,
          27,
          39,
          71,
          55,
          64,
          13,
          40,
          83,
          23,
          32
        ],
        [
          65,
          30,
          41,
          50,
          0,
          41,
          76,
          69,
          87,
          15,
          76,
          77,
          21,
          16,
          63,
          84,
          27,
          39
        ],
        [
          32,
          89,
          51,
          43,
          90,
          0,
          53,
          80,
          89,
          37,
          74,
          71,
          59,
          66,
          55,
          24,
          45,
          41
        ],
        [
          62,
          69,
          46,
          67,
          33,
          34,
          0,
          56,
          35,
          16,
          85,
          12,
          42,
          71,
          62,
          50,
          90,
          77
        ],
        [
          74,
          83,
          69,
          60,
          31,
          71,
          62,
          0,
          16,
          63,
          54,
          31,
          50,
          55,
          50,
          21,
          49,
          74
        ],
        [
          10,
          16,
          80,
          28,
          83,
          50,
          66,
          75,
          0,
          76,
          71,
          26,
          25,
          80,
          29,
          34,
          71,
          15
        ],
        [
          39,
          76,
          14,
          85,
          33,
          59,
          70,
          76,
          79,
          0,
          18,
          82,
          62,
          85,
          71,
          48,
          67,
          46
        ],
        [
          51,
          33,
          34,
          23,
          47,
          75,
          85,
          51,
          47,
          27,
          0,
          43,
          68,
          66,
          79,
          16,
          59,
          45
        ],
        [
          72,
          59,
          77,
          10,
          59,
          78,
          58,
          30,
          37,
          73,
          44,
          0,
          32,
          30,
          63,
          33,
          51,
          40
        ],
        [
          78,
          16,
          52,
          13,
          47,
          51,
          88,
          11,
          17,
          42,
          86,
          52,
          0,
          68,
          82,
          71,
          62,
          54
        ],
        [
          37,
          54,
          59,
          45,
          13,
          65,
          78,
          56,
          82,
          89,
          34,
          66,
          36,
          0,
          87,
          86,
          73,
          74
        ],
        [
          71,
          20,
          20,
          15,
          86,
          26,
          49,
          18,
          29,
          10,
          72,
          51,
          22,
          73,
          0,
          54,
          12,
          48
        ],
        [
          21,
          30,
          87,
          48,
          33,
          75,
          16,
          25,
          35,
          57,
          12,
          20,
          55,
          81,
          73,
          0,
          74,
          33
        ],
        [
          36,
          85,
          52,
          84,
          23,
          33,
          79,
          37,
          90,
          44,
          60,
          55,
          45,
          25,
          35,
          46,
          0,
          75
        ],
        [
          58,
          55,
          46,
          72,
          65,
          71,
          24,
          39,
          15,
          58,
          62,
          19,
          28,
          48,
          60,
          41,
          38,
          0
        ]
      ],
      "ptime": [
        36,
        60,
        48,
        32,
        36,
        60,
        38,
        57,
        54,
        53,
        36,
        41,
        58,
        46,
        54,
        31,
        48,
        35
      ],
      "schedules": [],
      "priority": 0
    },
    {
      "ID": 3,
      "available": 0,
      "assigned": [],
      "setup": [
        [
          0,
          90,
          52,
          75,
          13,
          38,
          20,
          30,
          63,
          26,
          64,
          28,
          84,
          36,
          73,
          27,
          33,
          36
        ],
        [
          14,
          0,
          88,
          27,
          75,
          64,
          62,
          20,
          41,
          12,
          42,
          37,
          84,
          69,
          37,
          48,
          78,
          63
        ],
        [
          65,
          26,
          0,
          57,
          62,
          26,
          47,
          19,
          37,
          85,
          80,
          34,
          49,
          87,
          63,
          68,
          89,
          53
        ],
        [
          12,
          74,
          73,
          0,
          38,
          58,
          87,
          77,
          11,
          68,
          80,
          32,
          90,
          59,
          54,
          85,
          21,
          83
        ],
        [
          41,
          82,
          17,
          21,
          0,
          55,
          74,
          18,
          23,
          85,
          82,
          75,
          56,
          53,
          26,
          43,
          74,
          13
        ],
        [
          82,
          21,
          70,
          62,
          16,
          0,
          24,
          45,
          59,
          46,
          53,
          75,
          76,
          50,
          73,
          49,
          85,
          37
        ],
        [
          54,
          79,
          79,
          17,
          59,
          48,
          0,
          11,
          34,
          27,
          61,
          52,
          66,
          64,
          18,
          77,
          63,
          31
        ],
        [
          45,
          82,
          80,
          21,
          37,
          27,
          67,
          0,
          47,
          24,
          68,
          74,
          10,
          75,
          35,
          41,
          39,
          65
        ],
        [
          89,
          76,
          81,
          48,
          12,
          26,
          64,
          16,
          0,
          43,
          40,
          36,
          83,
          63,
          59,
          54,
          57,
          36
        ],
        [
          15,
          12,
          60,
          18,
          68,
          81,
          75,
          50,
          46,
          0,
          33,
          20,
          21,
          36,
          49,
          12,
          74,
          76
        ],
        [
          37,
          74,
          45,
          78,
          88,
          73,
          80,
          41,
          22,
          40,
          0,
          68,
          90,
          76,
          81,
          74,
          65,
          72
        ],
        [
          75,
          30,
          16,
          35,
          75,
          15,
          61,
          81,
          58,
          71,
          14,
          0,
          47,
          73,
          14,
          50,
          80,
          89
        ],
        [
          28,
          77,
          51,
          31,
          21,
          78,
          64,
          72,
          83,
          58,
          22,
          59,
          0,
          15,
          50,
          49,
          26,
          89
        ],
        [
          84,
          89,
          12,
          57,
          25,
          74,
          51,
          46,
          10,
          23,
          83,
          86,
          26,
          0,
          61,
          38,
          57,
          50
        ],
        [
          33,
          20,
          44,
          44,
          59,
          74,
          84,
          22,
          30,
          50,
          66,
          47,
          41,
          65,
          0,
          36,
          85,
          43
        ],
        [
          71,
          64,
          23,
          74,
          47,
          89,
          33,
          37,
          70,
          86,
          19,
          75,
          40,
          48,
          89,
          0,
          35,
          78
        ],
        [
          39,
          80,
          34,
          58,
          29,
          88,
          68,
          86,
          51,
          89,
          12,
          18,
          28,
          44,
          28,
          31,
          0,
          56
        ],
        [
          28,
          59,
          88,
          71,
          89,
          79,
          37,
          78,
          73,
          46,
          38,
          25,
          27,
          29,
          23,
          68,
          63,
          0
        ]
      ],
      "ptime": [
        46,
        60,
        48,
        48,
        36,
        36,
        42,
        44,
        42,
        43,
        60,
        40,
        36,
        44,
        46,
        51,
        41,
        47
      ],
      "schedules": [],
      "priority": 0
    }
  ],
  "ptime": [
    [
      38,
      44,
      43,
      37,
      45,
      49,
      35,
      36,
      60,
      37,
      60,
      60,
      58,
      30,
      54,
      31,
      56,
      30
    ],
    [
      58,
      36,
      58,
      42,
      54,
      54,
      33,
      40,
      33,
      43,
      60,
      50,
      52,
      36,
      42,
      55,
      30,
      47
    ],
    [
      36,
      60,
      48,
      32,
      36,
      60,
      38,
      57,
      54,
      53,
      36,
      41,
      58,
      46,
      54,
      31,
      48,
      35
    ],
    [
      46,
      60,
      48,
      48,
      36,
      36,
      42,
      44,
      42,
      43,
      60,
      40,
      36,
      44,
      46,
      51,
      41,
      47
    ]
  ],
  "setup": [
    [
      [
        0,
        61,
        65,
        74,
        46,
        31,
        73,
        34,
        19,
        51,
        48,
        37,
        61,
        40,
        75,
        24,
        35,
        62
      ],
      [
        26,
        0,
        86,
        79,
        76,
        64,
        79,
        16,
        84,
        17,
        26,
        90,
        41,
        86,
        48,
        82,
        71,
        55
      ],
      [
        45,
        72,
        0,
        62,
        29,
        71,
        34,
        45,
        81,
        17,
        33,
        42,
        56,
        47,
        69,
        15,
        60,
        18
      ],
      [
        44,
        20,
        46,
        0,
        41,
        89,
        23,
        84,
        48,
        42,
        55,
        37,
        81,
        21,
        23,
        40,
        63,
        83
      ],
      [
        16,
        76,
        61,
        20,
        0,
        35,
        11,
        70,
        46,
        67,
        24,
        35,
        38,
        35,
        21,
        47,
        57,
        14
      ],
      [
        16,
        23,
        45,
        59,
        30,
        0,
        50,
        70,
        84,
        77,
        84,
        61,
        81,
        67,
        72,
        80,
        45,
        65
      ],
      [
        90,
        61,
        28,
        88,
        63,
        12,
        0,
        81,
        75,
        60,
        88,
        26,
        44,
        18,
        67,
        74,
        75,
        16
      ],
      [
        52,
        61,
        38,
        46,
        70,
        79,
        76,
        0,
        69,
        34,
        20,
        18,
        51,
        28,
        74,
        59,
        42,
        66
      ],
      [
        53,
        67,
        13,
        58,
        84,
        24,
        85,
        83,
        0,
        11,
        70,
        34,
        46,
        69,
        68,
        47,
        86,
        20
      ],
      [
        28,
        73,
        75,
        74,
        86,
        50,
        43,
        74,
        24,
        0,
        82,
        35,
        37,
        60,
        17,
        58,
        23,
        44
      ],
      [
        87,
        12,
        77,
        79,
        47,
        69,
        90,
        44,
        70,
        89,
        0,
        35,
        53,
        83,
        46,
        82,
        65,
        14
      ],
      [
        33,
        60,
        11,
        41,
        40,
        13,
        33,
        31,
        41,
        54,
        36,
        0,
        88,
        62,
        46,
        33,
        59,
        13
      ],
      [
        23,
        62,
        53,
        82,
        40,
        47,
        48,
        72,
        73,
        77,
        28,
        45,
        0,
        56,
        56,
        14,
        19,
        58
      ],
      [
        12,
        17,
        87,
        22,
        82,
        87,
        76,
        70,
        13,
        30,
        83,
        55,
        25,
        0,
        68,
        84,
        50,
        30
      ],
      [
        35,
        75,
        34,
        76,
        19,
        83,
        76,
        39,
        68,
        61,
        12,
        24,
        84,
        21,
        0,
        81,
        36,
        82
      ],
      [
        57,
        84,
        49,
        69,
        81,
        12,
        87,
        67,
        30,
        63,
        36,
        19,
        22,
        42,
        28,
        0,
        59,
        66
      ],
      [
        46,
        54,
        38,
        23,
        65,
        61,
        55,
        14,
        28,
        35,
        83,
        62,
        16,
        47,
        28,
        28,
        0,
        64
      ],
      [
        65,
        90,
        11,
        87,
        86,
        73,
        23,
        37,
        13,
        54,
        78,
        72,
        38,
        49,
        16,
        55,
        84,
        0
      ]
    ],
    [
      [
        0,
        60,
        90,
        24,
        77,
        79,
        18,
        19,
        73,
        32,
        60,
        36,
        38,
        16,
        75,
        78,
        61,
        29
      ],
      [
        67,
        0,
        25,
        57,
        87,
        28,
        59,
        34,
        26,
        80,
        66,
        37,
        80,
        77,
        46,
        42,
        60,
        31
      ],
      [
        44,
        63,
        0,
        24,
        23,
        40,
        20,
        87,
        81,
        28,
        14,
        44,
        54,
        44,
        19,
        33,
        53,
        29
      ],
      [
        44,
        60,
        85,
        0,
        38,
        40,
        40,
        32,
        18,
        15,
        38,
        67,
        11,
        52,
        90,
        79,
        81,
        54
      ],
      [
        89,
        68,
        70,
        49,
        0,
        13,
        31,
        29,
        81,
        54,
        69,
        25,
        25,
        35,
        43,
        18,
        76,
        57
      ],
      [
        66,
        56,
        47,
        52,
        33,
        0,
        29,
        34,
        90,
        82,
        25,
        62,
        46,
        89,
        22,
        73,
        38,
        74
      ],
      [
        13,
        53,
        19,
        13,
        81,
        84,
        0,
        84,
        58,
        89,
        37,
        89,
        19,
        70,
        16,
        10,
        47,
        74
      ],
      [
        44,
        46,
        34,
        33,
        38,
        55,
        78,
        0,
        77,
        73,
        79,
        47,
        17,
        39,
        43,
        68,
        30,
        60
      ],
      [
        90,
        17,
        41,
        16,
        76,
        30,
        81,
        85,
        0,
        73,
        26,
        55,
        87,
        44,
        82,
        67,
        73,
        30
      ],
      [
        64,
        11,
        60,
        51,
        89,
        43,
        27,
        79,
        42,
        0,
        20,
        83,
        85,
        13,
        58,
        23,
        45,
        88
      ],
      [
        54,
        78,
        76,
        72,
        19,
        42,
        48,
        23,
        58,
        39,
        0,
        46,
        50,
        88,
        42,
        44,
        74,
        50
      ],
      [
        85,
        51,
        32,
        58,
        15,
        29,
        13,
        17,
        42,
        57,
        84,
        0,
        12,
        33,
        76,
        54,
        64,
        57
      ],
      [
        78,
        88,
        49,
        57,
        38,
        46,
        75,
        20,
        50,
        58,
        61,
        64,
        0,
        51,
        32,
        47,
        16,
        61
      ],
      [
        70,
        33,
        67,
        17,
        64,
        24,
        36,
        12,
        73,
        23,
        75,
        42,
        31,
        0,
        66,
        19,
        10,
        57
      ],
      [
        70,
        21,
        81,
        13,
        66,
        61,
        87,
        60,
        19,
        84,
        55,
        15,
        62,
        53,
        0,
        51,
        60,
        17
      ],
      [
        43,
        88,
        13,
        15,
        50,
        73,
        56,
        48,
        75,
        33,
        27,
        61,
        57,
        35,
        32,
        0,
        58,
        46
      ],
      [
        29,
        31,
        83,
        13,
        52,
        47,
        16,
        47,
        29,
        17,
        29,
        16,
        64,
        10,
        60,
        71,
        0,
        74
      ],
      [
        89,
        13,
        45,
        45,
        60,
        51,
        40,
        55,
        79,
        17,
        53,
        79,
        80,
        52,
        54,
        76,
        71,
        0
      ]
    ],
    [
      [
        0,
        51,
        67,
        36,
        32,
        79,
        17,
        32,
        18,
        68,
        21,
        60,
        14,
        47,
        18,
        48,
        48,
        50
      ],
      [
        83,
        0,
        59,
        57,
        11,
        77,
        69,
        44,
        62,
        33,
        12,
        55,
        10,
        36,
        82,
        84,
        24,
        43
      ],
      [
        62,
        77,
        0,
        77,
        24,
        88,
        28,
        85,
        36,
        84,
        88,
        16,
        42,
        12,
        15,
        41,
        28,
        81
      ],
      [
        78,
        64,
        68,
        0,
        17,
        40,
        68,
        39,
        27,
        39,
        71,
        55,
        64,
        13,
        40,
        83,
        23,
        32
      ],
      [
        65,
        30,
        41,
        50,
        0,
        41,
        76,
        69,
        87,
        15,
        76,
        77,
        21,
        16,
        63,
        84,
        27,
        39
      ],
      [
        32,
        89,
        51,
        43,
        90,
        0,
        53,
        80,
        89,
        37,
        74,
        71,
        59,
        66,
        55,
        24,
        45,
        41
      ],
      [
        62,
        69,
        46,
        67,
        33,
        34,
        0,
        56,
        35,
        16,
        85,
        12,
        42,
        71,
        62,
        50,
        90,
        77
      ],
      [
        74,
        83,
        69,
        60,
        31,
        71,
        62,
        0,
        16,
        63,
        54,
        31,
        50,
        55,
        50,
        21,
        49,
        74
      ],
      [
        10,
        16,
        80,
        28,
        83,
        50,
        66,
        75,
        0,
        76,
        71,
        26,
        25,
        80,
        29,
        34,
        71,
        15
      ],
      [
        39,
        76,
        14,
        85,
        33,
        59,
        70,
        76,
        79,
        0,
        18,
        82,
        62,
        85,
        71,
        48,
        67,
        46
      ],
      [
        51,
        33,
        34,
        23,
        47,
        75,
        85,
        51,
        47,
        27,
        0,
        43,
        68,
        66,
        79,
        16,
        59,
        45
      ],
      [
        72,
        59,
        77,
        10,
        59,
        78,
        58,
        30,
        37,
        73,
        44,
        0,
        32,
        30,
        63,
        33,
        51,
        40
      ],
      [
        78,
        16,
        52,
        13,
        47,
        51,
        88,
        11,
        17,
        42,
        86,
        52,
        0,
        68,
        82,
        71,
        62,
        54
      ],
      [
        37,
        54,
        59,
        45,
        13,
        65,
        78,
        56,
        82,
        89,
        34,
        66,
        36,
        0,
        87,
        86,
        73,
        74
      ],
      [
        71,
        20,
        20,
        15,
        86,
        26,
        49,
        18,
        29,
        10,
        72,
        51,
        22,
        73,
        0,
        54,
        12,
        48
      ],
      [
        21,
        30,
        87,
        48,
        33,
        75,
        16,
        25,
        35,
        57,
        12,
        20,
        55,
        81,
        73,
        0,
        74,
        33
      ],
      [
        36,
        85,
        52,
        84,
        23,
        33,
        79,
        37,
        90,
        44,
        60,
        55,
        45,
        25,
        35,
        46,
        0,
        75
      ],
      [
        58,
        55,
        46,
        72,
        65,
        71,
        24,
        39,
        15,
        58,
        62,
        19,
        28,
        48,
        60,
        41,
        38,
        0
      ]
    ],
    [
      [
        0,
        90,
        52,
        75,
        13,
        38,
        20,
        30,
        63,
        26,
        64,
        28,
        84,
        36,
        73,
        27,
        33,
        36
      ],
      [
        14,
        0,
        88,
        27,
        75,
        64,
        62,
        20,
        41,
        12,
        42,
        37,
        84,
        69,
        37,
        48,
        78,
        63
      ],
      [
        65,
        26,
        0,
        57,
        62,
        26,
        47,
        19,
        37,
        85,
        80,
        34,
        49,
        87,
        63,
        68,
        89,
        53
      ],
      [
        12,
        74,
        73,
        0,
        38,
        58,
        87,
        77,
        11,
        68,
        80,
        32,
        90,
        59,
        54,
        85,
        21,
        83
      ],
      [
        41,
        82,
        17,
        21,
        0,
        55,
        74,
        18,
        23,
        85,
        82,
        75,
        56,
        53,
        26,
        43,
        74,
        13
      ],
      [
        82,
        21,
        70,
        62,
        16,
        0,
        24,
        45,
        59,
        46,
        53,
        75,
        76,
        50,
        73,
        49,
        85,
        37
      ],
      [
        54,
        79,
        79,
        17,
        59,
        48,
        0,
        11,
        34,
        27,
        61,
        52,
        66,
        64,
        18,
        77,
        63,
        31
      ],
      [
        45,
        82,
        80,
        21,
        37,
        27,
        67,
        0,
        47,
        24,
        68,
        74,
        10,
        75,
        35,
        41,
        39,
        65
      ],
      [
        89,
        76,
        81,
        48,
        12,
        26,
        64,
        16,
        0,
        43,
        40,
        36,
        83,
        63,
        59,
        54,
        57,
        36
      ],
      [
        15,
        12,
        60,
        18,
        68,
        81,
        75,
        50,
        46,
        0,
        33,
        20,
        21,
        36,
        49,
        12,
        74,
        76
      ],
      [
        37,
        74,
        45,
        78,
        88,
        73,
        80,
        41,
        22,
        40,
        0,
        68,
        90,
        76,
        81,
        74,
        65,
        72
      ],
      [
        75,
        30,
        16,
        35,
        75,
        15,
        61,
        81,
        58,
        71,
        14,
        0,
        47,
        73,
        14,
        50,
        80,
        89
      ],
      [
        28,
        77,
        51,
        31,
        21,
        78,
        64,
        72,
        83,
        58,
        22,
        59,
        0,
        15,
        50,
        49,
        26,
        89
      ],
      [
        84,
        89,
        12,
        57,
        25,
        74,
        51,
        46,
        10,
        23,
        83,
        86,
        26,
        0,
        61,
        38,
        57,
        50
      ],
      [
        33,
        20,
        44,
        44,
        59,
        74,
        84,
        22,
        30,
        50,
        66,
        47,
        41,
        65,
        0,
        36,
        85,
        43
      ],
      [
        71,
        64,
        23,
        74,
        47,
        89,
        33,
        37,
        70,
        86,
        19,
        75,
        40,
        48,
        89,
        0,
        35,
        78
      ],
      [
        39,
        80,
        34,
        58,
        29,
        88,
        68,
        86,
        51,
        89,
        12,
        18,
        28,
        44,
        28,
        31,
        0,
        56
      ],
      [
        28,
        59,
        88,
        71,
        89,
        79,
        37,
        78,
        73,
        46,
        38,
        25,
        27,
        29,
        23,
        68,
        63,
        0
      ]
    ]
  ],
  "with_setup": true,
  "family_setup": false,
  "objective": "wT",
  "identical_mch": false
}