{
  "numJob": 13,
  "numMch": 2,
  "jobs": [
    {
      "ID": 0,
      "due": 31,
      "weight": 2,
      "family": 0,
      "complete": false,
      "start": -1,
      "end": -1,
      "assignedMch": -1,
      "priority": 0
    },
    {
      "ID": 1,
      "due": 11,
      "weight": 8,
      "family": 1,
      "complete": false,
      "start": -1,
      "end": -1,
      "assignedMch": -1,
      "priority": 0
    },
    {
      "ID": 2,
      "due": 15,
      "weight": 3,
      "family": 2,
      "complete": false,
      "start": -1,
      "end": -1,
      "assignedMch": -1,
      "priority": 0
    },
    {
      "ID": 3,
      "due": 63,
      "weight": 2,
      "family": 3,
      "complete": false,
      "start": -1,
      "end": -1,
      "assignedMch": -1,
      "priority": 0
    },
    {
      "ID": 4,
      "due": 56,
      "weight": 3,
      "family": 4,
      "complete": false,
      "start": -1,
      "end": -1,
      "assignedMch": -1,
      "priority": 0
    },
    {
      "ID": 5,
      "due": 20,
      "weight": 7,
      "family": 5,
      "complete": false,
      "start": -1,
      "end": -1,
      "assignedMch": -1,
      "priority": 0
    },
    {
      "ID": 6,
      "due": 17,
      "weight": 10,
      "family": 6,
      "complete": false,
      "start": -1,
      "end": -1,
      "assignedMch": -1,
      "priority": 0
    },
    {
      "ID": 7,
      "due": 85,
      "weight": 2,
      "family": 7,
      "complete": false,
      "start": -1,
      "end": -1,
      "assignedMch": -1,
      "priority": 0
    },
    {
      "ID": 8,
      "due": 56,
      "weight": 6,
      "family": 8,
      "complete": false,
      "start": -1,
      "end": -1,
      "assignedMch": -1,
      "priority": 0
    },
    {
      "ID": 9,
      "due": 61,
      "weight": 9,
      "family": 9,
      "complete": false,
      "start": -1,
      "end": -1,
      "assignedMch": -1,
      "priority": 0
    },
    {
      "ID": 10,
      "due": 107,
      "weight": 10,
      "family": 10,
      "complete": false,
      "start": -1,
      "end": -1,
      "assignedMch": -1,
      "priority": 0
    },
    {
      "ID": 11,
      "due": 5,
      "weight": 10,
      "family": 11,
      "complete": false,
      "start": -1,
      "end": -1,
      "assignedMch": -1,
      "priority": 0
    },
    {
      "ID": 12,
      "due": 46,
      "weight": 2,
      "family": 12,
      "complete": false,
      "start": -1,
      "end": -1,
      "assignedMch": -1,
      "priority": 0
    }
  ],
  "machines": [
    {
      "ID": 0,
      "available": 0,
      "assigned": [],
      "setup": [
        [
          0,
          11,
          40,
          67,
          55,
          24,
          32,
          35,
          13,
          10,
          13,
          47,
          60
        ],
        [
          73,
          0,
          52,
          30,
          26,
          80,
          55,
          81,
          45,
          81,
          12,
          84,
          11
        ],
        [
          22,
          60,
          0,
          28,
          13,
          38,
          41,
          56,
          80,
          35,
          51,
          27,
          38
        ],
        [
          69,
          10,
          60,
          0,
          27,
          15,
          28,
          90,
          61,
          73,
          58,
          61,
          63
        ],
        [
          59,
          36,
          40,
          57,
          0,
          85,
          55,
          65,
          40,
          20,
          85,
          64,
          21
        ],
        [
          70,
          11,
          83,
          38,
          86,
          0,
          85,
          33,
          41,
          75,
          41,
          87,
          48
        ],
        [
          49,
          78,
          86,
          41,
          51,
          29,
          0,
          67,
          80,
          81,
          52,
          24,
          49
        ],
        [
          54,
          16,
          33,
          12,
          11,
          34,
          18,
          0,
          30,
          69,
          26,
          86,
          53
        ],
        [
          34,
          36,
          35,
          12,
          35,
          13,
          37,
          75,
          0,
          90,
          66,
          11,
          26
        ],
        [
          75,
          90,
          76,
          44,
          37,
          77,
          40,
          70,
          85,
          0,
          24,
          70,
          66
        ],
        [
          56,
          78,
          22,
          43,
          79,
          73,
          68,
          58,
          57,
          69,
          0,
          17,
          43
        ],
        [
          44,
          64,
          49,
          82,
          22,
          23,
          21,
          22,
          67,
          39,
          42,
          0,
          52
        ],
        [
          89,
          13,
          76,
          43,
          66,
          75,
          45,
          45,
          47,
          82,
          52,
          71,
          0
        ]
      ],
      "ptime": [
        34,
        57,
        57,
        38,
        32,
        49,
        51,
        39,
        33,
        45,
        33,
        38,
        41
      ],
      "schedules": [],
      "priority": 0
    },
    {
      "ID": 1,
      "available": 0,
      "assigned": [],
      "setup": [
        [
          0,
          18,
          22,
          28,
          18,
          36,
          50,
          28,
          64,
          19,
          75,
          55,
          67
        ],
        [
          63,
          0,
          50,
          48,
          70,
          63,
          79,
          30,
          49,
          24,
          61,
          16,
          51
        ],
        [
          79,
          36,
          0,
          43,
          82,
          66,
          13,
          43,
          74,
          77,
          23,
          27,
          62
        ],
        [
          82,
          62,
          47,
          0,
          77,
          54,
          49,
          67,
          27,
          49,
          53,
          47,
          21
        ],
        [
          64,
          50,
          34,
          19,
          0,
          14,
          90,
          23,
          88,
          10,
          37,
          11,
          43
        ],
        [
          15,
          84,
          15,
          23,
          43,
          0,
          66,
          51,
          27,
          11,
          30,
          73,
          36
        ],
        [
          43,
          34,
          82,
          67,
          13,
          12,
          0,
          14,
          13,
          71,
          78,
          84,
          72
        ],
        [
          36,
          15,
          28,
          74,
          68,
          24,
          12,
          0,
          64,
          44,
          65,
          34,
          51
        ],
        [
          16,
          70,
          53,
          21,
          37,
          80,
          38,
          84,
          0,
          34,
          45,
          14,
          12
        ],
        [
          76,
          64,
          87,
          49,
          48,
          84,
          42,
          52,
          23,
          0,
          51,
          87,
          30
        ],
        [
          24,
          70,
          67,
          23,
          83,
          67,
          36,
          29,
          79,
          46,
          0,
          87,
          48
        ],
        [
          44,
          26,
          27,
          45,
          78,
          85,
          32,
          38,
          85,
          28,
          69,
          0,
          69
        ],
        [
          37,
          21,
          64,
          71,
          10,
          78,
          88,
          72,
          20,
          89,
          61,
          83,
          0
        ]
      ],
      "ptime": [
        52,
        57,
        49,
        33,
        32,
        52,
        48,
        50,
        34,
        38,
        52,
        35,
        36
      ],
      "schedules": [],
      "priority": 0
    }
  ],
  "ptime": [
    [
      34,
      57,
      57,
      38,
      32,
      49,
      51,
      39,
      33,
      45,
      33,
      38,
      41
    ],
    [
      52,
      57,
      49,
      33,
      32,
      52,
      48,
      50,
      34,
      38,
      52,
      35,
      36
    ]
  ],
  "setup": [
    [
      [
        0,
        11,
        40,
        67,
        55,
        24,
        32,
        35,
        13,
        10,
        13,
        47,
        60
      ],
      [
        73,
        0,
        52,
        30,
        26,
        80,
        55,
        81,
        45,
        81,
        12,
        84,
        11
      ],
      [
        22,
        60,
        0,
        28,
        13,
        38,
        41,
        56,
        80,
        35,
        51,
        27,
        38
      ],
      [
        69,
        10,
        60,
        0,
        27,
        15,
        28,
        90,
        61,
        73,
        58,
        61,
        63
      ],
      [
        59,
        36,
        40,
        57,
        0,
        85,
        55,
        65,
        40,
        20,
        85,
        64,
        21
      ],
      [
        70,
        11,
        83,
        38,
        86,
        0,
        85,
        33,
        41,
        75,
        41,
        87,
        48
      ],
      [
        49,
        78,
        86,
        41,
        51,
        29,
        0,
        67,
        80,
        81,
        52,
        24,
        49
      ],
      [
        54,
        16,
        33,
        12,
        11,
        34,
        18,
        0,
        30,
        69,
        26,
        86,
        53
      ],
      [
        34,
        36,
        35,
        12,
        35,
        13,
        37,
        75,
        0,
        90,
        66,
        11,
        26
      ],
      [
        75,
        90,
        76,
        44,
        37,
        77,
        40,
        70,
        85,
        0,
        24,
        70,
        66
      ],
      [
        56,
        78,
        22,
        43,
        79,
        73,
        68,
        58,
        57,
        69,
        0,
        17,
        43
      ],
      [
        44,
        64,
        49,
        82,
        22,
        23,
        21,
        22,
        67,
        39,
        42,
        0,
        52
      ],
      [
        89,
        13,
        76,
        43,
        66,
        75,
        45,
        45,
        47,
        82,
        52,
        71,
        0
      ]
    ],
    [
      [
        0,
        18,
        22,
        28,
        18,
        36,
        50,
        28,
        64,
        19,
        75,
        55,
        67
      ],
      [
        63,
        0,
        50,
        48,
        70,
        63,
        79,
        30,
        49,
        24,
        61,
        16,
        51
      ],
      [
        79,
        36,
        0,
        43,
        82,
        66,
        13,
        43,
        74,
        77,
        23,
        27,
        62
      ],
      [
        82,
        62,
        47,
        0,
        77,
        54,
        49,
        67,
        27,
        49,
        53,
        47,
        21
      ],
      [
        64,
        50,
        34,
        19,
        0,
        14,
        90,
        23,
        88,
        10,
        37,
        11,
        43
      ],
      [
        15,
        84,
        15,
        23,
        43,
        0,
        66,
        51,
        27,
        11,
        30,
        73,
        36
      ],
      [
        43,
        34,
        82,
        67,
        13,
        12,
        0,
        14,
        13,
        71,
        78,
        84,
        72
      ],
      [
        36,
        15,
        28,
        74,
        68,
        24,
        12,
        0,
        64,
        44,
        65,
        34,
        51
      ],
      [
        16,
        70,
        53,
        21,
        37,
        80,
        38,
        84,
        0,
        34,
        45,
        14,
        12
      ],
      [
        76,
        64,
        87,
        49,
        48,
        84,
        42,
        52,
        23,
        0,
        51,
        87,
        30
      ],
      [
        24,
        70,
        67,
        23,
        83,
        67,
        36,
        29,
        79,
        46,
        0,
        87,
        48
      ],
      [
        44,
        26,
        27,
        45,
        78,
        85,
        32,
        38,
        85,
        28,
        69,
        0,
        69
      ],
      [
        37,
        21,
        64,
        71,
        10,
        78,
        88,
        72,
        20,
        89,
        61,
        83,
        0
      ]
    ]
  ],
  "with_setup": true,
  "family_setup": false,
  "objective": "wT",
  "identical_mch": false
}