{
  "numJob": 13,
  "numMch": 4,
  "jobs": [
    {
      "ID": 0,
      "due": 20,
      "weight": 2,
      "family": 0,
      "complete": false,
      "start": -1,
      "end": -1,
      "assignedMch": -1,
      "priority": 0
    },
    {
      "ID": 1,
      "due": 23,
      "weight": 6,
      "family": 1,
      "complete": false,
      "start": -1,
      "end": -1,
      "assignedMch": -1,
      "priority": 0
    },
    {
      "ID": 2,
      "due": 33,
      "weight": 5,
      "family": 2,
      "complete": false,
      "start": -1,
      "end": -1,
      "assignedMch": -1,
      "priority": 0
    },
    {
      "ID": 3,
      "due": 51,
      "weight": 1,
      "family": 3,
      "complete": false,
      "start": -1,
      "end": -1,
      "assignedMch": -1,
      "priority": 0
    },
    {
      "ID": 4,
      "due": 26,
      "weight": 9,
      "family": 4,
      "complete": false,
      "start": -1,
      "end": -1,
      "assignedMch": -1,
      "priority": 0
    },
    {
      "ID": 5,
      "due": 34,
      "weight": 10,
      "family": 5,
      "complete": false,
      "start": -1,
      "end": -1,
      "assignedMch": -1,
      "priority": 0
    },
    {
      "ID": 6,
      "due": 15,
      "weight": 8,
      "family": 6,
      "complete": false,
      "start": -1,
      "end": -1,
      "assignedMch": -1,
      "priority": 0
    },
    {
      "ID": 7,
      "due": 15,
      "weight": 4,
      "family": 7,
      "complete": false,
      "start": -1,
      "end": -1,
      "assignedMch": -1,
      "priority": 0
    },
    {
      "ID": 8,
      "due": 28,
      "weight": 1,
      "family": 8,
      "complete": false,
      "start": -1,
      "end": -1,
      "assignedMch": -1,
      "priority": 0
    },
    {
      "ID": 9,
      "due": 44,
      "weight": 3,
      "family": 9,
      "complete": false,
      "start": -1,
      "end": -1,
      "assignedMch": -1,
      "priority": 0
    },
    {
      "ID": 10,
      "due": 34,
      "weight": 10,
      "family": 10,
      "complete": false,
      "start": -1,
      "end": -1,
      "assignedMch": -1,
      "priority": 0
    },
    {
      "ID": 11,
      "due": 39,
      "weight": 10,
      "family": 11,
      "complete": false,
      "start": -1,
      "end": -1,
      "assignedMch": -1,
      "priority": 0
    },
    {
      "ID": 12,
      "due": 3,
      "weight": 7,
      "family": 12,
      "complete": false,
      "start": -1,
      "end": -1,
      "assignedMch": -1,
      "priority": 0
    }
  ],
  "machines": [
    {
      "ID": 0,
      "available": 0,
      "assigned": [],
      "setup": [
        [
          0,
          40,
          37,
          68,
          27,
          52,
          77,
          85,
          20,
          52,
          16,
          40,
          81
        ],
        [
          26,
          0,
          33,
          62,
          87,
          51,
          67,
          40,
          61,
          10,
          89,
          40,
          11
        ],
        [
          55,
          21,
          0,
          81,
          43,
          90,
          60,
          64,
          70,
          86,
          51,
          47,
          73
        ],
        [
          54,
          85,
          48,
          0,
          56,
          20,
          12,
          27,
          40,
          58,
          22,
          74,
          84
        ],
        [
          51,
          60,
          45,
          27,
          0,
          39,
          47,
          59,
          21,
          86,
          21,
          46,
          11
        ],
        [
          50,
          21,
          83,
          21,
          21,
          0,
          86,
          51,
          85,
          69,
          76,
          28,
          78
        ],
        [
          18,
          14,
          84,
          87,
          85,
          35,
          0,
          59,
          11,
          25,
          34,
          34,
          88
        ],
        [
          20,
          23,
          53,
          31,
          76,
          52,
          65,
          0,
          23,
          40,
          69,
          51,
          27
        ],
        [
          66,
          74,
          34,
          46,
          85,
          49,
          14,
          86,
          0,
          87,
          71,
          48,
          12
        ],
        [
          39,
          90,
          40,
          28,
          76,
          47,
          24,
          58,
          68,
          0,
          77,
          72,
          41
        ],
        [
          11,
          43,
          69,
          82,
          74,
          14,
          74,
          15,
          60,
          51,
          0,
          87,
          46
        ],
        [
          77,
          30,
          52,
          26,
          50,
          88,
          15,
          61,
          61,
          88,
          39,
          0,
          67
        ],
        [
          71,
          60,
          20,
          55,
          68,
          29,
          80,
          11,
          65,
          63,
          27,
          61,
          0
        ]
      ],
      "ptime": [
        59,
        36,
        39,
        44,
        57,
        30,
        44,
        49,
        50,
        39,
        33,
        59,
        36
      ],
      "schedules": [],
      "priority": 0
    },
    {
      "ID": 1,
      "available": 0,
      "assigned": [],
      "setup": [
        [
          0,
          77,
          45,
          52,
          25,
          80,
          72,
          86,
          21,
          51,
          55,
          33,
          17
        ],
        [
          55,
          0,
          20,
          56,
          37,
          55,
          10,
          43,
          77,
          65,
          12,
          29,
          35
        ],
        [
          46,
          44,
          0,
          56,
          39,
          28,
          34,
          86,
          25,
          75,
          64,
          26,
          39
        ],
        [
          38,
          81,
          82,
          0,
          31,
          28,
          69,
          34,
          73,
          36,
          89,
          27,
          55
        ],
        [
          89,
          31,
          52,
          70,
          0,
          26,
          81,
          67,
          71,
          47,
          20,
          28,
          47
        ],
        [
          69,
          45,
          23,
          40,
          44,
          0,
          81,
          36,
          50,
          58,
          82,
          80,
          39
        ],
        [
          11,
          53,
          11,
          57,
          90,
          57,
          0,
          69,
          25,
          14,
          54,
          16,
          79
        ],
        [
          41,
          13,
          24,
          82,
          27,
          48,
          81,
          0,
          24,
          45,
          74,
          45,
          76
        ],
        [
          61,
          29,
          46,
          83,
          81,
          67,
          75,
          20,
          0,
          54,
          30,
          15,
          53
        ],
        [
          45,
          22,
          81,
          77,
          53,
          88,
          31,
          57,
          10,
          0,
          49,
          58,
          16
        ],
        [
          45,
          86,
          55,
          45,
          45,
          10,
          89,
          65,
          83,
          69,
          0,
          39,
          57
        ],
        [
          11,
          44,
          17,
          65,
          34,
          55,
          89,
          69,
          72,
          42,
          15,
          0,
          27
        ],
        [
          26,
          87,
          14,
          43,
          20,
          17,
          41,
          34,
          72,
          23,
          69,
          67,
          0
        ]
      ],
      "ptime": [
        36,
        38,
        31,
        52,
        37,
        34,
        53,
        59,
        60,
        31,
        40,
        57,
        52
      ],
      "schedules": [],
      "priority": 0
    },
    {
      "ID": 2,
      "available": 0,
      "assigned": [],
      "setup": [
        [
          0,
          46,
          14,
          28,
          31,
          24,
          70,
          20,
          38,
          26,
          43,
          13,
          22
        ],
        [
          68,
          0,
          55,
          25,
          41,
          86,
          43,
          65,
          80,
          39,
          68,
          36,
          25
        ],
        [
          39,
          36,
          0,
          74,
          33,
          32,
          25,
          65,
          10,
          73,
          40,
          77,
          19
        ],
        [
          11,
          18,
          73,
          0,
          27,
          47,
          18,
          12,
          80,
          54,
          67,
          84,
          79
        ],
        [
          33,
          25,
          67,
          60,
          0,
          35,
          49,
          20,
          20,
          24,
          90,
          89,
          22
        ],
        [
          77,
          87,
          70,
          74,
          25,
          0,
          49,
          12,
          43,
          71,
          28,
          28,
          50
        ],
        [
          90,
          66,
          32,
          35,
          69,
          58,
          0,
          88,
          88,
          20,
          66,
          11,
          54
        ],
        [
          21,
          87,
          67,
          40,
          62,
          50,
          12,
          0,
          49,
          46,
          60,
          87,
          43
        ],
        [
          85,
          72,
          68,
          11,
          32,
          18,
          65,
          10,
          0,
          24,
          70,
          40,
          71
        ],
        [
          52,
          80,
          29,
          23,
          43,
          69,
          70,
          35,
          39,
          0,
          54,
          47,
          66
        ],
        [
          74,
          39,
          71,
          13,
          36,
          90,
          15,
          24,
          28,
          59,
          0,
          68,
          79
        ],
        [
          57,
          32,
          62,
          63,
          11,
          10,
          46,
          63,
          56,
          69,
          54,
          0,
          80
        ],
        [
          45,
          73,
          67,
          72,
          66,
          63,
          89,
          28,
          83,
          62,
          87,
          77,
          0
        ]
      ],
      "ptime": [
        56,
        46,
        48,
        37,
        33,
        46,
        56,
        43,
        38,
        46,
        51,
        59,
        53
      ],
      "schedules": [],
      "priority": 0
    },
    {
      "ID": 3,
      "available": 0,
      "assigned": [],
      "setup": [
        [
          0,
          53,
          70,
          44,
          46,
          67,
          49,
          53,
          48,
          45,
          87,
          38,
          74
        ],
        [
          14,
          0,
          39,
          51,
          30,
          39,
          28,
          36,
          62,
          41,
          13,
          67,
          51
        ],
        [
          66,
          16,
          0,
          12,
          77,
          89,
          84,
          38,
          30,
          64,
          75,
          79,
          82
        ],
        [
          90,
          18,
          50,
          0,
          34,
          28,
          49,
          79,
          15,
          49,
          26,
          10,
          23
        ],
        [
          23,
          60,
          38,
          68,
          0,
          28,
          27,
          56,
          19,
          17,
          31,
          81,
          80
        ],
        [
          40,
          69,
          26,
          20,
          69,
          0,
          60,
          27,
          88,
          87,
          72,
          27,
          89
        ],
        [
          62,
          74,
          85,
          28,
          46,
          71,
          0,
          26,
          44,
          64,
          72,
          46,
          33
        ],
        [
          75,
          27,
          81,
          31,
          40,
          24,
          55,
          0,
          61,
          69,
          78,
          24,
          61
        ],
        [
          49,
          26,
          35,
          19,
          74,
          45,
          47,
          45,
          0,
          59,
          56,
          71,
          11
        ],
        [
          17,
          10,
          33,
          19,
          38,
          71,
          68,
          78,
          46,
          0,
          27,
          46,
          71
        ],
        [
          23,
          38,
          28,
          46,
          74,
          18,
          54,
          15,
          54,
          75,
          0,
          82,
          29
        ],
        [
          38,
          70,
          12,
          42,
          89,
          23,
          48,
          40,
          12,
          52,
          70,
          0,
          32
        ],
        [
          41,
          89,
          60,
          79,
          35,
          75,
          87,
          18,
          31,
          89,
          28,
          48,
          0
        ]
      ],
      "ptime": [
        45,
        59,
        37,
        51,
        41,
        35,
        50,
        48,
        34,
        51,
        58,
        60,
        30
      ],
      "schedules": [],
      "priority": 0
    }
  ],
  "ptime": [
    [
      59,
      36,
      39,
      44,
      57,
      30,
      44,
      49,
      50,
      39,
      33,
      59,
      36
    ],
    [
      36,
      38,
      31,
      52,
      37,
      34,
      53,
      59,
      60,
      31,
      40,
      57,
      52
    ],
    [
      56,
      46,
      48,
      37,
      33,
      46,
      56,
      43,
      38,
      46,
      51,
      59,
      53
    ],
    [
      45,
      59,
      37,
      51,
      41,
      35,
      50,
      48,
      34,
      51,
      58,
      60,
      30
    ]
  ],
  "setup": [
    [
      [
        0,
        40,
        37,
        68,
        27,
        52,
        77,
        85,
        20,
        52,
        16,
        40,
        81
      ],
      [
        26,
        0,
        33,
        62,
        87,
        51,
        67,
        40,
        61,
        10,
        89,
        40,
        11
      ],
      [
        55,
        21,
        0,
        81,
        43,
        90,
        60,
        64,
        70,
        86,
        51,
        47,
        73
      ],
      [
        54,
        85,
        48,
        0,
        56,
        20,
        12,
        27,
        40,
        58,
        22,
        74,
        84
      ],
      [
        51,
        60,
        45,
        27,
        0,
        39,
        47,
        59,
        21,
        86,
        21,
        46,
        11
      ],
      [
        50,
        21,
        83,
        21,
        21,
        0,
        86,
        51,
        85,
        69,
        76,
        28,
        78
      ],
      [
        18,
        14,
        84,
        87,
        85,
        35,
        0,
        59,
        11,
        25,
        34,
        34,
        88
      ],
      [
        20,
        23,
        53,
        31,
        76,
        52,
        65,
        0,
        23,
        40,
        69,
        51,
        27
      ],
      [
        66,
        74,
        34,
        46,
        85,
        49,
        14,
        86,
        0,
        87,
        71,
        48,
        12
      ],
      [
        39,
        90,
        40,
        28,
        76,
        47,
        24,
        58,
        68,
        0,
        77,
        72,
        41
      ],
      [
        11,
        43,
        69,
        82,
        74,
        14,
        74,
        15,
        60,
        51,
        0,
        87,
        46
      ],
      [
        77,
        30,
        52,
        26,
        50,
        88,
        15,
        61,
        61,
        88,
        39,
        0,
        67
      ],
      [
        71,
        60,
        20,
        55,
        68,
        29,
        80,
        11,
        65,
        63,
        27,
        61,
        0
      ]
    ],
    [
      [
        0,
        77,
        45,
        52,
        25,
        80,
        72,
        86,
        21,
        51,
        55,
        33,
        17
      ],
      [
        55,
        0,
        20,
        56,
        37,
        55,
        10,
        43,
        77,
        65,
        12,
        29,
        35
      ],
      [
        46,
        44,
        0,
        56,
        39,
        28,
        34,
        86,
        25,
        75,
        64,
        26,
        39
      ],
      [
        38,
        81,
        82,
        0,
        31,
        28,
        69,
        34,
        73,
        36,
        89,
        27,
        55
      ],
      [
        89,
        31,
        52,
        70,
        0,
        26,
        81,
        67,
        71,
        47,
        20,
        28,
        47
      ],
      [
        69,
        45,
        23,
        40,
        44,
        0,
        81,
        36,
        50,
        58,
        82,
        80,
        39
      ],
      [
        11,
        53,
        11,
        57,
        90,
        57,
        0,
        69,
        25,
        14,
        54,
        16,
        79
      ],
      [
        41,
        13,
        24,
        82,
        27,
        48,
        81,
        0,
        24,
        45,
        74,
        45,
        76
      ],
      [
        61,
        29,
        46,
        83,
        81,
        67,
        75,
        20,
        0,
        54,
        30,
        15,
        53
      ],
      [
        45,
        22,
        81,
        77,
        53,
        88,
        31,
        57,
        10,
        0,
        49,
        58,
        16
      ],
      [
        45,
        86,
        55,
        45,
        45,
        10,
        89,
        65,
        83,
        69,
        0,
        39,
        57
      ],
      [
        11,
        44,
        17,
        65,
        34,
        55,
        89,
        69,
        72,
        42,
        15,
        0,
        27
      ],
      [
        26,
        87,
        14,
        43,
        20,
        17,
        41,
        34,
        72,
        23,
        69,
        67,
        0
      ]
    ],
    [
      [
        0,
        46,
        14,
        28,
        31,
        24,
        70,
        20,
        38,
        26,
        43,
        13,
        22
      ],
      [
        68,
        0,
        55,
        25,
        41,
        86,
        43,
        65,
        80,
        39,
        68,
        36,
        25
      ],
      [
        39,
        36,
        0,
        74,
        33,
        32,
        25,
        65,
        10,
        73,
        40,
        77,
        19
      ],
      [
        11,
        18,
        73,
        0,
        27,
        47,
        18,
        12,
        80,
        54,
        67,
        84,
        79
      ],
      [
        33,
        25,
        67,
        60,
        0,
        35,
        49,
        20,
        20,
        24,
        90,
        89,
        22
      ],
      [
        77,
        87,
        70,
        74,
        25,
        0,
        49,
        12,
        43,
        71,
        28,
        28,
        50
      ],
      [
        90,
        66,
        32,
        35,
        69,
        58,
        0,
        88,
        88,
        20,
        66,
        11,
        54
      ],
      [
        21,
        87,
        67,
        40,
        62,
        50,
        12,
        0,
        49,
        46,
        60,
        87,
        43
      ],
      [
        85,
        72,
        68,
        11,
        32,
        18,
        65,
        10,
        0,
        24,
        70,
        40,
        71
      ],
      [
        52,
        80,
        29,
        23,
        43,
        69,
        70,
        35,
        39,
        0,
        54,
        47,
        66
      ],
      [
        74,
        39,
        71,
        13,
        36,
        90,
        15,
        24,
        28,
        59,
        0,
        68,
        79
      ],
      [
        57,
        32,
        62,
        63,
        11,
        10,
        46,
        63,
        56,
        69,
        54,
        0,
        80
      ],
      [
        45,
        73,
        67,
        72,
        66,
        63,
        89,
        28,
        83,
        62,
        87,
        77,
        0
      ]
    ],
    [
      [
        0,
        53,
        70,
        44,
        46,
        67,
        49,
        53,
        48,
        45,
        87,
        38,
        74
      ],
      [
        14,
        0,
        39,
        51,
        30,
        39,
        28,
        36,
        62,
        41,
        13,
        67,
        51
      ],
      [
        66,
        16,
        0,
        12,
        77,
        89,
        84,
        38,
        30,
        64,
        75,
        79,
        82
      ],
      [
        90,
        18,
        50,
        0,
        34,
        28,
        49,
        79,
        15,
        49,
        26,
        10,
        23
      ],
      [
        23,
        60,
        38,
        68,
        0,
        28,
        27,
        56,
        19,
        17,
        31,
        81,
        80
      ],
      [
        40,
        69,
        26,
        20,
        69,
        0,
        60,
        27,
        88,
        87,
        72,
        27,
        89
      ],
      [
        62,
        74,
        85,
        28,
        46,
        71,
        0,
        26,
        44,
        64,
        72,
        46,
        33
      ],
      [
        75,
        27,
        81,
        31,
        40,
        24,
        55,
        0,
        61,
        69,
        78,
        24,
        61
      ],
      [
        49,
        26,
        35,
        19,
        74,
        45,
        47,
        45,
        0,
        59,
        56,
        71,
        11
      ],
      [
        17,
        10,
        33,
        19,
        38,
        71,
        68,
        78,
        46,
        0,
        27,
        46,
        71
      ],
      [
        23,
        38,
        28,
        46,
        74,
        18,
        54,
        15,
        54,
        75,
        0,
        82,
        29
      ],
      [
        38,
        70,
        12,
        42,
        89,
        23,
        48,
        40,
        12,
        52,
        70,
        0,
        32
      ],
      [
        41,
        89,
        60,
        79,
        35,
        75,
        87,
        18,
        31,
        89,
        28,
        48,
        0
      ]
    ]
  ],
  "with_setup": true,
  "family_setup": false,
  "objective": "wT",
  "identical_mch": false
}