{
  "numJob": 9,
  "numMch": 2,
  "jobs": [
    {
      "ID": 0,
      "due": 19,
      "weight": 9,
      "family": 0,
      "complete": false,
      "start": -1,
      "end": -1,
      "assignedMch": -1,
      "priority": 0
    },
    {
      "ID": 1,
      "due": 50,
      "weight": 4,
      "family": 1,
      "complete": false,
      "start": -1,
      "end": -1,
      "assignedMch": -1,
      "priority": 0
    },
    {
      "ID": 2,
      "due": 8,
      "weight": 5,
      "family": 2,
      "complete": false,
      "start": -1,
      "end": -1,
      "assignedMch": -1,
      "priority": 0
    },
    {
      "ID": 3,
      "due": 52,
      "weight": 5,
      "family": 3,
      "complete": false,
      "start": -1,
      "end": -1,
      "assignedMch": -1,
      "priority": 0
    },
    {
      "ID": 4,
      "due": 42,
      "weight": 7,
      "family": 4,
      "complete": false,
      "start": -1,
      "end": -1,
      "assignedMch": -1,
      "priority": 0
    },
    {
      "ID": 5,
      "due": 42,
      "weight": 3,
      "family": 5,
      "complete": false,
      "start": -1,
      "end": -1,
      "assignedMch": -1,
      "priority": 0
    },
    {
      "ID": 6,
      "due": 11,
      "weight": 8,
      "family": 6,
      "complete": false,
      "start": -1,
      "end": -1,
      "assignedMch": -1,
      "priority": 0
    },
    {
      "ID": 7,
      "due": 7,
      "weight": 8,
      "family": 7,
      "complete": false,
      "start": -1,
      "end": -1,
      "assignedMch": -1,
      "priority": 0
    },
    {
      "ID": 8,
      "due": 48,
      "weight": 9,
      "family": 8,
      "complete": false,
      "start": -1,
      "end": -1,
      "assignedMch": -1,
      "priority": 0
    }
  ],
  "machines": [
    {
      "ID": 0,
      "available": 0,
      "assigned": [],
      "setup": [
        [
          0,
          62,
          63,
          22,
          64,
          35,
          36,
          86,
          43
        ],
        [
          21,
          0,
          50,
          17,
          52,
          37,
          16,
          68,
          40
        ],
        [
          49,
          25,
          0,
          27,
          17,
          78,
          50,
          32,
          71
        ],
        [
          21,
          83,
          39,
          0,
          12,
          73,
          84,
          28,
          59
        ],
        [
          42,
          53,
          85,
          10,
          0,
          74,
          48,
          84,
          85
        ],
        [
          77,
          35,
          72,
          10,
          17,
          0,
          22,
          41,
          27
        ],
        [
          40,
          35,
          65,
          77,
          19,
          66,
          0,
          23,
          78
        ],
        [
          23,
          40,
          67,
          38,
          55,
          58,
          30,
          0,
          62
        ],
        [
          63,
          13,
          48,
          49,
          31,
          81,
          51,
          35,
          0
        ]
      ],
      "ptime": [
        54,
        39,
        35,
        48,
        57,
        41,
        34,
        51,
        45
      ],
      "schedules": [],
      "priority": 0
    },
    {
      "ID": 1,
      "available": 0,
      "assigned": [],
      "setup": [
        [
          0,
          75,
          54,
          28,
          29,
          62,
          52,
          53,
          39
        ],
        [
          87,
          0,
          84,
          23,
          68,
          72,
          22,
          71,
          83
        ],
        [
          34,
          25,
          0,
          80,
          40,
          27,
          75,
          78,
          58
        ],
        [
          81,
          57,
          34,
          0,
          54,
          43,
          80,
          79,
          70
        ],
        [
          44,
          52,
          63,
          87,
          0,
          30,
          67,
          47,
          50
        ],
        [
          21,
          66,
          24,
          36,
          59,
          0,
          38,
          50,
          70
        ],
        [
          81,
          23,
          31,
          67,
          19,
          58,
          0,
          38,
          31
        ],
        [
          42,
          11,
          57,
          35,
          63,
          85,
          38,
          0,
          49
        ],
        [
          21,
          82,
          53,
          46,
          74,
          27,
          65,
          73,
          0
        ]
      ],
      "ptime": [
        55,
        31,
        51,
        50,
        38,
        50,
        45,
        52,
        39
      ],
      "schedules": [],
      "priority": 0
    }
  ],
  "ptime": [
    [
      54,
      39,
      35,
      48,
      57,
      41,
      34,
      51,
      45
    ],
    [
      55,
      31,
      51,
      50,
      38,
      50,
      45,
      52,
      39
    ]
  ],
  "setup": [
    [
      [
        0,
        62,
        63,
        22,
        64,
        35,
        36,
        86,
        43
      ],
      [
        21,
        0,
        50,
        17,
        52,
        37,
        16,
        68,
        40
      ],
      [
        49,
        25,
        0,
        27,
        17,
        78,
        50,
        32,
        71
      ],
      [
        21,
        83,
        39,
        0,
        12,
        73,
        84,
        28,
        59
      ],
      [
        42,
        53,
        85,
        10,
        0,
        74,
        48,
        84,
        85
      ],
      [
        77,
        35,
        72,
        10,
        17,
        0,
        22,
        41,
        27
      ],
      [
        40,
        35,
        65,
        77,
        19,
        66,
        0,
        23,
        78
      ],
      [
        23,
        40,
        67,
        38,
        55,
        58,
        30,
        0,
        62
      ],
      [
        63,
        13,
        48,
        49,
        31,
        81,
        51,
        35,
        0
      ]
    ],
    [
      [
        0,
        75,
        54,
        28,
        29,
        62,
        52,
        53,
        39
      ],
      [
        87,
        0,
        84,
        23,
        68,
        72,
        22,
        71,
        83
      ],
      [
        34,
        25,
        0,
        80,
        40,
        27,
        75,
        78,
        58
      ],
      [
        81,
        57,
        34,
        0,
        54,
        43,
        80,
        79,
        70
      ],
      [
        44,
        52,
        63,
        87,
        0,
        30,
        67,
        47,
        50
      ],
      [
        21,
        66,
        24,
        36,
        59,
        0,
        38,
        50,
        70
      ],
      [
        81,
        23,
        31,
        67,
        19,
        58,
        0,
        38,
        31
      ],
      [
        42,
        11,
        57,
        35,
        63,
        85,
        38,
        0,
        49
      ],
      [
        21,
        82,
        53,
        46,
        74,
        27,
        65,
        73,
        0
      ]
    ]
  ],
  "with_setup": true,
  "family_setup": false,
  "objective": "wT",
  "identical_mch": false
}