{
  "numJob": 8,
  "numMch": 3,
  "jobs": [
    {
      "ID": 0,
      "due": 21,
      "weight": 5,
      "family": 0,
      "complete": false,
      "start": -1,
      "end": -1,
      "assignedMch": -1,
      "priority": 0
    },
    {
      "ID": 1,
      "due": 38,
      "weight": 1,
      "family": 1,
      "complete": false,
      "start": -1,
      "end": -1,
      "assignedMch": -1,
      "priority": 0
    },
    {
      "ID": 2,
      "due": 30,
      "weight": 3,
      "family": 2,
      "complete": false,
      "start": -1,
      "end": -1,
      "assignedMch": -1,
      "priority": 0
    },
    {
      "ID": 3,
      "due": 27,
      "weight": 2,
      "family": 3,
      "complete": false,
      "start": -1,
      "end": -1,
      "assignedMch": -1,
      "priority": 0
    },
    {
      "ID": 4,
      "due": 16,
      "weight": 4,
      "family": 4,
      "complete": false,
      "start": -1,
      "end": -1,
      "assignedMch": -1,
      "priority": 0
    },
    {
      "ID": 5,
      "due": 13,
      "weight": 5,
      "family": 5,
      "complete": false,
      "start": -1,
      "end": -1,
      "assignedMch": -1,
      "priority": 0
    },
    {
      "ID": 6,
      "due": 26,
      "weight": 2,
      "family": 6,
      "complete": false,
      "start": -1,
      "end": -1,
      "assignedMch": -1,
      "priority": 0
    },
    {
      "ID": 7,
      "due": 30,
      "weight": 4,
      "family": 7,
      "complete": false,
      "start": -1,
      "end": -1,
      "assignedMch": -1,
      "priority": 0
    }
  ],
  "machines": [
    {
      "ID": 0,
      "available": 0,
      "assigned": [],
      "setup": [
        [
          0,
          20,
          78,
          56,
          59,
          48,
          35,
          50
        ],
        [
          36,
          0,
          44,
          56,
          63,
          74,
          45,
          61
        ],
        [
          28,
          89,
          0,
          75,
          65,
          78,
          76,
          69
        ],
        [
          46,
          35,
          78,
          0,
          37,
          13,
          81,
          73
        ],
        [
          64,
          68,
          49,
          71,
          0,
          69,
          60,
          34
        ],
        [
          10,
          67,
          28,
          66,
          24,
          0,
          73,
          73
        ],
        [
          82,
          81,
          39,
          15,
          54,
          40,
          0,
          71
        ],
        [
          22,
          55,
          38,
          89,
          51,
          79,
          81,
          0
        ]
      ],
      "ptime": [
        32,
        31,
        52,
        59,
        45,
        33,
        48,
        41
      ],
      "schedules": [],
      "priority": 0
    },
    {
      "ID": 1,
      "available": 0,
      "assigned": [],
      "setup": [
        [
          0,
          23,
          49,
          24,
          68,
          52,
          15,
          84
        ],
        [
          65,
          0,
          29,
          54,
          78,
          74,
          64,
          12
        ],
        [
          81,
          61,
          0,
          27,
          74,
          34,
          11,
          25
        ],
        [
          32,
          15,
          51,
          0,
          41,
          57,
          16,
          19
        ],
        [
          54,
          31,
          82,
          81,
          0,
          75,
          52,
          47
        ],
        [
          72,
          55,
          23,
          13,
          78,
          0,
          33,
          77
        ],
        [
          61,
          12,
          27,
          38,
          85,
          39,
          0,
          26
        ],
        [
          28,
          50,
          59,
          85,
          23,
          83,
          70,
          0
        ]
      ],
      "ptime": [
        52,
        37,
        40,
        54,
        45,
        37,
        36,
        45
      ],
      "schedules": [],
      "priority": 0
    },
    {
      "ID": 2,
      "available": 0,
      "assigned": [],
      "setup": [
        [
          0,
          25,
          85,
          27,
          64,
          72,
          29,
          19
        ],
        [
          88,
          0,
          43,
          18,
          22,
          85,
          70,
          35
        ],
        [
          71,
          39,
          0,
          79,
          53,
          37,
          84,
          60
        ],
        [
          54,
          64,
          73,
          0,
          73,
          48,
          43,
          65
        ],
        [
          26,
          47,
          42,
          89,
          0,
          16,
          49,
          57
        ],
        [
          63,
          10,
          20,
          79,
          68,
          0,
          68,
          27
        ],
        [
          86,
          41,
          52,
          19,
          67,
          64,
          0,
          51
        ],
        [
          43,
          77,
          21,
          77,
          30,
          22,
          68,
          0
        ]
      ],
      "ptime": [
        56,
        51,
        60,
        53,
        54,
        33,
        59,
        39
      ],
      "schedules": [],
      "priority": 0
    }
  ],
  "ptime": [
    [
      32,
      31,
      52,
      59,
      45,
      33,
      48,
      41
    ],
    [
      52,
      37,
      40,
      54,
      45,
      37,
      36,
      45
    ],
    [
      56,
      51,
      60,
      53,
      54,
      33,
      59,
      39
    ]
  ],
  "setup": [
    [
      [
        0,
        20,
        78,
        56,
        59,
        48,
        35,
        50
      ],
      [
        36,
        0,
        44,
        56,
        63,
        74,
        45,
        61
      ],
      [
        28,
        89,
        0,
        75,
        65,
        78,
        76,
        69
      ],
      [
        46,
        35,
        78,
        0,
        37,
        13,
        81,
        73
      ],
      [
        64,
        68,
        49,
        71,
        0,
        69,
        60,
        34
      ],
      [
        10,
        67,
        28,
        66,
        24,
        0,
        73,
        73
      ],
      [
        82,
        81,
        39,
        15,
        54,
        40,
        0,
        71
      ],
      [
        22,
        55,
        38,
        89,
        51,
        79,
        81,
        0
      ]
    ],
    [
      [
        0,
        23,
        49,
        24,
        68,
        52,
        15,
        84
      ],
      [
        65,
        0,
        29,
        54,
        78,
        74,
        64,
        12
      ],
      [
        81,
        61,
        0,
        27,
        74,
        34,
        11,
        25
      ],
      [
        32,
        15,
        51,
        0,
        41,
        57,
        16,
        19
      ],
      [
        54,
        31,
        82,
        81,
        0,
        75,
        52,
        47
      ],
      [
        72,
        55,
        23,
        13,
        78,
        0,
        33,
        77
      ],
      [
        61,
        12,
        27,
        38,
        85,
        39,
        0,
        26
      ],
      [
        28,
        50,
        59,
        85,
        23,
        83,
        70,
        0
      ]
    ],
    [
      [
        0,
        25,
        85,
        27,
        64,
        72,
        29,
        19
      ],
      [
        88,
        0,
        43,
        18,
        22,
        85,
        70,
        35
      ],
      [
        71,
        39,
        0,
        79,
        53,
        37,
        84,
        60
      ],
      [
        54,
        64,
        73,
        0,
        73,
        48,
        43,
        65
      ],
      [
        26,
        47,
        42,
        89,
        0,
        16,
        49,
        57
      ],
      [
        63,
        10,
        20,
        79,
        68,
        0,
        68,
        27
      ],
      [
        86,
        41,
        52,
        19,
        67,
        64,
        0,
        51
      ],
      [
        43,
        77,
        21,
        77,
        30,
        22,
        68,
        0
      ]
    ]
  ],
  "with_setup": true,
  "family_setup": false,
  "objective": "wT",
  "identical_mch": false
}