{
  "numJob": 6,
  "numMch": 2,
  "jobs": [
    {
      "ID": 0,
      "due": 31,
      "weight": 1,
      "family": 0,
      "complete": false,
      "start": -1,
      "end": -1,
      "assignedMch": -1,
      "priority": 0
    },
    {
      "ID": 1,
      "due": 11,
      "weight": 9,
      "family": 1,
      "complete": false,
      "start": -1,
      "end": -1,
      "assignedMch": -1,
      "priority": 0
    },
    {
      "ID": 2,
      "due": 20,
      "weight": 2,
      "family": 2,
      "complete": false,
      "start": -1,
      "end": -1,
      "assignedMch": -1,
      "priority": 0
    },
    {
      "ID": 3,
      "due": 8,
      "weight": 5,
      "family": 3,
      "complete": false,
      "start": -1,
      "end": -1,
      "assignedMch": -1,
      "priority": 0
    },
    {
      "ID": 4,
      "due": 16,
      "weight": 10,
      "family": 4,
      "complete": false,
      "start": -1,
      "end": -1,
      "assignedMch": -1,
      "priority": 0
    },
    {
      "ID": 5,
      "due": 30,
      "weight": 8,
      "family": 5,
      "complete": false,
      "start": -1,
      "end": -1,
      "assignedMch": -1,
      "priority": 0
    }
  ],
  "machines": [
    {
      "ID": 0,
      "available": 0,
      "assigned": [],
      "setup": [
        [
          0,
          83,
          45,
          11,
          66,
          89
        ],
        [
          54,
          0,
          64,
          65,
          85,
          53
        ],
        [
          69,
          48,
          0,
          77,
          31,
          15
        ],
        [
          23,
          69,
          64,
          0,
          72,
          80
        ],
        [
          83,
          45,
          29,
          82,
          0,
          84
        ],
        [
          14,
          45,
          56,
          86,
          86,
          0
        ]
      ],
      "ptime": [
        60,
        31,
        58,
        34,
        51,
        40
      ],
      "schedules": [],
      "priority": 0
    },
    {
      "ID": 1,
      "available": 0,
      "assigned": [],
      "setup": [
        [
          0,
          70,
          36,
          41,
          70,
          54
        ],
        [
          86,
          0,
          22,
          75,
          47,
          44
        ],
        [
          36,
          60,
          0,
          58,
          30,
          59
        ],
        [
          18,
          70,
          68,
          0,
          45,
          16
        ],
        [
          19,
          27,
          47,
          70,
          0,
          83
        ],
        [
          48,
          90,
          62,
          53,
          47,
          0
        ]
      ],
      "ptime": [
        42,
        36,
        32,
        48,
        60,
        38
      ],
      "schedules": [],
      "priority": 0
    }
  ],
  "ptime": [
    [
      60,
      31,
      58,
      34,
      51,
      40
    ],
    [
      42,
      36,
      32,
      48,
      60,
      38
    ]
  ],
  "setup": [
    [
      [
        0,
        83,
        45,
        11,
        66,
        89
      ],
      [
        54,
        0,
        64,
        65,
        85,
        53
      ],
      [
        69,
        48,
        0,
        77,
        31,
        15
      ],
      [
        23,
        69,
        64,
        0,
        72,
        80
      ],
      [
        83,
        45,
        29,
        82,
        0,
        84
      ],
      [
        14,
        45,
        56,
        86,
        86,
        0
      ]
    ],
    [
      [
        0,
        70,
        36,
        41,
        70,
        54
      ],
      [
        86,
        0,
        22,
        75,
        47,
        44
      ],
      [
        36,
        60,
        0,
        58,
        30,
        59
      ],
      [
        18,
        70,
        68,
        0,
        45,
        16
      ],
      [
        19,
        27,
        47,
        70,
        0,
        83
      ],
      [
        48,
        90,
        62,
        53,
        47,
        0
      ]
    ]
  ],
  "with_setup": true,
  "family_setup": false,
  "objective": "wT",
  "identical_mch": false
}