{
  "numJob": 13,
  "numMch": 3,
  "jobs": [
    {
      "ID": 0,
      "due": 20,
      "weight": 4,
      "family": 0,
      "complete": false,
      "start": -1,
      "end": -1,
      "assignedMch": -1,
      "priority": 0
    },
    {
      "ID": 1,
      "due": 38,
      "weight": 4,
      "family": 1,
      "complete": false,
      "start": -1,
      "end": -1,
      "assignedMch": -1,
      "priority": 0
    },
    {
      "ID": 2,
      "due": 29,
      "weight": 8,
      "family": 2,
      "complete": false,
      "start": -1,
      "end": -1,
      "assignedMch": -1,
      "priority": 0
    },
    {
      "ID": 3,
      "due": 55,
      "weight": 5,
      "family": 3,
      "complete": false,
      "start": -1,
      "end": -1,
      "assignedMch": -1,
      "priority": 0
    },
    {
      "ID": 4,
      "due": 12,
      "weight": 2,
      "family": 4,
      "complete": false,
      "start": -1,
      "end": -1,
      "assignedMch": -1,
      "priority": 0
    },
    {
      "ID": 5,
      "due": 41,
      "weight": 3,
      "family": 5,
      "complete": false,
      "start": -1,
      "end": -1,
      "assignedMch": -1,
      "priority": 0
    },
    {
      "ID": 6,
      "due": 36,
      "weight": 3,
      "family": 6,
      "complete": false,
      "start": -1,
      "end": -1,
      "assignedMch": -1,
      "priority": 0
    },
    {
      "ID": 7,
      "due": 13,
      "weight": 6,
      "family": 7,
      "complete": false,
      "start": -1,
      "end": -1,
      "assignedMch": -1,
      "priority": 0
    },
    {
      "ID": 8,
      "due": 57,
      "weight": 5,
      "family": 8,
      "complete": false,
      "start": -1,
      "end": -1,
      "assignedMch": -1,
      "priority": 0
    },
    {
      "ID": 9,
      "due": 12,
      "weight": 10,
      "family": 9,
      "complete": false,
      "start": -1,
      "end": -1,
      "assignedMch": -1,
      "priority": 0
    },
    {
      "ID": 10,
      "due": 61,
      "weight": 5,
      "family": 10,
      "complete": false,
      "start": -1,
      "end": -1,
      "assignedMch": -1,
      "priority": 0
    },
    {
      "ID": 11,
      "due": 29,
      "weight": 8,
      "family": 11,
      "complete": false,
      "start": -1,
      "end": -1,
      "assignedMch": -1,
      "priority": 0
    },
    {
      "ID": 12,
      "due": 32,
      "weight": 6,
      "family": 12,
      "complete": false,
      "start": -1,
      "end": -1,
      "assignedMch": -1,
      "priority": 0
    }
  ],
  "machines": [
    {
      "ID": 0,
      "available": 0,
      "assigned": [],
      "setup": [
        [
          0,
          58,
          52,
          51,
          88,
          86,
          63,
          32,
          39,
          66,
          86,
          28,
          20
        ],
        [
          59,
          0,
          36,
          80,
          38,
          58,
          75,
          54,
          78,
          85,
          33,
          46,
          65
        ],
        [
          34,
          51,
          0,
          18,
          41,
          70,
          68,
          66,
          81,
          74,
          19,
          39,
          79
        ],
        [
          64,
          78,
          60,
          0,
          56,
          81,
          61,
          18,
          54,
          46,
          81,
          40,
          32
        ],
        [
          10,
          72,
          75,
          43,
          0,
          43,
          23,
          63,
          14,
          48,
          41,
          54,
          46
        ],
        [
          61,
          38,
          33,
          19,
          70,
          0,
          42,
          78,
          55,
          63,
          68,
          41,
          25
        ],
        [
          39,
          26,
          31,
          26,
          70,
          12,
          0,
          80,
          26,
          71,
          50,
          14,
          52
        ],
        [
          90,
          34,
          36,
          90,
          90,
          37,
          52,
          0,
          84,
          26,
          12,
          12,
          57
        ],
        [
          60,
          28,
          70,
          13,
          30,
          42,
          47,
          20,
          0,
          58,
          72,
          27,
          64
        ],
        [
          19,
          49,
          44,
          50,
          19,
          36,
          64,
          48,
          67,
          0,
          31,
          24,
          63
        ],
        [
          86,
          60,
          45,
          69,
          60,
          38,
          81,
          87,
          88,
          22,
          0,
          39,
          49
        ],
        [
          63,
          29,
          43,
          76,
          67,
          29,
          35,
          18,
          46,
          22,
          12,
          0,
          13
        ],
        [
          88,
          87,
          76,
          29,
          39,
          89,
          16,
          17,
          25,
          27,
          32,
          48,
          0
        ]
      ],
      "ptime": [
        52,
        60,
        33,
        47,
        47,
        38,
        60,
        52,
        44,
        53,
        45,
        54,
        47
      ],
      "schedules": [],
      "priority": 0
    },
    {
      "ID": 1,
      "available": 0,
      "assigned": [],
      "setup": [
        [
          0,
          29,
          22,
          79,
          28,
          24,
          78,
          36,
          37,
          80,
          27,
          42,
          67
        ],
        [
          62,
          0,
          66,
          21,
          81,
          24,
          57,
          87,
          49,
          77,
          67,
          37,
          21
        ],
        [
          32,
          57,
          0,
          11,
          48,
          83,
          80,
          64,
          82,
          59,
          66,
          22,
          83
        ],
        [
          44,
          84,
          88,
          0,
          57,
          40,
          77,
          14,
          47,
          13,
          51,
          83,
          14
        ],
        [
          53,
          29,
          27,
          62,
          0,
          53,
          10,
          45,
          89,
          25,
          77,
          69,
          81
        ],
        [
          49,
          41,
          50,
          37,
          52,
          0,
          59,
          65,
          63,
          35,
          16,
          20,
          49
        ],
        [
          52,
          25,
          27,
          90,
          17,
          27,
          0,
          77,
          77,
          30,
          81,
          68,
          82
        ],
        [
          36,
          77,
          52,
          72,
          74,
          88,
          39,
          0,
          25,
          42,
          46,
          52,
          84
        ],
        [
          32,
          38,
          50,
          89,
          34,
          24,
          67,
          13,
          0,
          82,
          57,
          21,
          34
        ],
        [
          59,
          88,
          44,
          88,
          31,
          37,
          33,
          51,
          81,
          0,
          59,
          89,
          62
        ],
        [
          74,
          15,
          42,
          24,
          63,
          46,
          51,
          44,
          63,
          10,
          0,
          71,
          31
        ],
        [
          54,
          58,
          29,
          60,
          71,
          73,
          52,
          88,
          73,
          52,
          39,
          0,
          35
        ],
        [
          85,
          81,
          30,
          69,
          43,
          85,
          83,
          86,
          10,
          28,
          23,
          79,
          0
        ]
      ],
      "ptime": [
        57,
        60,
        38,
        41,
        47,
        44,
        60,
        31,
        54,
        44,
        48,
        58,
        55
      ],
      "schedules": [],
      "priority": 0
    },
    {
      "ID": 2,
      "available": 0,
      "assigned": [],
      "setup": [
        [
          0,
          44,
          19,
          83,
          47,
          80,
          48,
          29,
          35,
          88,
          86,
          25,
          48
        ],
        [
          32,
          0,
          42,
          45,
          87,
          73,
          49,
          42,
          54,
          68,
          23,
          73,
          10
        ],
        [
          35,
          75,
          0,
          48,
          75,
          44,
          49,
          23,
          23,
          72,
          12,
          27,
          75
        ],
        [
          84,
          51,
          72,
          0,
          65,
          51,
          86,
          74,
          38,
          90,
          86,
          14,
          88
        ],
        [
          33,
          51,
          82,
          60,
          0,
          77,
          61,
          65,
          30,
          15,
          13,
          77,
          59
        ],
        [
          38,
          47,
          60,
          34,
          27,
          0,
          13,
          90,
          59,
          59,
          44,
          39,
          13
        ],
        [
          36,
          86,
          57,
          10,
          64,
          67,
          0,
          71,
          19,
          74,
          57,
          26,
          55
        ],
        [
          12,
          80,
          82,
          28,
          52,
          14,
          33,
          0,
          18,
          16,
          49,
          12,
          33
        ],
        [
          40,
          66,
          12,
          39,
          78,
          72,
          29,
          79,
          0,
          54,
          37,
          78,
          64
        ],
        [
          14,
          25,
          75,
          42,
          57,
          62,
          40,
          37,
          54,
          0,
          55,
          35,
          68
        ],
        [
          11,
          52,
          19,
          49,
          26,
          57,
          49,
          70,
          72,
          87,
          0,
          65,
          83
        ],
        [
          41,
          48,
          41,
          30,
          75,
          79,
          58,
          33,
          52,
          63,
          30,
          0,
          46
        ],
        [
          88,
          32,
          23,
          85,
          28,
          68,
          24,
          45,
          77,
          37,
          50,
          21,
          0
        ]
      ],
      "ptime": [
        56,
        60,
        34,
        58,
        59,
        33,
        54,
        41,
        49,
        40,
        39,
        33,
        32
      ],
      "schedules": [],
      "priority": 0
    }
  ],
  "ptime": [
    [
      52,
      60,
      33,
      47,
      47,
      38,
      60,
      52,
      44,
      53,
      45,
      54,
      47
    ],
    [
      57,
      60,
      38,
      41,
      47,
      44,
      60,
      31,
      54,
      44,
      48,
      58,
      55
    ],
    [
      56,
      60,
      34,
      58,
      59,
      33,
      54,
      41,
      49,
      40,
      39,
      33,
      32
    ]
  ],
  "setup": [
    [
      [
        0,
        58,
        52,
        51,
        88,
        86,
        63,
        32,
        39,
        66,
        86,
        28,
        20
      ],
      [
        59,
        0,
        36,
        80,
        38,
        58,
        75,
        54,
        78,
        85,
        33,
        46,
        65
      ],
      [
        34,
        51,
        0,
        18,
        41,
        70,
        68,
        66,
        81,
        74,
        19,
        39,
        79
      ],
      [
        64,
        78,
        60,
        0,
        56,
        81,
        61,
        18,
        54,
        46,
        81,
        40,
        32
      ],
      [
        10,
        72,
        75,
        43,
        0,
        43,
        23,
        63,
        14,
        48,
        41,
        54,
        46
      ],
      [
        61,
        38,
        33,
        19,
        70,
        0,
        42,
        78,
        55,
        63,
        68,
        41,
        25
      ],
      [
        39,
        26,
        31,
        26,
        70,
        12,
        0,
        80,
        26,
        71,
        50,
        14,
        52
      ],
      [
        90,
        34,
        36,
        90,
        90,
        37,
        52,
        0,
        84,
        26,
        12,
        12,
        57
      ],
      [
        60,
        28,
        70,
        13,
        30,
        42,
        47,
        20,
        0,
        58,
        72,
        27,
        64
      ],
      [
        19,
        49,
        44,
        50,
        19,
        36,
        64,
        48,
        67,
        0,
        31,
        24,
        63
      ],
      [
        86,
        60,
        45,
        69,
        60,
        38,
        81,
        87,
        88,
        22,
        0,
        39,
        49
      ],
      [
        63,
        29,
        43,
        76,
        67,
        29,
        35,
        18,
        46,
        22,
        12,
        0,
        13
      ],
      [
        88,
        87,
        76,
        29,
        39,
        89,
        16,
        17,
        25,
        27,
        32,
        48,
        0
      ]
    ],
    [
      [
        0,
        29,
        22,
        79,
        28,
        24,
        78,
        36,
        37,
        80,
        27,
        42,
        67
      ],
      [
        62,
        0,
        66,
        21,
        81,
        24,
        57,
        87,
        49,
        77,
        67,
        37,
        21
      ],
      [
        32,
        57,
        0,
        11,
        48,
        83,
        80,
        64,
        82,
        59,
        66,
        22,
        83
      ],
      [
        44,
        84,
        88,
        0,
        57,
        40,
        77,
        14,
        47,
        13,
        51,
        83,
        14
      ],
      [
        53,
        29,
        27,
        62,
        0,
        53,
        10,
        45,
        89,
        25,
        77,
        69,
        81
      ],
      [
        49,
        41,
        50,
        37,
        52,
        0,
        59,
        65,
        63,
        35,
        16,
        20,
        49
      ],
      [
        52,
        25,
        27,
        90,
        17,
        27,
        0,
        77,
        77,
        30,
        81,
        68,
        82
      ],
      [
        36,
        77,
        52,
        72,
        74,
        88,
        39,
        0,
        25,
        42,
        46,
        52,
        84
      ],
      [
        32,
        38,
        50,
        89,
        34,
        24,
        67,
        13,
        0,
        82,
        57,
        21,
        34
      ],
      [
        59,
        88,
        44,
        88,
        31,
        37,
        33,
        51,
        81,
        0,
        59,
        89,
        62
      ],
      [
        74,
        15,
        42,
        24,
        63,
        46,
        51,
        44,
        63,
        10,
        0,
        71,
        31
      ],
      [
        54,
        58,
        29,
        60,
        71,
        73,
        52,
        88,
        73,
        52,
        39,
        0,
        35
      ],
      [
        85,
        81,
        30,
        69,
        43,
        85,
        83,
        86,
        10,
        28,
        23,
        79,
        0
      ]
    ],
    [
      [
        0,
        44,
        19,
        83,
        47,
        80,
        48,
        29,
        35,
        88,
        86,
        25,
        48
      ],
      [
        32,
        0,
        42,
        45,
        87,
        73,
        49,
        42,
        54,
        68,
        23,
        73,
        10
      ],
      [
        35,
        75,
        0,
        48,
        75,
        44,
        49,
        23,
        23,
        72,
        12,
        27,
        75
      ],
      [
        84,
        51,
        72,
        0,
        65,
        51,
        86,
        74,
        38,
        90,
        86,
        14,
        88
      ],
      [
        33,
        51,
        82,
        60,
        0,
        77,
        61,
        65,
        30,
        15,
        13,
        77,
        59
      ],
      [
        38,
        47,
        60,
        34,
        27,
        0,
        13,
        90,
        59,
        59,
        44,
        39,
        13
      ],
      [
        36,
        86,
        57,
        10,
        64,
        67,
        0,
        71,
        19,
        74,
        57,
        26,
        55
      ],
      [
        12,
        80,
        82,
        28,
        52,
        14,
        33,
        0,
        18,
        16,
        49,
        12,
        33
      ],
      [
        40,
        66,
        12,
        39,
        78,
        72,
        29,
        79,
        0,
        54,
        37,
        78,
        64
      ],
      [
        14,
        25,
        75,
        42,
        57,
        62,
        40,
        37,
        54,
        0,
        55,
        35,
        68
      ],
      [
        11,
        52,
        19,
        49,
        26,
        57,
        49,
        70,
        72,
        87,
        0,
        65,
        83
      ],
      [
        41,
        48,
        41,
        30,
        75,
        79,
        58,
        33,
        52,
        63,
        30,
        0,
        46
      ],
      [
        88,
        32,
        23,
        85,
        28,
        68,
        24,
        45,
        77,
        37,
        50,
        21,
        0
      ]
    ]
  ],
  "with_setup": true,
  "family_setup": false,
  "objective": "wT",
  "identical_mch": false
}