{
  "numJob": 10,
  "numMch": 4,
  "jobs": [
    {
      "ID": 0,
      "due": 40,
      "weight": 7,
      "family": 0,
      "complete": false,
      "start": -1,
      "end": -1,
      "assignedMch": -1,
      "priority": 0
    },
    {
      "ID": 1,
      "due": 2,
      "weight": 2,
      "family": 1,
      "complete": false,
      "start": -1,
      "end": -1,
      "assignedMch": -1,
      "priority": 0
    },
    {
      "ID": 2,
      "due": 38,
      "weight": 6,
      "family": 2,
      "complete": false,
      "start": -1,
      "end": -1,
      "assignedMch": -1,
      "priority": 0
    },
    {
      "ID": 3,
      "due": 14,
      "weight": 8,
      "family": 3,
      "complete": false,
      "start": -1,
      "end": -1,
      "assignedMch": -1,
      "priority": 0
    },
    {
      "ID": 4,
      "due": 40,
      "weight": 3,
      "family": 4,
      "complete": false,
      "start": -1,
      "end": -1,
      "assignedMch": -1,
      "priority": 0
    },
    {
      "ID": 5,
      "due": 20,
      "weight": 2,
      "family": 5,
      "complete": false,
      "start": -1,
      "end": -1,
      "assignedMch": -1,
      "priority": 0
    },
    {
      "ID": 6,
      "due": 5,
      "weight": 1,
      "family": 6,
      "complete": false,
      "start": -1,
      "end": -1,
      "assignedMch": -1,
      "priority": 0
    },
    {
      "ID": 7,
      "due": 39,
      "weight": 1,
      "family": 7,
      "complete": false,
      "start": -1,
      "end": -1,
      "assignedMch": -1,
      "priority": 0
    },
    {
      "ID": 8,
      "due": 7,
      "weight": 10,
      "family": 8,
      "complete": false,
      "start": -1,
      "end": -1,
      "assignedMch": -1,
      "priority": 0
    },
    {
      "ID": 9,
      "due": 17,
      "weight": 7,
      "family": 9,
      "complete": false,
      "start": -1,
      "end": -1,
      "assignedMch": -1,
      "priority": 0
    }
  ],
  "machines": [
    {
      "ID": 0,
      "available": 0,
      "assigned": [],
      "setup": [
        [
          0,
          49,
          82,
          12,
          77,
          77,
          40,
          16,
          90,
          59
        ],
        [
          88,
          0,
          60,
          72,
          36,
          44,
          16,
          16,
          53,
          74
        ],
        [
          73,
          42,
          0,
          54,
          70,
          76,
          49,
          25,
          43,
          34
        ],
        [
          47,
          47,
          16,
          0,
          52,
          69,
          83,
          21,
          65,
          25
        ],
        [
          39,
          67,
          20,
          76,
          0,
          73,
          74,
          31,
          26,
          69
        ],
        [
          34,
          30,
          18,
          42,
          17,
          0,
          88,
          21,
          50,
          25
        ],
        [
          57,
          51,
          80,
          44,
          30,
          71,
          0,
          65,
          39,
          28
        ],
        [
          77,
          12,
          30,
          66,
          66,
          64,
          86,
          0,
          58,
          71
        ],
        [
          16,
          24,
          52,
          69,
          30,
          67,
          32,
          17,
          0,
          51
        ],
        [
          13,
          51,
          48,
          63,
          40,
          64,
          38,
          88,
          67,
          0
        ]
      ],
      "ptime": [
        38,
        33,
        49,
        39,
        45,
        30,
        60,
        60,
        60,
        55
      ],
      "schedules": [],
      "priority": 0
    },
    {
      "ID": 1,
      "available": 0,
      "assigned": [],
      "setup": [
        [
          0,
          37,
          31,
          50,
          58,
          66,
          70,
          73,
          41,
          81
        ],
        [
          50,
          0,
          25,
          36,
          78,
          79,
          19,
          73,
          55,
          13
        ],
        [
          45,
          27,
          0,
          68,
          45,
          26,
          67,
          61,
          46,
          82
        ],
        [
          62,
          70,
          38,
          0,
          16,
          18,
          59,
          45,
          76,
          57
        ],
        [
          41,
          24,
          36,
          81,
          0,
          21,
          36,
          63,
          64,
          56
        ],
        [
          67,
          25,
          21,
          89,
          72,
          0,
          53,
          83,
          70,
          73
        ],
        [
          51,
          70,
          74,
          48,
          87,
          55,
          0,
          67,
          77,
          11
        ],
        [
          10,
          78,
          78,
          64,
          78,
          58,
          43,
          0,
          79,
          51
        ],
        [
          25,
          71,
          11,
          10,
          28,
          83,
          26,
          16,
          0,
          70
        ],
        [
          81,
          57,
          21,
          53,
          80,
          53,
          86,
          54,
          13,
          0
        ]
      ],
      "ptime": [
        32,
        32,
        45,
        45,
        35,
        45,
        45,
        39,
        40,
        43
      ],
      "schedules": [],
      "priority": 0
    },
    {
      "ID": 2,
      "available": 0,
      "assigned": [],
      "setup": [
        [
          0,
          14,
          20,
          59,
          12,
          86,
          24,
          41,
          81,
          17
        ],
        [
          16,
          0,
          86,
          26,
          83,
          20,
          48,
          41,
          89,
          16
        ],
        [
          87,
          68,
          0,
          25,
          25,
          41,
          79,
          72,
          38,
          87
        ],
        [
          86,
          32,
          15,
          0,
          41,
          14,
          44,
          87,
          87,
          48
        ],
        [
          58,
          76,
          12,
          33,
          0,
          46,
          22,
          58,
          81,
          52
        ],
        [
          35,
          77,
          34,
          24,
          65,
          0,
          19,
          25,
          16,
          64
        ],
        [
          23,
          11,
          69,
          68,
          87,
          21,
          0,
          24,
          82,
          72
        ],
        [
          61,
          53,
          26,
          89,
          79,
          11,
          40,
          0,
          62,
          70
        ],
        [
          64,
          18,
          29,
          73,
          79,
          15,
          12,
          80,
          0,
          12
        ],
        [
          24,
          32,
          69,
          13,
          33,
          63,
          39,
          82,
          85,
          0
        ]
      ],
      "ptime": [
        39,
        49,
        46,
        35,
        30,
        44,
        44,
        51,
        32,
        34
      ],
      "schedules": [],
      "priority": 0
    },
    {
      "ID": 3,
      "available": 0,
      "assigned": [],
      "setup": [
        [
          0,
          67,
          78,
          79,
          18,
          36,
          62,
          87,
          39,
          85
        ],
        [
          11,
          0,
          33,
          13,
          69,
          78,
          34,
          69,
          62,
          25
        ],
        [
          11,
          15,
          0,
          48,
          71,
          85,
          43,
          35,
          21,
          60
        ],
        [
          20,
          32,
          14,
          0,
          49,
          66,
          29,
          28,
          48,
          46
        ],
        [
          30,
          57,
          35,
          64,
          0,
          11,
          71,
          81,
          60,
          21
        ],
        [
          39,
          65,
          58,
          84,
          78,
          0,
          28,
          32,
          53,
          37
        ],
        [
          42,
          70,
          60,
          53,
          47,
          22,
          0,
          52,
          15,
          89
        ],
        [
          47,
          90,
          25,
          46,
          90,
          31,
          43,
          0,
          82,
          89
        ],
        [
          53,
          35,
          26,
          66,
          82,
          73,
          68,
          90,
          0,
          81
        ],
        [
          16,
          85,
          42,
          61,
          54,
          24,
          17,
          51,
          64,
          0
        ]
      ],
      "ptime": [
        53,
        34,
        59,
        44,
        48,
        40,
        36,
        40,
        38,
        31
      ],
      "schedules": [],
      "priority": 0
    }
  ],
  "ptime": [
    [
      38,
      33,
      49,
      39,
      45,
      30,
      60,
      60,
      60,
      55
    ],
    [
      32,
      32,
      45,
      45,
      35,
      45,
      45,
      39,
      40,
      43
    ],
    [
      39,
      49,
      46,
      35,
      30,
      44,
      44,
      51,
      32,
      34
    ],
    [
      53,
      34,
      59,
      44,
      48,
      40,
      36,
      40,
      38,
      31
    ]
  ],
  "setup": [
    [
      [
        0,
        49,
        82,
        12,
        77,
        77,
        40,
        16,
        90,
        59
      ],
      [
        88,
        0,
        60,
        72,
        36,
        44,
        16,
        16,
        53,
        74
      ],
      [
        73,
        42,
        0,
        54,
        70,
        76,
        49,
        25,
        43,
        34
      ],
      [
        47,
        47,
        16,
        0,
        52,
        69,
        83,
        21,
        65,
        25
      ],
      [
        39,
        67,
        20,
        76,
        0,
        73,
        74,
        31,
        26,
        69
      ],
      [
        34,
        30,
        18,
        42,
        17,
        0,
        88,
        21,
        50,
        25
      ],
      [
        57,
        51,
        80,
        44,
        30,
        71,
        0,
        65,
        39,
        28
      ],
      [
        77,
        12,
        30,
        66,
        66,
        64,
        86,
        0,
        58,
        71
      ],
      [
        16,
        24,
        52,
        69,
        30,
        67,
        32,
        17,
        0,
        51
      ],
      [
        13,
        51,
        48,
        63,
        40,
        64,
        38,
        88,
        67,
        0
      ]
    ],
    [
      [
        0,
        37,
        31,
        50,
        58,
        66,
        70,
        73,
        41,
        81
      ],
      [
        50,
        0,
        25,
        36,
        78,
        79,
        19,
        73,
        55,
        13
      ],
      [
        45,
        27,
        0,
        68,
        45,
        26,
        67,
        61,
        46,
        82
      ],
      [
        62,
        70,
        38,
        0,
        16,
        18,
        59,
        45,
        76,
        57
      ],
      [
        41,
        24,
        36,
        81,
        0,
        21,
        36,
        63,
        64,
        56
      ],
      [
        67,
        25,
        21,
        89,
        72,
        0,
        53,
        83,
        70,
        73
      ],
      [
        51,
        70,
        74,
        48,
        87,
        55,
        0,
        67,
        77,
        11
      ],
      [
        10,
        78,
        78,
        64,
        78,
        58,
        43,
        0,
        79,
        51
      ],
      [
        25,
        71,
        11,
        10,
        28,
        83,
        26,
        16,
        0,
        70
      ],
      [
        81,
        57,
        21,
        53,
        80,
        53,
        86,
        54,
        13,
        0
      ]
    ],
    [
      [
        0,
        14,
        20,
        59,
        12,
        86,
        24,
        41,
        81,
        17
      ],
      [
        16,
        0,
        86,
        26,
        83,
        20,
        48,
        41,
        89,
        16
      ],
      [
        87,
        68,
        0,
        25,
        25,
        41,
        79,
        72,
        38,
        87
      ],
      [
        86,
        32,
        15,
        0,
        41,
        14,
        44,
        87,
        87,
        48
      ],
      [
        58,
        76,
        12,
        33,
        0,
        46,
        22,
        58,
        81,
        52
      ],
      [
        35,
        77,
        34,
        24,
        65,
        0,
        19,
        25,
        16,
        64
      ],
      [
        23,
        11,
        69,
        68,
        87,
        21,
        0,
        24,
        82,
        72
      ],
      [
        61,
        53,
        26,
        89,
        79,
        11,
        40,
        0,
        62,
        70
      ],
      [
        64,
        18,
        29,
        73,
        79,
        15,
        12,
        80,
        0,
        12
      ],
      [
        24,
        32,
        69,
        13,
        33,
        63,
        39,
        82,
        85,
        0
      ]
    ],
    [
      [
        0,
        67,
        78,
        79,
        18,
        36,
        62,
        87,
        39,
        85
      ],
      [
        11,
        0,
        33,
        13,
        69,
        78,
        34,
        69,
        62,
        25
      ],
      [
        11,
        15,
        0,
        48,
        71,
        85,
        43,
        35,
        21,
        60
      ],
      [
        20,
        32,
        14,
        0,
        49,
        66,
        29,
        28,
        48,
        46
      ],
      [
        30,
        57,
        35,
        64,
        0,
        11,
        71,
        81,
        60,
        21
      ],
      [
        39,
        65,
        58,
        84,
        78,
        0,
        28,
        32,
        53,
        37
      ],
      [
        42,
        70,
        60,
        53,
        47,
        22,
        0,
        52,
        15,
        89
      ],
      [
        47,
        90,
        25,
        46,
        90,
        31,
        43,
        0,
        82,
        89
      ],
      [
        53,
        35,
        26,
        66,
        82,
        73,
        68,
        90,
        0,
        81
      ],
      [
        16,
        85,
        42,
        61,
        54,
        24,
        17,
        51,
        64,
        0
      ]
    ]
  ],
  "with_setup": true,
  "family_setup": false,
  "objective": "wT",
  "identical_mch": false
}