{
  "numJob": 16,
  "numMch": 3,
  "jobs": [
    {
      "ID": 0,
      "due": 30,
      "weight": 10,
      "family": 0,
      "complete": false,
      "start": -1,
      "end": -1,
      "assignedMch": -1,
      "priority": 0
    },
    {
      "ID": 1,
      "due": 8,
      "weight": 7,
      "family": 1,
      "complete": false,
      "start": -1,
      "end": -1,
      "assignedMch": -1,
      "priority": 0
    },
    {
      "ID": 2,
      "due": 44,
      "weight": 1,
      "family": 2,
      "complete": false,
      "start": -1,
      "end": -1,
      "assignedMch": -1,
      "priority": 0
    },
    {
      "ID": 3,
      "due": 28,
      "weight": 3,
      "family": 3,
      "complete": false,
      "start": -1,
      "end": -1,
      "assignedMch": -1,
      "priority": 0
    },
    {
      "ID": 4,
      "due": 8,
      "weight": 1,
      "family": 4,
      "complete": false,
      "start": -1,
      "end": -1,
      "assignedMch": -1,
      "priority": 0
    },
    {
      "ID": 5,
      "due": 29,
      "weight": 6,
      "family": 5,
      "complete": false,
      "start": -1,
      "end": -1,
      "assignedMch": -1,
      "priority": 0
    },
    {
      "ID": 6,
      "due": 28,
      "weight": 10,
      "family": 6,
      "complete": false,
      "start": -1,
      "end": -1,
      "assignedMch": -1,
      "priority": 0
    },
    {
      "ID": 7,
      "due": 87,
      "weight": 5,
      "family": 7,
      "complete": false,
      "start": -1,
      "end": -1,
      "assignedMch": -1,
      "priority": 0
    },
    {
      "ID": 8,
      "due": 15,
      "weight": 3,
      "family": 8,
      "complete": false,
      "start": -1,
      "end": -1,
      "assignedMch": -1,
      "priority": 0
    },
    {
      "ID": 9,
      "due": 49,
      "weight": 10,
      "family": 9,
      "complete": false,
      "start": -1,
      "end": -1,
      "assignedMch": -1,
      "priority": 0
    },
    {
      "ID": 10,
      "due": 70,
      "weight": 2,
      "family": 10,
      "complete": false,
      "start": -1,
      "end": -1,
      "assignedMch": -1,
      "priority": 0
    },
    {
      "ID": 11,
      "due": 54,
      "weight": 4,
      "family": 11,
      "complete": false,
      "start": -1,
      "end": -1,
      "assignedMch": -1,
      "priority": 0
    },
    {
      "ID": 12,
      "due": 69,
      "weight": 7,
      "family": 12,
      "complete": false,
      "start": -1,
      "end": -1,
      "assignedMch": -1,
      "priority": 0
    },
    {
      "ID": 13,
      "due": 4,
      "weight": 1,
      "family": 13,
      "complete": false,
      "start": -1,
      "end": -1,
      "assignedMch": -1,
      "priority": 0
    },
    {
      "ID": 14,
      "due": 11,
      "weight": 6,
      "family": 14,
      "complete": false,
      "start": -1,
      "end": -1,
      "assignedMch": -1,
      "priority": 0
    },
    {
      "ID": 15,
      "due": 6,
      "weight": 1,
      "family": 15,
      "complete": false,
      "start": -1,
      "end": -1,
      "assignedMch": -1,
      "priority": 0
    }
  ],
  "machines": [
    {
      "ID": 0,
      "available": 0,
      "assigned": [],
      "setup": [
        [
          0,
          42,
          86,
          51,
          82,
          46,
          12,
          68,
          73,
          56,
          19,
          54,
          61,
          38,
          23,
          64
        ],
        [
          85,
          0,
          50,
          72,
          35,
          12,
          66,
          27,
          67,
          20,
          76,
          81,
          68,
          68,
          67,
          79
        ],
        [
          52,
          24,
          0,
          49,
          88,
          74,
          85,
          21,
          69,
          31,
          21,
          90,
          34,
          41,
          12,
          15
        ],
        [
          17,
          53,
          20,
          0,
          54,
          42,
          55,
          34,
          40,
          49,
          16,
          67,
          88,
          20,
          54,
          71
        ],
        [
          49,
          34,
          26,
          27,
          0,
          56,
          60,
          64,
          49,
          44,
          88,
          51,
          74,
          58,
          52,
          27
        ],
        [
          79,
          74,
          33,
          54,
          16,
          0,
          25,
          36,
          15,
          35,
          69,
          12,
          90,
          74,
          50,
          23
        ],
        [
          73,
          26,
          16,
          23,
          89,
          51,
          0,
          13,
          45,
          12,
          83,
          54,
          75,
          21,
          16,
          81
        ],
        [
          17,
          52,
          46,
          12,
          17,
          48,
          12,
          0,
          58,
          74,
          45,
          48,
          42,
          81,
          35,
          30
        ],
        [
          29,
          31,
          75,
          53,
          52,
          30,
          52,
          77,
          0,
          29,
          11,
          73,
          14,
          50,
          15,
          62
        ],
        [
          20,
          57,
          19,
          30,
          51,
          57,
          56,
          27,
          24,
          0,
          39,
          71,
          53,
          75,
          25,
          19
        ],
        [
          57,
          78,
          35,
          39,
          31,
          56,
          15,
          77,
          21,
          36,
          0,
          10,
          13,
          40,
          88,
          20
        ],
        [
          18,
          31,
          38,
          34,
          12,
          32,
          51,
          27,
          62,
          11,
          84,
          0,
          48,
          50,
          90,
          63
        ],
        [
          73,
          63,
          46,
          14,
          21,
          56,
          87,
          69,
          60,
          67,
          58,
          42,
          0,
          36,
          17,
          82
        ],
        [
          20,
          43,
          27,
          36,
          42,
          40,
          25,
          34,
          51,
          16,
          47,
          59,
          68,
          0,
          27,
          31
        ],
        [
          35,
          47,
          19,
          61,
          58,
          26,
          30,
          72,
          41,
          72,
          84,
          84,
          46,
          61,
          0,
          59
        ],
        [
          63,
          76,
          53,
          76,
          58,
          75,
          29,
          51,
          80,
          10,
          74,
          28,
          22,
          90,
          56,
          0
        ]
      ],
      "ptime": [
        35,
        52,
        31,
        58,
        43,
        42,
        33,
        56,
        42,
        54,
        32,
        57,
        32,
        59,
        44,
        31
      ],
      "schedules": [],
      "priority": 0
    },
    {
      "ID": 1,
      "available": 0,
      "assigned": [],
      "setup": [
        [
          0,
          31,
          33,
          53,
          74,
          12,
          57,
          77,
          37,
          71,
          52,
          22,
          83,
          60,
          38,
          58
        ],
        [
          70,
          0,
          26,
          79,
          60,
          54,
          71,
          22,
          13,
          59,
          55,
          45,
          22,
          77,
          29,
          39
        ],
        [
          75,
          33,
          0,
          38,
          80,
          31,
          18,
          56,
          19,
          54,
          25,
          48,
          58,
          74,
          24,
          89
        ],
        [
          81,
          11,
          39,
          0,
          31,
          30,
          11,
          88,
          36,
          86,
          71,
          79,
          66,
          34,
          33,
          80
        ],
        [
          38,
          89,
          37,
          35,
          0,
          22,
          52,
          36,
          69,
          40,
          84,
          83,
          30,
          12,
          19,
          16
        ],
        [
          47,
          82,
          83,
          64,
          88,
          0,
          22,
          27,
          22,
          60,
          24,
          75,
          90,
          56,
          25,
          49
        ],
        [
          34,
          16,
          27,
          38,
          42,
          79,
          0,
          35,
          72,
          47,
          75,
          38,
          90,
          67,
          18,
          79
        ],
        [
          42,
          76,
          66,
          51,
          84,
          22,
          56,
          0,
          89,
          59,
          23,
          51,
          20,
          53,
          12,
          78
        ],
        [
          82,
          41,
          76,
          33,
          15,
          17,
          22,
          18,
          0,
          33,
          34,
          12,
          63,
          69,
          58,
          20
        ],
        [
          17,
          63,
          67,
          39,
          87,
          60,
          72,
          72,
          23,
          0,
          66,
          64,
          58,
          52,
          67,
          61
        ],
        [
          59,
          89,
          41,
          67,
          35,
          71,
          25,
          88,
          27,
          34,
          0,
          87,
          40,
          16,
          42,
          43
        ],
        [
          17,
          31,
          53,
          71,
          60,
          21,
          51,
          17,
          80,
          74,
          59,
          0,
          24,
          78,
          45,
          47
        ],
        [
          34,
          55,
          42,
          25,
          39,
          49,
          11,
          33,
          47,
          12,
          23,
          58,
          0,
          41,
          85,
          13
        ],
        [
          35,
          19,
          90,
          44,
          63,
          53,
          86,
          27,
          79,
          24,
          18,
          43,
          37,
          0,
          57,
          79
        ],
        [
          29,
          72,
          78,
          85,
          23,
          64,
          64,
          48,
          79,
          61,
          31,
          20,
          17,
          68,
          0,
          30
        ],
        [
          72,
          12,
          16,
          54,
          29,
          28,
          61,
          30,
          11,
          46,
          52,
          31,
          84,
          63,
          32,
          0
        ]
      ],
      "ptime": [
        39,
        44,
        50,
        59,
        51,
        44,
        57,
        46,
        59,
        53,
        43,
        56,
        54,
        34,
        32,
        51
      ],
      "schedules": [],
      "priority": 0
    },
    {
      "ID": 2,
      "available": 0,
      "assigned": [],
      "setup": [
        [
          0,
          39,
          15,
          45,
          55,
          87,
          26,
          20,
          24,
          51,
          22,
          64,
          69,
          86,
          74,
          85
        ],
        [
          37,
          0,
          13,
          17,
          84,
          19,
          56,
          51,
          57,
          67,
          32,
          17,
          59,
          21,
          73,
          28
        ],
        [
          21,
          57,
          0,
          72,
          34,
          20,
          28,
          33,
          67,
          42,
          77,
          61,
          65,
          55,
          53,
          22
        ],
        [
          60,
          32,
          63,
          0,
          30,
          49,
          16,
          87,
          24,
          14,
          22,
          14,
          90,
          61,
          12,
          85
        ],
        [
          68,
          78,
          85,
          12,
          0,
          89,
          84,
          11,
          63,
          41,
          61,
          10,
          43,
          59,
          32,
          74
        ],
        [
          51,
          30,
          69,
          22,
          81,
          0,
          26,
          29,
          58,
          18,
          40,
          78,
          17,
          59,
          61,
          89
        ],
        [
          32,
          73,
          61,
          58,
          62,
          51,
          0,
          21,
          76,
          77,
          59,
          48,
          40,
          54,
          65,
          83
        ],
        [
          42,
          13,
          70,
          16,
          32,
          17,
          11,
          0,
          65,
          48,
          72,
          57,
          13,
          81,
          85,
          15
        ],
        [
          30,
          14,
          25,
          14,
          86,
          24,
          79,
          87,
          0,
          80,
          19,
          76,
          42,
          15,
          70,
          12
        ],
        [
          35,
          62,
          52,
          66,
          90,
          61,
          16,
          12,
          43,
          0,
          57,
          45,
          35,
          44,
          41,
          89
        ],
        [
          21,
          11,
          28,
          18,
          37,
          58,
          70,
          42,
          50,
          48,
          0,
          48,
          48,
          69,
          82,
          68
        ],
        [
          41,
          41,
          82,
          56,
          63,
          40,
          29,
          28,
          14,
          87,
          85,
          0,
          27,
          18,
          71,
          78
        ],
        [
          11,
          66,
          60,
          34,
          24,
          15,
          65,
          21,
          58,
          33,
          17,
          17,
          0,
          49,
          26,
          67
        ],
        [
          79,
          34,
          30,
          25,
          24,
          85,
          20,
          31,
          83,
          28,
          23,
          35,
          17,
          0,
          49,
          47
        ],
        [
          83,
          61,
          75,
          42,
          12,
          27,
          67,
          48,
          40,
          47,
          26,
          22,
          27,
          62,
          0,
          37
        ],
        [
          66,
          86,
          12,
          57,
          77,
          54,
          71,
          23,
          29,
          78,
          60,
          80,
          75,
          89,
          53,
          0
        ]
      ],
      "ptime": [
        54,
        60,
        37,
        59,
        49,
        35,
        42,
        54,
        34,
        39,
        36,
        45,
        33,
        54,
        33,
        41
      ],
      "schedules": [],
      "priority": 0
    }
  ],
  "ptime": [
    [
      35,
      52,
      31,
      58,
      43,
      42,
      33,
      56,
      42,
      54,
      32,
      57,
      32,
      59,
      44,
      31
    ],
    [
      39,
      44,
      50,
      59,
      51,
      44,
      57,
      46,
      59,
      53,
      43,
      56,
      54,
      34,
      32,
      51
    ],
    [
      54,
      60,
      37,
      59,
      49,
      35,
      42,
      54,
      34,
      39,
      36,
      45,
      33,
      54,
      33,
      41
    ]
  ],
  "setup": [
    [
      [
        0,
        42,
        86,
        51,
        82,
        46,
        12,
        68,
        73,
        56,
        19,
        54,
        61,
        38,
        23,
        64
      ],
      [
        85,
        0,
        50,
        72,
        35,
        12,
        66,
        27,
        67,
        20,
        76,
        81,
        68,
        68,
        67,
        79
      ],
      [
        52,
        24,
        0,
        49,
        88,
        74,
        85,
        21,
        69,
        31,
        21,
        90,
        34,
        41,
        12,
        15
      ],
      [
        17,
        53,
        20,
        0,
        54,
        42,
        55,
        34,
        40,
        49,
        16,
        67,
        88,
        20,
        54,
        71
      ],
      [
        49,
        34,
        26,
        27,
        0,
        56,
        60,
        64,
        49,
        44,
        88,
        51,
        74,
        58,
        52,
        27
      ],
      [
        79,
        74,
        33,
        54,
        16,
        0,
        25,
        36,
        15,
        35,
        69,
        12,
        90,
        74,
        50,
        23
      ],
      [
        73,
        26,
        16,
        23,
        89,
        51,
        0,
        13,
        45,
        12,
        83,
        54,
        75,
        21,
        16,
        81
      ],
      [
        17,
        52,
        46,
        12,
        17,
        48,
        12,
        0,
        58,
        74,
        45,
        48,
        42,
        81,
        35,
        30
      ],
      [
        29,
        31,
        75,
        53,
        52,
        30,
        52,
        77,
        0,
        29,
        11,
        73,
        14,
        50,
        15,
        62
      ],
      [
        20,
        57,
        19,
        30,
        51,
        57,
        56,
        27,
        24,
        0,
        39,
        71,
        53,
        75,
        25,
        19
      ],
      [
        57,
        78,
        35,
        39,
        31,
        56,
        15,
        77,
        21,
        36,
        0,
        10,
        13,
        40,
        88,
        20
      ],
      [
        18,
        31,
        38,
        34,
        12,
        32,
        51,
        27,
        62,
        11,
        84,
        0,
        48,
        50,
        90,
        63
      ],
      [
        73,
        63,
        46,
        14,
        21,
        56,
        87,
        69,
        60,
        67,
        58,
        42,
        0,
        36,
        17,
        82
      ],
      [
        20,
        43,
        27,
        36,
        42,
        40,
        25,
        34,
        51,
        16,
        47,
        59,
        68,
        0,
        27,
        31
      ],
      [
        35,
        47,
        19,
        61,
        58,
        26,
        30,
        72,
        41,
        72,
        84,
        84,
        46,
        61,
        0,
        59
      ],
      [
        63,
        76,
        53,
        76,
        58,
        75,
        29,
        51,
        80,
        10,
        74,
        28,
        22,
        90,
        56,
        0
      ]
    ],
    [
      [
        0,
        31,
        33,
        53,
        74,
        12,
        57,
        77,
        37,
        71,
        52,
        22,
        83,
        60,
        38,
        58
      ],
      [
        70,
        0,
        26,
        79,
        60,
        54,
        71,
        22,
        13,
        59,
        55,
        45,
        22,
        77,
        29,
        39
      ],
      [
        75,
        33,
        0,
        38,
        80,
        31,
        18,
        56,
        19,
        54,
        25,
        48,
        58,
        74,
        24,
        89
      ],
      [
        81,
        11,
        39,
        0,
        31,
        30,
        11,
        88,
        36,
        86,
        71,
        79,
        66,
        34,
        33,
        80
      ],
      [
        38,
        89,
        37,
        35,
        0,
        22,
        52,
        36,
        69,
        40,
        84,
        83,
        30,
        12,
        19,
        16
      ],
      [
        47,
        82,
        83,
        64,
        88,
        0,
        22,
        27,
        22,
        60,
        24,
        75,
        90,
        56,
        25,
        49
      ],
      [
        34,
        16,
        27,
        38,
        42,
        79,
        0,
        35,
        72,
        47,
        75,
        38,
        90,
        67,
        18,
        79
      ],
      [
        42,
        76,
        66,
        51,
        84,
        22,
        56,
        0,
        89,
        59,
        23,
        51,
        20,
        53,
        12,
        78
      ],
      [
        82,
        41,
        76,
        33,
        15,
        17,
        22,
        18,
        0,
        33,
        34,
        12,
        63,
        69,
        58,
        20
      ],
      [
        17,
        63,
        67,
        39,
        87,
        60,
        72,
        72,
        23,
        0,
        66,
        64,
        58,
        52,
        67,
        61
      ],
      [
        59,
        89,
        41,
        67,
        35,
        71,
        25,
        88,
        27,
        34,
        0,
        87,
        40,
        16,
        42,
        43
      ],
      [
        17,
        31,
        53,
        71,
        60,
        21,
        51,
        17,
        80,
        74,
        59,
        0,
        24,
        78,
        45,
        47
      ],
      [
        34,
        55,
        42,
        25,
        39,
        49,
        11,
        33,
        47,
        12,
        23,
        58,
        0,
        41,
        85,
        13
      ],
      [
        35,
        19,
        90,
        44,
        63,
        53,
        86,
        27,
        79,
        24,
        18,
        43,
        37,
        0,
        57,
        79
      ],
      [
        29,
        72,
        78,
        85,
        23,
        64,
        64,
        48,
        79,
        61,
        31,
        20,
        17,
        68,
        0,
        30
      ],
      [
        72,
        12,
        16,
        54,
        29,
        28,
        61,
        30,
        11,
        46,
        52,
        31,
        84,
        63,
        32,
        0
      ]
    ],
    [
      [
        0,
        39,
        15,
        45,
        55,
        87,
        26,
        20,
        24,
        51,
        22,
        64,
        69,
        86,
        74,
        85
      ],
      [
        37,
        0,
        13,
        17,
        84,
        19,
        56,
        51,
        57,
        67,
        32,
        17,
        59,
        21,
        73,
        28
      ],
      [
        21,
        57,
        0,
        72,
        34,
        20,
        28,
        33,
        67,
        42,
        77,
        61,
        65,
        55,
        53,
        22
      ],
      [
        60,
        32,
        63,
        0,
        30,
        49,
        16,
        87,
        24,
        14,
        22,
        14,
        90,
        61,
        12,
        85
      ],
      [
        68,
        78,
        85,
        12,
        0,
        89,
        84,
        11,
        63,
        41,
        61,
        10,
        43,
        59,
        32,
        74
      ],
      [
        51,
        30,
        69,
        22,
        81,
        0,
        26,
        29,
        58,
        18,
        40,
        78,
        17,
        59,
        61,
        89
      ],
      [
        32,
        73,
        61,
        58,
        62,
        51,
        0,
        21,
        76,
        77,
        59,
        48,
        40,
        54,
        65,
        83
      ],
      [
        42,
        13,
        70,
        16,
        32,
        17,
        11,
        0,
        65,
        48,
        72,
        57,
        13,
        81,
        85,
        15
      ],
      [
        30,
        14,
        25,
        14,
        86,
        24,
        79,
        87,
        0,
        80,
        19,
        76,
        42,
        15,
        70,
        12
      ],
      [
        35,
        62,
        52,
        66,
        90,
        61,
        16,
        12,
        43,
        0,
        57,
        45,
        35,
        44,
        41,
        89
      ],
      [
        21,
        11,
        28,
        18,
        37,
        58,
        70,
        42,
        50,
        48,
        0,
        48,
        48,
        69,
        82,
        68
      ],
      [
        41,
        41,
        82,
        56,
        63,
        40,
        29,
        28,
        14,
        87,
        85,
        0,
        27,
        18,
        71,
        78
      ],
      [
        11,
        66,
        60,
        34,
        24,
        15,
        65,
        21,
        58,
        33,
        17,
        17,
        0,
        49,
        26,
        67
      ],
      [
        79,
        34,
        30,
        25,
        24,
        85,
        20,
        31,
        83,
        28,
        23,
        35,
        17,
        0,
        49,
        47
      ],
      [
        83,
        61,
        75,
        42,
        12,
        27,
        67,
        48,
        40,
        47,
        26,
        22,
        27,
        62,
        0,
        37
      ],
      [
        66,
        86,
        12,
        57,
        77,
        54,
        71,
        23,
        29,
        78,
        60,
        80,
        75,
        89,
        53,
        0
      ]
    ]
  ],
  "with_setup": true,
  "family_setup": false,
  "objective": "wT",
  "identical_mch": false
}