{
  "numJob": 19,
  "numMch": 2,
  "jobs": [
    {
      "ID": 0,
      "due": 150,
      "weight": 3,
      "family": 0,
      "complete": false,
      "start": -1,
      "end": -1,
      "assignedMch": -1,
      "priority": 0
    },
    {
      "ID": 1,
      "due": 108,
      "weight": 5,
      "family": 1,
      "complete": false,
      "start": -1,
      "end": -1,
      "assignedMch": -1,
      "priority": 0
    },
    {
      "ID": 2,
      "due": 49,
      "weight": 7,
      "family": 2,
      "complete": false,
      "start": -1,
      "end": -1,
      "assignedMch": -1,
      "priority": 0
    },
    {
      "ID": 3,
      "due": 46,
      "weight": 9,
      "family": 3,
      "complete": false,
      "start": -1,
      "end": -1,
      "assignedMch": -1,
      "priority": 0
    },
    {
      "ID": 4,
      "due": 92,
      "weight": 4,
      "family": 4,
      "complete": false,
      "start": -1,
      "end": -1,
      "assignedMch": -1,
      "priority": 0
    },
    {
      "ID": 5,
      "due": 46,
      "weight": 5,
      "family": 5,
      "complete": false,
      "start": -1,
      "end": -1,
      "assignedMch": -1,
      "priority": 0
    },
    {
      "ID": 6,
      "due": 34,
      "weight": 2,
      "family": 6,
      "complete": false,
      "start": -1,
      "end": -1,
      "assignedMch": -1,
      "priority": 0
    },
    {
      "ID": 7,
      "due": 42,
      "weight": 7,
      "family": 7,
      "complete": false,
      "start": -1,
      "end": -1,
      "assignedMch": -1,
      "priority": 0
    },
    {
      "ID": 8,
      "due": 102,
      "weight": 6,
      "family": 8,
      "complete": false,
      "start": -1,
      "end": -1,
      "assignedMch": -1,
      "priority": 0
    },
    {
      "ID": 9,
      "due": 123,
      "weight": 6,
      "family": 9,
      "complete": false,
      "start": -1,
      "end": -1,
      "assignedMch": -1,
      "priority": 0
    },
    {
      "ID": 10,
      "due": 104,
      "weight": 1,
      "family": 10,
      "complete": false,
      "start": -1,
      "end": -1,
      "assignedMch": -1,
      "priority": 0
    },
    {
      "ID": 11,
      "due": 122,
      "weight": 9,
      "family": 11,
      "complete": false,
      "start": -1,
      "end": -1,
      "assignedMch": -1,
      "priority": 0
    },
    {
      "ID": 12,
      "due": 79,
      "weight": 8,
      "family": 12,
      "complete": false,
      "start": -1,
      "end": -1,
      "assignedMch": -1,
      "priority": 0
    },
    {
      "ID": 13,
      "due": 38,
      "weight": 3,
      "family": 13,
      "complete": false,
      "start": -1,
      "end": -1,
      "assignedMch": -1,
      "priority": 0
    },
    {
      "ID": 14,
      "due": 115,
      "weight": 9,
      "family": 14,
      "complete": false,
      "start": -1,
      "end": -1,
      "assignedMch": -1,
      "priority": 0
    },
    {
      "ID": 15,
      "due": 51,
      "weight": 6,
      "family": 15,
      "complete": false,
      "start": -1,
      "end": -1,
      "assignedMch": -1,
      "priority": 0
    },
    {
      "ID": 16,
      "due": 102,
      "weight": 7,
      "family": 16,
      "complete": false,
      "start": -1,
      "end": -1,
      "assignedMch": -1,
      "priority": 0
    },
    {
      "ID": 17,
      "due": 87,
      "weight": 8,
      "family": 17,
      "complete": false,
      "start": -1,
      "end": -1,
      "assignedMch": -1,
      "priority": 0
    },
    {
      "ID": 18,
      "due": 42,
      "weight": 3,
      "family": 18,
      "complete": false,
      "start": -1,
      "end": -1,
      "assignedMch": -1,
      "priority": 0
    }
  ],
  "machines": [
    {
      "ID": 0,
      "available": 0,
      "assigned": [],
      "setup": [
        [
          0,
          24,
          18,
          64,
          54,
          61,
          19,
          39,
          64,
          17,
          40,
          80,
          12,
          15,
          38,
          54,
          61,
          90,
          30
        ],
        [
          52,
          0,
          35,
          40,
          61,
          19,
          55,
          59,
          22,
          27,
          36,
          64,
          31,
          39,
          65,
          19,
          25,
          54,
          19
        ],
        [
          57,
          81,
          0,
          48,
          41,
          82,
          12,
          12,
          38,
          53,
          45,
          27,
          11,
          78,
          38,
          27,
          41,
          30,
          20
        ],
        [
          26,
          70,
          42,
          0,
          55,
          11,
          22,
          70,
          31,
          46,
          53,
          16,
          41,
          37,
          65,
          16,
          80,
          50,
          21
        ],
        [
          43,
          60,
          85,
          68,
          0,
          59,
          64,
          85,
          73,
          64,
          87,
          30,
          41,
          70,
          38,
          55,
          76,
          51,
          25
        ],
        [
          51,
          42,
          16,
          49,
          40,
          0,
          23,
          58,
          22,
          87,
          71,
          25,
          68,
          64,
          34,
          40,
          67,
          28,
          68
        ],
        [
          80,
          23,
          25,
          45,
          60,
          78,
          0,
          62,
          74,
          35,
          39,
          87,
          40,
          63,
          39,
          11,
          14,
          20,
          69
        ],
        [
          85,
          48,
          72,
          12,
          76,
          29,
          44,
          0,
          31,
          22,
          75,
          13,
          65,
          37,
          81,
          51,
          64,
          80,
          87
        ],
        [
          25,
          47,
          51,
          74,
          81,
          78,
          71,
          12,
          0,
          32,
          53,
          81,
          68,
          26,
          57,
          74,
          40,
          87,
          57
        ],
        [
          29,
          47,
          39,
          31,
          14,
          27,
          90,
          76,
          86,
          0,
          58,
          15,
          69,
          66,
          11,
          34,
          17,
          30,
          16
        ],
        [
          13,
          35,
          87,
          86,
          78,
          52,
          23,
          71,
          22,
          81,
          0,
          17,
          73,
          30,
          25,
          47,
          20,
          25,
          23
        ],
        [
          45,
          19,
          81,
          73,
          16,
          22,
          27,
          26,
          48,
          49,
          19,
          0,
          59,
          14,
          70,
          44,
          72,
          11,
          35
        ],
        [
          67,
          70,
          46,
          15,
          47,
          60,
          65,
          72,
          25,
          23,
          52,
          90,
          0,
          62,
          69,
          60,
          53,
          51,
          36
        ],
        [
          32,
          30,
          84,
          84,
          44,
          71,
          49,
          80,
          37,
          43,
          63,
          42,
          21,
          0,
          71,
          34,
          84,
          23,
          87
        ],
        [
          13,
          59,
          68,
          21,
          53,
          35,
          57,
          60,
          75,
          89,
          58,
          19,
          49,
          27,
          0,
          28,
          54,
          30,
          43
        ],
        [
          25,
          43,
          10,
          47,
          45,
          25,
          53,
          52,
          89,
          59,
          78,
          13,
          71,
          84,
          66,
          0,
          38,
          62,
          38
        ],
        [
          74,
          33,
          22,
          84,
          33,
          66,
          85,
          76,
          62,
          27,
          36,
          75,
          82,
          22,
          87,
          30,
          0,
          35,
          46
        ],
        [
          59,
          28,
          33,
          73,
          82,
          85,
          28,
          73,
          30,
          32,
          70,
          72,
          51,
          56,
          14,
          23,
          25,
          0,
          38
        ],
        [
          67,
          39,
          80,
          15,
          20,
          89,
          58,
          41,
          62,
          24,
          74,
          37,
          14,
          73,
          26,
          48,
          34,
          32,
          0
        ]
      ],
      "ptime": [
        58,
        58,
        32,
        31,
        48,
        30,
        54,
        34,
        49,
        34,
        43,
        56,
        44,
        55,
        33,
        46,
        60,
        36,
        42
      ],
      "schedules": [],
      "priority": 0
    },
    {
      "ID": 1,
      "available": 0,
      "assigned": [],
      "setup": [
        [
          0,
          86,
          51,
          50,
          47,
          37,
          89,
          63,
          39,
          19,
          30,
          77,
          76,
          27,
          69,
          10,
          74,
          73,
          16
        ],
        [
          27,
          0,
          51,
          65,
          41,
          18,
          54,
          47,
          50,
          54,
          22,
          12,
          18,
          30,
          13,
          46,
          17,
          77,
          61
        ],
        [
          55,
          74,
          0,
          73,
          15,
          63,
          43,
          16,
          57,
          13,
          56,
          48,
          38,
          56,
          20,
          68,
          53,
          68,
          76
        ],
        [
          34,
          20,
          81,
          0,
          83,
          11,
          27,
          10,
          83,
          36,
          36,
          56,
          84,
          17,
          64,
          77,
          13,
          40,
          83
        ],
        [
          49,
          55,
          20,
          25,
          0,
          89,
          32,
          39,
          60,
          72,
          17,
          48,
          89,
          32,
          30,
          11,
          43,
          74,
          59
        ],
        [
          58,
          53,
          72,
          36,
          38,
          0,
          62,
          57,
          85,
          36,
          32,
          23,
          85,
          28,
          83,
          15,
          27,
          44,
          24
        ],
        [
          81,
          86,
          40,
          29,
          35,
          37,
          0,
          33,
          19,
          11,
          30,
          29,
          58,
          35,
          68,
          21,
          87,
          46,
          86
        ],
        [
          18,
          28,
          23,
          42,
          47,
          53,
          46,
          0,
          24,
          82,
          33,
          41,
          77,
          48,
          82,
          82,
          44,
          83,
          75
        ],
        [
          46,
          51,
          63,
          83,
          20,
          68,
          87,
          51,
          0,
          70,
          39,
          53,
          51,
          35,
          57,
          59,
          40,
          58,
          88
        ],
        [
          62,
          41,
          34,
          16,
          52,
          18,
          57,
          32,
          55,
          0,
          15,
          32,
          23,
          88,
          82,
          10,
          13,
          40,
          37
        ],
        [
          13,
          27,
          73,
          65,
          77,
          35,
          26,
          61,
          66,
          43,
          0,
          41,
          84,
          49,
          62,
          52,
          50,
          88,
          66
        ],
        [
          28,
          71,
          84,
          76,
          22,
          51,
          28,
          81,
          63,
          90,
          46,
          0,
          46,
          50,
          48,
          40,
          17,
          78,
          32
        ],
        [
          38,
          13,
          29,
          72,
          31,
          73,
          78,
          30,
          71,
          54,
          57,
          48,
          0,
          65,
          37,
          19,
          58,
          84,
          33
        ],
        [
          78,
          46,
          24,
          27,
          36,
          50,
          44,
          49,
          86,
          50,
          29,
          47,
          18,
          0,
          58,
          84,
          81,
          63,
          26
        ],
        [
          39,
          44,
          13,
          64,
          12,
          51,
          31,
          28,
          30,
          41,
          46,
          64,
          46,
          37,
          0,
          21,
          63,
          73,
          37
        ],
        [
          82,
          60,
          68,
          53,
          42,
          38,
          34,
          14,
          85,
          54,
          66,
          79,
          57,
          38,
          41,
          0,
          87,
          25,
          88
        ],
        [
          82,
          32,
          38,
          34,
          74,
          32,
          56,
          40,
          49,
          52,
          48,
          61,
          83,
          45,
          71,
          59,
          0,
          17,
          52
        ],
        [
          61,
          39,
          71,
          78,
          66,
          87,
          57,
          32,
          47,
          35,
          72,
          16,
          72,
          14,
          69,
          80,
          76,
          0,
          63
        ],
        [
          29,
          14,
          62,
          72,
          18,
          21,
          23,
          19,
          44,
          50,
          26,
          76,
          47,
          76,
          43,
          61,
          48,
          15,
          0
        ]
      ],
      "ptime": [
        46,
        59,
        55,
        55,
        41,
        36,
        35,
        58,
        57,
        37,
        37,
        42,
        49,
        46,
        52,
        31,
        37,
        34,
        39
      ],
      "schedules": [],
      "priority": 0
    }
  ],
  "ptime": [
    [
      58,
      58,
      32,
      31,
      48,
      30,
      54,
      34,
      49,
      34,
      43,
      56,
      44,
      55,
      33,
      46,
      60,
      36,
      42
    ],
    [
      46,
      59,
      55,
      55,
      41,
      36,
      35,
      58,
      57,
      37,
      37,
      42,
      49,
      46,
      52,
      31,
      37,
      34,
      39
    ]
  ],
  "setup": [
    [
      [
        0,
        24,
        18,
        64,
        54,
        61,
        19,
        39,
        64,
        17,
        40,
        80,
        12,
        15,
        38,
        54,
        61,
        90,
        30
      ],
      [
        52,
        0,
        35,
        40,
        61,
        19,
        55,
        59,
        22,
        27,
        36,
        64,
        31,
        39,
        65,
        19,
        25,
        54,
        19
      ],
      [
        57,
        81,
        0,
        48,
        41,
        82,
        12,
        12,
        38,
        53,
        45,
        27,
        11,
        78,
        38,
        27,
        41,
        30,
        20
      ],
      [
        26,
        70,
        42,
        0,
        55,
        11,
        22,
        70,
        31,
        46,
        53,
        16,
        41,
        37,
        65,
        16,
        80,
        50,
        21
      ],
      [
        43,
        60,
        85,
        68,
        0,
        59,
        64,
        85,
        73,
        64,
        87,
        30,
        41,
        70,
        38,
        55,
        76,
        51,
        25
      ],
      [
        51,
        42,
        16,
        49,
        40,
        0,
        23,
        58,
        22,
        87,
        71,
        25,
        68,
        64,
        34,
        40,
        67,
        28,
        68
      ],
      [
        80,
        23,
        25,
        45,
        60,
        78,
        0,
        62,
        74,
        35,
        39,
        87,
        40,
        63,
        39,
        11,
        14,
        20,
        69
      ],
      [
        85,
        48,
        72,
        12,
        76,
        29,
        44,
        0,
        31,
        22,
        75,
        13,
        65,
        37,
        81,
        51,
        64,
        80,
        87
      ],
      [
        25,
        47,
        51,
        74,
        81,
        78,
        71,
        12,
        0,
        32,
        53,
        81,
        68,
        26,
        57,
        74,
        40,
        87,
        57
      ],
      [
        29,
        47,
        39,
        31,
        14,
        27,
        90,
        76,
        86,
        0,
        58,
        15,
        69,
        66,
        11,
        34,
        17,
        30,
        16
      ],
      [
        13,
        35,
        87,
        86,
        78,
        52,
        23,
        71,
        22,
        81,
        0,
        17,
        73,
        30,
        25,
        47,
        20,
        25,
        23
      ],
      [
        45,
        19,
        81,
        73,
        16,
        22,
        27,
        26,
        48,
        49,
        19,
        0,
        59,
        14,
        70,
        44,
        72,
        11,
        35
      ],
      [
        67,
        70,
        46,
        15,
        47,
        60,
        65,
        72,
        25,
        23,
        52,
        90,
        0,
        62,
        69,
        60,
        53,
        51,
        36
      ],
      [
        32,
        30,
        84,
        84,
        44,
        71,
        49,
        80,
        37,
        43,
        63,
        42,
        21,
        0,
        71,
        34,
        84,
        23,
        87
      ],
      [
        13,
        59,
        68,
        21,
        53,
        35,
        57,
        60,
        75,
        89,
        58,
        19,
        49,
        27,
        0,
        28,
        54,
        30,
        43
      ],
      [
        25,
        43,
        10,
        47,
        45,
        25,
        53,
        52,
        89,
        59,
        78,
        13,
        71,
        84,
        66,
        0,
        38,
        62,
        38
      ],
      [
        74,
        33,
        22,
        84,
        33,
        66,
        85,
        76,
        62,
        27,
        36,
        75,
        82,
        22,
        87,
        30,
        0,
        35,
        46
      ],
      [
        59,
        28,
        33,
        73,
        82,
        85,
        28,
        73,
        30,
        32,
        70,
        72,
        51,
        56,
        14,
        23,
        25,
        0,
        38
      ],
      [
        67,
        39,
        80,
        15,
        20,
        89,
        58,
        41,
        62,
        24,
        74,
        37,
        14,
        73,
        26,
        48,
        34,
        32,
        0
      ]
    ],
    [
      [
        0,
        86,
        51,
        50,
        47,
        37,
        89,
        63,
        39,
        19,
        30,
        77,
        76,
        27,
        69,
        10,
        74,
        73,
        16
      ],
      [
        27,
        0,
        51,
        65,
        41,
        18,
        54,
        47,
        50,
        54,
        22,
        12,
        18,
        30,
        13,
        46,
        17,
        77,
        61
      ],
      [
        55,
        74,
        0,
        73,
        15,
        63,
        43,
        16,
        57,
        13,
        56,
        48,
        38,
        56,
        20,
        68,
        53,
        68,
        76
      ],
      [
        34,
        20,
        81,
        0,
        83,
        11,
        27,
        10,
        83,
        36,
        36,
        56,
        84,
        17,
        64,
        77,
        13,
        40,
        83
      ],
      [
        49,
        55,
        20,
        25,
        0,
        89,
        32,
        39,
        60,
        72,
        17,
        48,
        89,
        32,
        30,
        11,
        43,
        74,
        59
      ],
      [
        58,
        53,
        72,
        36,
        38,
        0,
        62,
        57,
        85,
        36,
        32,
        23,
        85,
        28,
        83,
        15,
        27,
        44,
        24
      ],
      [
        81,
        86,
        40,
        29,
        35,
        37,
        0,
        33,
        19,
        11,
        30,
        29,
        58,
        35,
        68,
        21,
        87,
        46,
        86
      ],
      [
        18,
        28,
        23,
        42,
        47,
        53,
        46,
        0,
        24,
        82,
        33,
        41,
        77,
        48,
        82,
        82,
        44,
        83,
        75
      ],
      [
        46,
        51,
        63,
        83,
        20,
        68,
        87,
        51,
        0,
        70,
        39,
        53,
        51,
        35,
        57,
        59,
        40,
        58,
        88
      ],
      [
        62,
        41,
        34,
        16,
        52,
        18,
        57,
        32,
        55,
        0,
        15,
        32,
        23,
        88,
        82,
        10,
        13,
        40,
        37
      ],
      [
        13,
        27,
        73,
        65,
        77,
        35,
        26,
        61,
        66,
        43,
        0,
        41,
        84,
        49,
        62,
        52,
        50,
        88,
        66
      ],
      [
        28,
        71,
        84,
        76,
        22,
        51,
        28,
        81,
        63,
        90,
        46,
        0,
        46,
        50,
        48,
        40,
        17,
        78,
        32
      ],
      [
        38,
        13,
        29,
        72,
        31,
        73,
        78,
        30,
        71,
        54,
        57,
        48,
        0,
        65,
        37,
        19,
        58,
        84,
        33
      ],
      [
        78,
        46,
        24,
        27,
        36,
        50,
        44,
        49,
        86,
        50,
        29,
        47,
        18,
        0,
        58,
        84,
        81,
        63,
        26
      ],
      [
        39,
        44,
        13,
        64,
        12,
        51,
        31,
        28,
        30,
        41,
        46,
        64,
        46,
        37,
        0,
        21,
        63,
        73,
        37
      ],
      [
        82,
        60,
        68,
        53,
        42,
        38,
        34,
        14,
        85,
        54,
        66,
        79,
        57,
        38,
        41,
        0,
        87,
        25,
        88
      ],
      [
        82,
        32,
        38,
        34,
        74,
        32,
        56,
        40,
        49,
        52,
        48,
        61,
        83,
        45,
        71,
        59,
        0,
        17,
        52
      ],
      [
        61,
        39,
        71,
        78,
        66,
        87,
        57,
        32,
        47,
        35,
        72,
        16,
        72,
        14,
        69,
        80,
        76,
        0,
        63
      ],
      [
        29,
        14,
        62,
        72,
        18,
        21,
        23,
        19,
        44,
        50,
        26,
        76,
        47,
        76,
        43,
        61,
        48,
        15,
        0
      ]
    ]
  ],
  "with_setup": true,
  "family_setup": false,
  "objective": "wT",
  "identical_mch": false
}