{
  "numJob": 6,
  "numMch": 4,
  "jobs": [
    {
      "ID": 0,
      "due": 13,
      "weight": 8,
      "family": 0,
      "complete": false,
      "start": -1,
      "end": -1,
      "assignedMch": -1,
      "priority": 0
    },
    {
      "ID": 1,
      "due": 23,
      "weight": 9,
      "family": 1,
      "complete": false,
      "start": -1,
      "end": -1,
      "assignedMch": -1,
      "priority": 0
    },
    {
      "ID": 2,
      "due": 11,
      "weight": 9,
      "family": 2,
      "complete": false,
      "start": -1,
      "end": -1,
      "assignedMch": -1,
      "priority": 0
    },
    {
      "ID": 3,
      "due": 7,
      "weight": 4,
      "family": 3,
      "complete": false,
      "start": -1,
      "end": -1,
      "assignedMch": -1,
      "priority": 0
    },
    {
      "ID": 4,
      "due": 13,
      "weight": 2,
      "family": 4,
      "complete": false,
      "start": -1,
      "end": -1,
      "assignedMch": -1,
      "priority": 0
    },
    {
      "ID": 5,
      "due": 3,
      "weight": 6,
      "family": 5,
      "complete": false,
      "start": -1,
      "end": -1,
      "assignedMch": -1,
      "priority": 0
    }
  ],
  "machines": [
    {
      "ID": 0,
      "available": 0,
      "assigned": [],
      "setup": [
        [
          0,
          74,
          81,
          74,
          66,
          13
        ],
        [
          14,
          0,
          64,
          57,
          74,
          38
        ],
        [
          85,
          86,
          0,
          83,
          27,
          84
        ],
        [
          61,
          15,
          41,
          0,
          84,
          89
        ],
        [
          62,
          35,
          87,
          44,
          0,
          65
        ],
        [
          59,
          43,
          27,
          40,
          89,
          0
        ]
      ],
      "ptime": [
        41,
        42,
        45,
        57,
        57,
        34
      ],
      "schedules": [],
      "priority": 0
    },
    {
      "ID": 1,
      "available": 0,
      "assigned": [],
      "setup": [
        [
          0,
          41,
          84,
          54,
          73,
          62
        ],
        [
          60,
          0,
          39,
          88,
          31,
          84
        ],
        [
          17,
          90,
          0,
          77,
          66,
          45
        ],
        [
          55,
          16,
          86,
          0,
          30,
          26
        ],
        [
          24,
          36,
          46,
          49,
          0,
          68
        ],
        [
          69,
          38,
          80,
          60,
          62,
          0
        ]
      ],
      "ptime": [
        43,
        42,
        53,
        30,
        52,
        56
      ],
      "schedules": [],
      "priority": 0
    },
    {
      "ID": 2,
      "available": 0,
      "assigned": [],
      "setup": [
        [
          0,
          22,
          64,
          47,
          65,
          83
        ],
        [
          11,
          0,
          15,
          85,
          82,
          21
        ],
        [
          25,
          21,
          0,
          53,
          11,
          13
        ],
        [
          67,
          29,
          14,
          0,
          11,
          37
        ],
        [
          64,
          10,
          21,
          57,
          0,
          54
        ],
        [
          56,
          67,
          59,
          41,
          43,
          0
        ]
      ],
      "ptime": [
        45,
        52,
        57,
        34,
        59,
        60
      ],
      "schedules": [],
      "priority": 0
    },
    {
      "ID": 3,
      "available": 0,
      "assigned": [],
      "setup": [
        [
          0,
          44,
          63,
          53,
          24,
          77
        ],
        [
          43,
          0,
          57,
          73,
          62,
          57
        ],
        [
          16,
          16,
          0,
          39,
          25,
          15
        ],
        [
          53,
          41,
          20,
          0,
          61,
          70
        ],
        [
          20,
          27,
          75,
          43,
          0,
          50
        ],
        [
          12,
          84,
          49,
          26,
          85,
          0
        ]
      ],
      "ptime": [
        41,
        32,
        50,
        60,
        56,
        33
      ],
      "schedules": [],
      "priority": 0
    }
  ],
  "ptime": [
    [
      41,
      42,
      45,
      57,
      57,
      34
    ],
    [
      43,
      42,
      53,
      30,
      52,
      56
    ],
    [
      45,
      52,
      57,
      34,
      59,
      60
    ],
    [
      41,
      32,
      50,
      60,
      56,
      33
    ]
  ],
  "setup": [
    [
      [
        0,
        74,
        81,
        74,
        66,
        13
      ],
      [
        14,
        0,
        64,
        57,
        74,
        38
      ],
      [
        85,
        86,
        0,
        83,
        27,
        84
      ],
      [
        61,
        15,
        41,
        0,
        84,
        89
      ],
      [
        62,
        35,
        87,
        44,
        0,
        65
      ],
      [
        59,
        43,
        27,
        40,
        89,
        0
      ]
    ],
    [
      [
        0,
        41,
        84,
        54,
        73,
        62
      ],
      [
        60,
        0,
        39,
        88,
        31,
        84
      ],
      [
        17,
        90,
        0,
        77,
        66,
        45
      ],
      [
        55,
        16,
        86,
        0,
        30,
        26
      ],
      [
        24,
        36,
        46,
        49,
        0,
        68
      ],
      [
        69,
        38,
        80,
        60,
        62,
        0
      ]
    ],
    [
      [
        0,
        22,
        64,
        47,
        65,
        83
      ],
      [
        11,
        0,
        15,
        85,
        82,
        21
      ],
      [
        25,
        21,
        0,
        53,
        11,
        13
      ],
      [
        67,
        29,
        14,
        0,
        11,
        37
      ],
      [
        64,
        10,
        21,
        57,
        0,
        54
      ],
      [
        56,
        67,
        59,
        41,
        43,
        0
      ]
    ],
    [
      [
        0,
        44,
        63,
        53,
        24,
        77
      ],
      [
        43,
        0,
        57,
        73,
        62,
        57
      ],
      [
        16,
        16,
        0,
        39,
        25,
        15
      ],
      [
        53,
        41,
        20,
        0,
        61,
        70
      ],
      [
        20,
        27,
        75,
        43,
        0,
        50
      ],
      [
        12,
        84,
        49,
        26,
        85,
        0
      ]
    ]
  ],
  "with_setup": true,
  "family_setup": false,
  "objective": "wT",
  "identical_mch": false
}