{
  "numJob": 7,
  "numMch": 4,
  "jobs": [
    {
      "ID": 0,
      "due": 18,
      "weight": 1,
      "family": 0,
      "complete": false,
      "start": -1,
      "end": -1,
      "assignedMch": -1,
      "priority": 0
    },
    {
      "ID": 1,
      "due": 22,
      "weight": 4,
      "family": 1,
      "complete": false,
      "start": -1,
      "end": -1,
      "assignedMch": -1,
      "priority": 0
    },
    {
      "ID": 2,
      "due": 16,
      "weight": 5,
      "family": 2,
      "complete": false,
      "start": -1,
      "end": -1,
      "assignedMch": -1,
      "priority": 0
    },
    {
      "ID": 3,
      "due": 10,
      "weight": 2,
      "family": 3,
      "complete": false,
      "start": -1,
      "end": -1,
      "assignedMch": -1,
      "priority": 0
    },
    {
      "ID": 4,
      "due": 16,
      "weight": 8,
      "family": 4,
      "complete": false,
      "start": -1,
      "end": -1,
      "assignedMch": -1,
      "priority": 0
    },
    {
      "ID": 5,
      "due": 15,
      "weight": 8,
      "family": 5,
      "complete": false,
      "start": -1,
      "end": -1,
      "assignedMch": -1,
      "priority": 0
    },
    {
      "ID": 6,
      "due": 13,
      "weight": 5,
      "family": 6,
      "complete": false,
      "start": -1,
      "end": -1,
      "assignedMch": -1,
      "priority": 0
    }
  ],
  "machines": [
    {
      "ID": 0,
      "available": 0,
      "assigned": [],
      "setup": [
        [
          0,
          11,
          84,
          20,
          54,
          22,
          48
        ],
        [
          25,
          0,
          11,
          68,
          48,
          59,
          60
        ],
        [
          41,
          17,
          0,
          68,
          89,
          10,
          20
        ],
        [
          28,
          42,
          58,
          0,
          21,
          73,
          35
        ],
        [
          45,
          15,
          64,
          46,
          0,
          57,
          72
        ],
        [
          39,
          28,
          79,
          61,
          24,
          0,
          50
        ],
        [
          70,
          76,
          73,
          35,
          25,
          90,
          0
        ]
      ],
      "ptime": [
        30,
        40,
        30,
        45,
        32,
        57,
        50
      ],
      "schedules": [],
      "priority": 0
    },
    {
      "ID": 1,
      "available": 0,
      "assigned": [],
      "setup": [
        [
          0,
          17,
          22,
          57,
          71,
          43,
          34
        ],
        [
          24,
          0,
          37,
          63,
          37,
          88,
          49
        ],
        [
          33,
          52,
          0,
          26,
          80,
          72,
          48
        ],
        [
          80,
          68,
          83,
          0,
          61,
          20,
          81
        ],
        [
          16,
          32,
          69,
          87,
          0,
          73,
          35
        ],
        [
          77,
          74,
          56,
          34,
          89,
          0,
          83
        ],
        [
          17,
          18,
          13,
          89,
          56,
          37,
          0
        ]
      ],
      "ptime": [
        53,
        31,
        35,
        40,
        40,
        45,
        60
      ],
      "schedules": [],
      "priority": 0
    },
    {
      "ID": 2,
      "available": 0,
      "assigned": [],
      "setup": [
        [
          0,
          20,
          41,
          54,
          22,
          43,
          14
        ],
        [
          30,
          0,
          33,
          48,
          21,
          78,
          52
        ],
        [
          57,
          81,
          0,
          53,
          82,
          19,
          66
        ],
        [
          15,
          16,
          73,
          0,
          34,
          83,
          46
        ],
        [
          66,
          81,
          34,
          67,
          0,
          12,
          24
        ],
        [
          37,
          25,
          86,
          85,
          76,
          0,
          59
        ],
        [
          28,
          26,
          63,
          10,
          65,
          73,
          0
        ]
      ],
      "ptime": [
        50,
        42,
        56,
        35,
        47,
        38,
        33
      ],
      "schedules": [],
      "priority": 0
    },
    {
      "ID": 3,
      "available": 0,
      "assigned": [],
      "setup": [
        [
          0,
          60,
          35,
          41,
          68,
          46,
          82
        ],
        [
          62,
          0,
          71,
          81,
          11,
          12,
          71
        ],
        [
          15,
          79,
          0,
          38,
          90,
          28,
          13
        ],
        [
          53,
          67,
          29,
          0,
          51,
          90,
          39
        ],
        [
          90,
          15,
          78,
          47,
          0,
          57,
          26
        ],
        [
          60,
          28,
          20,
          53,
          60,
          0,
          79
        ],
        [
          33,
          90,
          30,
          81,
          33,
          10,
          0
        ]
      ],
      "ptime": [
        30,
        58,
        36,
        51,
        34,
        53,
        54
      ],
      "schedules": [],
      "priority": 0
    }
  ],
  "ptime": [
    [
      30,
      40,
      30,
      45,
      32,
      57,
      50
    ],
    [
      53,
      31,
      35,
      40,
      40,
      45,
      60
    ],
    [
      50,
      42,
      56,
      35,
      47,
      38,
      33
    ],
    [
      30,
      58,
      36,
      51,
      34,
      53,
      54
    ]
  ],
  "setup": [
    [
      [
        0,
        11,
        84,
        20,
        54,
        22,
        48
      ],
      [
        25,
        0,
        11,
        68,
        48,
        59,
        60
      ],
      [
        41,
        17,
        0,
        68,
        89,
        10,
        20
      ],
      [
        28,
        42,
        58,
        0,
        21,
        73,
        35
      ],
      [
        45,
        15,
        64,
        46,
        0,
        57,
        72
      ],
      [
        39,
        28,
        79,
        61,
        24,
        0,
        50
      ],
      [
        70,
        76,
        73,
        35,
        25,
        90,
        0
      ]
    ],
    [
      [
        0,
        17,
        22,
        57,
        71,
        43,
        34
      ],
      [
        24,
        0,
        37,
        63,
        37,
        88,
        49
      ],
      [
        33,
        52,
        0,
        26,
        80,
        72,
        48
      ],
      [
        80,
        68,
        83,
        0,
        61,
        20,
        81
      ],
      [
        16,
        32,
        69,
        87,
        0,
        73,
        35
      ],
      [
        77,
        74,
        56,
        34,
        89,
        0,
        83
      ],
      [
        17,
        18,
        13,
        89,
        56,
        37,
        0
      ]
    ],
    [
      [
        0,
        20,
        41,
        54,
        22,
        43,
        14
      ],
      [
        30,
        0,
        33,
        48,
        21,
        78,
        52
      ],
      [
        57,
        81,
        0,
        53,
        82,
        19,
        66
      ],
      [
        15,
        16,
        73,
        0,
        34,
        83,
        46
      ],
      [
        66,
        81,
        34,
        67,
        0,
        12,
        24
      ],
      [
        37,
        25,
        86,
        85,
        76,
        0,
        59
      ],
      [
        28,
        26,
        63,
        10,
        65,
        73,
        0
      ]
    ],
    [
      [
        0,
        60,
        35,
        41,
        68,
        46,
        82
      ],
      [
        62,
        0,
        71,
        81,
        11,
        12,
        71
      ],
      [
        15,
        79,
        0,
        38,
        90,
        28,
        13
      ],
      [
        53,
        67,
        29,
        0,
        51,
        90,
        39
      ],
      [
        90,
        15,
        78,
        47,
        0,
        57,
        26
      ],
      [
        60,
        28,
        20,
        53,
        60,
        0,
        79
      ],
      [
        33,
        90,
        30,
        81,
        33,
        10,
        0
      ]
    ]
  ],
  "with_setup": true,
  "family_setup": false,
  "objective": "wT",
  "identical_mch": false
}