{
  "numJob": 18,
  "numMch": 3,
  "jobs": [
    {
      "ID": 0,
      "due": 36,
      "weight": 4,
      "family": 0,
      "complete": false,
      "start": -1,
      "end": -1,
      "assignedMch": -1,
      "priority": 0
    },
    {
      "ID": 1,
      "due": 9,
      "weight": 10,
      "family": 1,
      "complete": false,
      "start": -1,
      "end": -1,
      "assignedMch": -1,
      "priority": 0
    },
    {
      "ID": 2,
      "due": 82,
      "weight": 10,
      "family": 2,
      "complete": false,
      "start": -1,
      "end": -1,
      "assignedMch": -1,
      "priority": 0
    },
    {
      "ID": 3,
      "due": 50,
      "weight": 6,
      "family": 3,
      "complete": false,
      "start": -1,
      "end": -1,
      "assignedMch": -1,
      "priority": 0
    },
    {
      "ID": 4,
      "due": 96,
      "weight": 8,
      "family": 4,
      "complete": false,
      "start": -1,
      "end": -1,
      "assignedMch": -1,
      "priority": 0
    },
    {
      "ID": 5,
      "due": 43,
      "weight": 8,
      "family": 5,
      "complete": false,
      "start": -1,
      "end": -1,
      "assignedMch": -1,
      "priority": 0
    },
    {
      "ID": 6,
      "due": 60,
      "weight": 2,
      "family": 6,
      "complete": false,
      "start": -1,
      "end": -1,
      "assignedMch": -1,
      "priority": 0
    },
    {
      "ID": 7,
      "due": 28,
      "weight": 6,
      "family": 7,
      "complete": false,
      "start": -1,
      "end": -1,
      "assignedMch": -1,
      "priority": 0
    },
    {
      "ID": 8,
      "due": 13,
      "weight": 9,
      "family": 8,
      "complete": false,
      "start": -1,
      "end": -1,
      "assignedMch": -1,
      "priority": 0
    },
    {
      "ID": 9,
      "due": 16,
      "weight": 6,
      "family": 9,
      "complete": false,
      "start": -1,
      "end": -1,
      "assignedMch": -1,
      "priority": 0
    },
    {
      "ID": 10,
      "due": 71,
      "weight": 7,
      "family": 10,
      "complete": false,
      "start": -1,
      "end": -1,
      "assignedMch": -1,
      "priority": 0
    },
    {
      "ID": 11,
      "due": 26,
      "weight": 8,
      "family": 11,
      "complete": false,
      "start": -1,
      "end": -1,
      "assignedMch": -1,
      "priority": 0
    },
    {
      "ID": 12,
      "due": 84,
      "weight": 8,
      "family": 12,
      "complete": false,
      "start": -1,
      "end": -1,
      "assignedMch": -1,
      "priority": 0
    },
    {
      "ID": 13,
      "due": 60,
      "weight": 3,
      "family": 13,
      "complete": false,
      "start": -1,
      "end": -1,
      "assignedMch": -1,
      "priority": 0
    },
    {
      "ID": 14,
      "due": 90,
      "weight": 6,
      "family": 14,
      "complete": false,
      "start": -1,
      "end": -1,
      "assignedMch": -1,
      "priority": 0
    },
    {
      "ID": 15,
      "due": 46,
      "weight": 4,
      "family": 15,
      "complete": false,
      "start": -1,
      "end": -1,
      "assignedMch": -1,
      "priority": 0
    },
    {
      "ID": 16,
      "due": 33,
      "weight": 7,
      "family": 16,
      "complete": false,
      "start": -1,
      "end": -1,
      "assignedMch": -1,
      "priority": 0
    },
    {
      "ID": 17,
      "due": 18,
      "weight": 8,
      "family": 17,
      "complete": false,
      "start": -1,
      "end": -1,
      "assignedMch": -1,
      "priority": 0
    }
  ],
  "machines": [
    {
      "ID": 0,
      "available": 0,
      "assigned": [],
      "setup": [
        [
          0,
          67,
          32,
          35,
          53,
          85,
          43,
          82,
          53,
          58,
          63,
          31,
          23,
          62,
          63,
          78,
          71,
          85
        ],
        [
          21,
          0,
          86,
          72,
          54,
          50,
          57,
          51,
          54,
          37,
          73,
          52,
          72,
          47,
          18,
          33,
          78,
          42
        ],
        [
          48,
          47,
          0,
          31,
          36,
          44,
          63,
          48,
          50,
          31,
          86,
          45,
          67,
          37,
          61,
          12,
          63,
          90
        ],
        [
          11,
          69,
          50,
          0,
          68,
          86,
          11,
          54,
          47,
          50,
          26,
          50,
          77,
          73,
          51,
          36,
          62,
          51
        ],
        [
          59,
          68,
          20,
          73,
          0,
          48,
          10,
          31,
          55,
          30,
          73,
          66,
          59,
          28,
          30,
          36,
          20,
          79
        ],
        [
          88,
          56,
          31,
          13,
          77,
          0,
          51,
          73,
          33,
          31,
          70,
          22,
          68,
          13,
          59,
          88,
          37,
          20
        ],
        [
          52,
          16,
          39,
          83,
          37,
          71,
          0,
          84,
          15,
          39,
          11,
          60,
          35,
          24,
          46,
          20,
          89,
          83
        ],
        [
          62,
          15,
          71,
          47,
          60,
          61,
          23,
          0,
          58,
          31,
          36,
          10,
          66,
          54,
          12,
          23,
          23,
          88
        ],
        [
          49,
          37,
          74,
          86,
          41,
          15,
          59,
          33,
          0,
          26,
          46,
          58,
          24,
          75,
          85,
          73,
          57,
          13
        ],
        [
          74,
          15,
          60,
          27,
          38,
          72,
          86,
          76,
          90,
          0,
          87,
          16,
          64,
          10,
          18,
          36,
          78,
          76
        ],
        [
          11,
          26,
          76,
          17,
          18,
          78,
          32,
          36,
          58,
          38,
          0,
          30,
          58,
          12,
          33,
          71,
          86,
          49
        ],
        [
          23,
          45,
          51,
          56,
          41,
          10,
          30,
          14,
          22,
          32,
          17,
          0,
          47,
          31,
          77,
          27,
          35,
          78
        ],
        [
          18,
          37,
          81,
          24,
          56,
          57,
          47,
          64,
          56,
          86,
          88,
          35,
          0,
          36,
          62,
          72,
          42,
          36
        ],
        [
          12,
          35,
          11,
          53,
          35,
          41,
          65,
          37,
          30,
          15,
          79,
          13,
          68,
          0,
          10,
          63,
          73,
          14
        ],
        [
          62,
          44,
          25,
          59,
          23,
          85,
          80,
          87,
          54,
          26,
          40,
          47,
          13,
          71,
          0,
          15,
          67,
          40
        ],
        [
          41,
          77,
          51,
          15,
          37,
          26,
          49,
          64,
          35,
          89,
          27,
          36,
          32,
          11,
          58,
          0,
          26,
          57
        ],
        [
          72,
          23,
          15,
          67,
          12,
          67,
          78,
          53,
          15,
          37,
          70,
          87,
          74,
          77,
          57,
          89,
          0,
          87
        ],
        [
          40,
          51,
          29,
          24,
          32,
          72,
          40,
          22,
          58,
          82,
          60,
          74,
          21,
          54,
          13,
          39,
          87,
          0
        ]
      ],
      "ptime": [
        58,
        46,
        47,
        34,
        42,
        53,
        55,
        34,
        58,
        50,
        40,
        33,
        35,
        54,
        45,
        39,
        60,
        42
      ],
      "schedules": [],
      "priority": 0
    },
    {
      "ID": 1,
      "available": 0,
      "assigned": [],
      "setup": [
        [
          0,
          30,
          36,
          86,
          39,
          56,
          14,
          22,
          55,
          78,
          58,
          69,
          78,
          47,
          72,
          12,
          23,
          20
        ],
        [
          46,
          0,
          41,
          63,
          84,
          63,
          88,
          53,
          52,
          55,
          68,
          47,
          27,
          10,
          82,
          73,
          10,
          58
        ],
        [
          58,
          36,
          0,
          51,
          55,
          35,
          13,
          10,
          22,
          10,
          89,
          85,
          49,
          28,
          27,
          32,
          54,
          17
        ],
        [
          45,
          70,
          88,
          0,
          19,
          49,
          34,
          78,
          65,
          57,
          73,
          62,
          69,
          62,
          31,
          55,
          58,
          37
        ],
        [
          72,
          63,
          25,
          86,
          0,
          62,
          40,
          73,
          68,
          50,
          16,
          68,
          74,
          77,
          89,
          30,
          60,
          18
        ],
        [
          29,
          18,
          30,
          13,
          49,
          0,
          72,
          75,
          19,
          58,
          63,
          52,
          87,
          24,
          67,
          76,
          30,
          68
        ],
        [
          15,
          68,
          78,
          30,
          21,
          70,
          0,
          24,
          49,
          35,
          13,
          66,
          79,
          60,
          50,
          51,
          67,
          80
        ],
        [
          69,
          84,
          70,
          26,
          74,
          13,
          53,
          0,
          57,
          12,
          75,
          79,
          84,
          31,
          27,
          12,
          66,
          40
        ],
        [
          40,
          43,
          80,
          72,
          38,
          90,
          67,
          58,
          0,
          41,
          71,
          35,
          23,
          31,
          68,
          88,
          14,
          88
        ],
        [
          85,
          33,
          70,
          88,
          11,
          48,
          12,
          32,
          84,
          0,
          50,
          27,
          29,
          75,
          81,
          76,
          39,
          90
        ],
        [
          42,
          12,
          84,
          73,
          21,
          80,
          89,
          48,
          60,
          50,
          0,
          45,
          43,
          73,
          79,
          39,
          77,
          83
        ],
        [
          73,
          58,
          89,
          10,
          72,
          18,
          12,
          22,
          46,
          87,
          76,
          0,
          80,
          23,
          73,
          59,
          66,
          90
        ],
        [
          80,
          87,
          30,
          74,
          28,
          14,
          11,
          56,
          73,
          56,
          62,
          68,
          0,
          12,
          80,
          90,
          20,
          61
        ],
        [
          60,
          84,
          18,
          28,
          24,
          51,
          35,
          45,
          32,
          16,
          58,
          22,
          90,
          0,
          53,
          48,
          81,
          60
        ],
        [
          21,
          52,
          11,
          23,
          83,
          60,
          88,
          46,
          17,
          11,
          21,
          78,
          76,
          24,
          0,
          49,
          63,
          69
        ],
        [
          67,
          78,
          69,
          77,
          66,
          46,
          72,
          29,
          39,
          74,
          21,
          19,
          17,
          18,
          38,
          0,
          30,
          52
        ],
        [
          27,
          81,
          16,
          67,
          78,
          75,
          75,
          69,
          39,
          70,
          80,
          48,
          58,
          65,
          11,
          50,
          0,
          69
        ],
        [
          27,
          20,
          79,
          39,
          21,
          64,
          15,
          14,
          76,
          75,
          48,
          80,
          57,
          58,
          16,
          66,
          87,
          0
        ]
      ],
      "ptime": [
        59,
        36,
        53,
        54,
        37,
        41,
        57,
        42,
        53,
        58,
        44,
        34,
        58,
        56,
        52,
        54,
        52,
        51
      ],
      "schedules": [],
      "priority": 0
    },
    {
      "ID": 2,
      "available": 0,
      "assigned": [],
      "setup": [
        [
          0,
          72,
          75,
          61,
          63,
          67,
          75,
          55,
          62,
          58,
          84,
          29,
          27,
          90,
          44,
          14,
          53,
          11
        ],
        [
          67,
          0,
          22,
          59,
          60,
          48,
          67,
          59,
          46,
          37,
          83,
          59,
          58,
          64,
          39,
          64,
          14,
          25
        ],
        [
          35,
          48,
          0,
          43,
          23,
          72,
          73,
          13,
          85,
          40,
          12,
          68,
          48,
          14,
          28,
          22,
          52,
          53
        ],
        [
          16,
          12,
          14,
          0,
          70,
          18,
          20,
          34,
          59,
          60,
          24,
          53,
          55,
          85,
          77,
          88,
          87,
          57
        ],
        [
          77,
          46,
          21,
          41,
          0,
          28,
          45,
          84,
          22,
          70,
          84,
          83,
          26,
          27,
          12,
          32,
          34,
          27
        ],
        [
          70,
          67,
          45,
          34,
          18,
          0,
          11,
          70,
          66,
          28,
          22,
          11,
          16,
          66,
          64,
          36,
          26,
          17
        ],
        [
          35,
          30,
          80,
          65,
          64,
          66,
          0,
          59,
          20,
          10,
          60,
          45,
          90,
          57,
          42,
          54,
          55,
          46
        ],
        [
          28,
          43,
          41,
          29,
          35,
          74,
          37,
          0,
          80,
          82,
          90,
          81,
          85,
          43,
          18,
          41,
          59,
          17
        ],
        [
          90,
          41,
          42,
          79,
          76,
          78,
          57,
          20,
          0,
          43,
          57,
          63,
          72,
          49,
          67,
          77,
          72,
          56
        ],
        [
          84,
          32,
          22,
          25,
          22,
          16,
          83,
          88,
          85,
          0,
          20,
          53,
          16,
          65,
          12,
          43,
          16,
          49
        ],
        [
          28,
          44,
          87,
          79,
          27,
          65,
          35,
          16,
          70,
          57,
          0,
          45,
          64,
          45,
          36,
          54,
          33,
          12
        ],
        [
          39,
          45,
          70,
          44,
          48,
          66,
          41,
          83,
          77,
          23,
          70,
          0,
          24,
          40,
          18,
          37,
          86,
          80
        ],
        [
          26,
          44,
          76,
          58,
          10,
          70,
          23,
          18,
          29,
          64,
          73,
          38,
          0,
          35,
          36,
          73,
          88,
          45
        ],
        [
          22,
          54,
          70,
          23,
          24,
          62,
          26,
          11,
          61,
          62,
          61,
          65,
          33,
          0,
          79,
          46,
          72,
          50
        ],
        [
          83,
          42,
          39,
          19,
          77,
          80,
          30,
          78,
          85,
          83,
          53,
          82,
          37,
          86,
          0,
          40,
          84,
          55
        ],
        [
          50,
          66,
          88,
          43,
          74,
          64,
          90,
          61,
          42,
          45,
          86,
          37,
          34,
          47,
          52,
          0,
          18,
          89
        ],
        [
          85,
          60,
          83,
          51,
          63,
          27,
          89,
          88,
          19,
          33,
          89,
          30,
          37,
          73,
          14,
          11,
          0,
          79
        ],
        [
          29,
          32,
          52,
          31,
          30,
          51,
          49,
          28,
          76,
          26,
          82,
          33,
          81,
          49,
          84,
          16,
          87,
          0
        ]
      ],
      "ptime": [
        32,
        31,
        46,
        54,
        30,
        55,
        57,
        47,
        57,
        50,
        43,
        42,
        46,
        55,
        36,
        52,
        33,
        46
      ],
      "schedules": [],
      "priority": 0
    }
  ],
  "ptime": [
    [
      58,
      46,
      47,
      34,
      42,
      53,
      55,
      34,
      58,
      50,
      40,
      33,
      35,
      54,
      45,
      39,
      60,
      42
    ],
    [
      59,
      36,
      53,
      54,
      37,
      41,
      57,
      42,
      53,
      58,
      44,
      34,
      58,
      56,
      52,
      54,
      52,
      51
    ],
    [
      32,
      31,
      46,
      54,
      30,
      55,
      57,
      47,
      57,
      50,
      43,
      42,
      46,
      55,
      36,
      52,
      33,
      46
    ]
  ],
  "setup": [
    [
      [
        0,
        67,
        32,
        35,
        53,
        85,
        43,
        82,
        53,
        58,
        63,
        31,
        23,
        62,
        63,
        78,
        71,
        85
      ],
      [
        21,
        0,
        86,
        72,
        54,
        50,
        57,
        51,
        54,
        37,
        73,
        52,
        72,
        47,
        18,
        33,
        78,
        42
      ],
      [
        48,
        47,
        0,
        31,
        36,
        44,
        63,
        48,
        50,
        31,
        86,
        45,
        67,
        37,
        61,
        12,
        63,
        90
      ],
      [
        11,
        69,
        50,
        0,
        68,
        86,
        11,
        54,
        47,
        50,
        26,
        50,
        77,
        73,
        51,
        36,
        62,
        51
      ],
      [
        59,
        68,
        20,
        73,
        0,
        48,
        10,
        31,
        55,
        30,
        73,
        66,
        59,
        28,
        30,
        36,
        20,
        79
      ],
      [
        88,
        56,
        31,
        13,
        77,
        0,
        51,
        73,
        33,
        31,
        70,
        22,
        68,
        13,
        59,
        88,
        37,
        20
      ],
      [
        52,
        16,
        39,
        83,
        37,
        71,
        0,
        84,
        15,
        39,
        11,
        60,
        35,
        24,
        46,
        20,
        89,
        83
      ],
      [
        62,
        15,
        71,
        47,
        60,
        61,
        23,
        0,
        58,
        31,
        36,
        10,
        66,
        54,
        12,
        23,
        23,
        88
      ],
      [
        49,
        37,
        74,
        86,
        41,
        15,
        59,
        33,
        0,
        26,
        46,
        58,
        24,
        75,
        85,
        73,
        57,
        13
      ],
      [
        74,
        15,
        60,
        27,
        38,
        72,
        86,
        76,
        90,
        0,
        87,
        16,
        64,
        10,
        18,
        36,
        78,
        76
      ],
      [
        11,
        26,
        76,
        17,
        18,
        78,
        32,
        36,
        58,
        38,
        0,
        30,
        58,
        12,
        33,
        71,
        86,
        49
      ],
      [
        23,
        45,
        51,
        56,
        41,
        10,
        30,
        14,
        22,
        32,
        17,
        0,
        47,
        31,
        77,
        27,
        35,
        78
      ],
      [
        18,
        37,
        81,
        24,
        56,
        57,
        47,
        64,
        56,
        86,
        88,
        35,
        0,
        36,
        62,
        72,
        42,
        36
      ],
      [
        12,
        35,
        11,
        53,
        35,
        41,
        65,
        37,
        30,
        15,
        79,
        13,
        68,
        0,
        10,
        63,
        73,
        14
      ],
      [
        62,
        44,
        25,
        59,
        23,
        85,
        80,
        87,
        54,
        26,
        40,
        47,
        13,
        71,
        0,
        15,
        67,
        40
      ],
      [
        41,
        77,
        51,
        15,
        37,
        26,
        49,
        64,
        35,
        89,
        27,
        36,
        32,
        11,
        58,
        0,
        26,
        57
      ],
      [
        72,
        23,
        15,
        67,
        12,
        67,
        78,
        53,
        15,
        37,
        70,
        87,
        74,
        77,
        57,
        89,
        0,
        87
      ],
      [
        40,
        51,
        29,
        24,
        32,
        72,
        40,
        22,
        58,
        82,
        60,
        74,
        21,
        54,
        13,
        39,
        87,
        0
      ]
    ],
    [
      [
        0,
        30,
        36,
        86,
        39,
        56,
        14,
        22,
        55,
        78,
        58,
        69,
        78,
        47,
        72,
        12,
        23,
        20
      ],
      [
        46,
        0,
        41,
        63,
        84,
        63,
        88,
        53,
        52,
        55,
        68,
        47,
        27,
        10,
        82,
        73,
        10,
        58
      ],
      [
        58,
        36,
        0,
        51,
        55,
        35,
        13,
        10,
        22,
        10,
        89,
        85,
        49,
        28,
        27,
        32,
        54,
        17
      ],
      [
        45,
        70,
        88,
        0,
        19,
        49,
        34,
        78,
        65,
        57,
        73,
        62,
        69,
        62,
        31,
        55,
        58,
        37
      ],
      [
        72,
        63,
        25,
        86,
        0,
        62,
        40,
        73,
        68,
        50,
        16,
        68,
        74,
        77,
        89,
        30,
        60,
        18
      ],
      [
        29,
        18,
        30,
        13,
        49,
        0,
        72,
        75,
        19,
        58,
        63,
        52,
        87,
        24,
        67,
        76,
        30,
        68
      ],
      [
        15,
        68,
        78,
        30,
        21,
        70,
        0,
        24,
        49,
        35,
        13,
        66,
        79,
        60,
        50,
        51,
        67,
        80
      ],
      [
        69,
        84,
        70,
        26,
        74,
        13,
        53,
        0,
        57,
        12,
        75,
        79,
        84,
        31,
        27,
        12,
        66,
        40
      ],
      [
        40,
        43,
        80,
        72,
        38,
        90,
        67,
        58,
        0,
        41,
        71,
        35,
        23,
        31,
        68,
        88,
        14,
        88
      ],
      [
        85,
        33,
        70,
        88,
        11,
        48,
        12,
        32,
        84,
        0,
        50,
        27,
        29,
        75,
        81,
        76,
        39,
        90
      ],
      [
        42,
        12,
        84,
        73,
        21,
        80,
        89,
        48,
        60,
        50,
        0,
        45,
        43,
        73,
        79,
        39,
        77,
        83
      ],
      [
        73,
        58,
        89,
        10,
        72,
        18,
        12,
        22,
        46,
        87,
        76,
        0,
        80,
        23,
        73,
        59,
        66,
        90
      ],
      [
        80,
        87,
        30,
        74,
        28,
        14,
        11,
        56,
        73,
        56,
        62,
        68,
        0,
        12,
        80,
        90,
        20,
        61
      ],
      [
        60,
        84,
        18,
        28,
        24,
        51,
        35,
        45,
        32,
        16,
        58,
        22,
        90,
        0,
        53,
        48,
        81,
        60
      ],
      [
        21,
        52,
        11,
        23,
        83,
        60,
        88,
        46,
        17,
        11,
        21,
        78,
        76,
        24,
        0,
        49,
        63,
        69
      ],
      [
        67,
        78,
        69,
        77,
        66,
        46,
        72,
        29,
        39,
        74,
        21,
        19,
        17,
        18,
        38,
        0,
        30,
        52
      ],
      [
        27,
        81,
        16,
        67,
        78,
        75,
        75,
        69,
        39,
        70,
        80,
        48,
        58,
        65,
        11,
        50,
        0,
        69
      ],
      [
        27,
        20,
        79,
        39,
        21,
        64,
        15,
        14,
        76,
        75,
        48,
        80,
        57,
        58,
        16,
        66,
        87,
        0
      ]
    ],
    [
      [
        0,
        72,
        75,
        61,
        63,
        67,
        75,
        55,
        62,
        58,
        84,
        29,
        27,
        90,
        44,
        14,
        53,
        11
      ],
      [
        67,
        0,
        22,
        59,
        60,
        48,
        67,
        59,
        46,
        37,
        83,
        59,
        58,
        64,
        39,
        64,
        14,
        25
      ],
      [
        35,
        48,
        0,
        43,
        23,
        72,
        73,
        13,
        85,
        40,
        12,
        68,
        48,
        14,
        28,
        22,
        52,
        53
      ],
      [
        16,
        12,
        14,
        0,
        70,
        18,
        20,
        34,
        59,
        60,
        24,
        53,
        55,
        85,
        77,
        88,
        87,
        57
      ],
      [
        77,
        46,
        21,
        41,
        0,
        28,
        45,
        84,
        22,
        70,
        84,
        83,
        26,
        27,
        12,
        32,
        34,
        27
      ],
      [
        70,
        67,
        45,
        34,
        18,
        0,
        11,
        70,
        66,
        28,
        22,
        11,
        16,
        66,
        64,
        36,
        26,
        17
      ],
      [
        35,
        30,
        80,
        65,
        64,
        66,
        0,
        59,
        20,
        10,
        60,
        45,
        90,
        57,
        42,
        54,
        55,
        46
      ],
      [
        28,
        43,
        41,
        29,
        35,
        74,
        37,
        0,
        80,
        82,
        90,
        81,
        85,
        43,
        18,
        41,
        59,
        17
      ],
      [
        90,
        41,
        42,
        79,
        76,
        78,
        57,
        20,
        0,
        43,
        57,
        63,
        72,
        49,
        67,
        77,
        72,
        56
      ],
      [
        84,
        32,
        22,
        25,
        22,
        16,
        83,
        88,
        85,
        0,
        20,
        53,
        16,
        65,
        12,
        43,
        16,
        49
      ],
      [
        28,
        44,
        87,
        79,
        27,
        65,
        35,
        16,
        70,
        57,
        0,
        45,
        64,
        45,
        36,
        54,
        33,
        12
      ],
      [
        39,
        45,
        70,
        44,
        48,
        66,
        41,
        83,
        77,
        23,
        70,
        0,
        24,
        40,
        18,
        37,
        86,
        80
      ],
      [
        26,
        44,
        76,
        58,
        10,
        70,
        23,
        18,
        29,
        64,
        73,
        38,
        0,
        35,
        36,
        73,
        88,
        45
      ],
      [
        22,
        54,
        70,
        23,
        24,
        62,
        26,
        11,
        61,
        62,
        61,
        65,
        33,
        0,
        79,
        46,
        72,
        50
      ],
      [
        83,
        42,
        39,
        19,
        77,
        80,
        30,
        78,
        85,
        83,
        53,
        82,
        37,
        86,
        0,
        40,
        84,
        55
      ],
      [
        50,
        66,
        88,
        43,
        74,
        64,
        90,
        61,
        42,
        45,
        86,
        37,
        34,
        47,
        52,
        0,
        18,
        89
      ],
      [
        85,
        60,
        83,
        51,
        63,
        27,
        89,
        88,
        19,
        33,
        89,
        30,
        37,
        73,
        14,
        11,
        0,
        79
      ],
      [
        29,
        32,
        52,
        31,
        30,
        51,
        49,
        28,
        76,
        26,
        82,
        33,
        81,
        49,
        84,
        16,
        87,
        0
      ]
    ]
  ],
  "with_setup": true,
  "family_setup": false,
  "objective": "wT",
  "identical_mch": false
}