{
  "numJob": 15,
  "numMch": 3,
  "jobs": [
    {
      "ID": 0,
      "due": 3,
      "weight": 3,
      "family": 0,
      "complete": false,
      "start": -1,
      "end": -1,
      "assignedMch": -1,
      "priority": 0
    },
    {
      "ID": 1,
      "due": 25,
      "weight": 2,
      "family": 1,
      "complete": false,
      "start": -1,
      "end": -1,
      "assignedMch": -1,
      "priority": 0
    },
    {
      "ID": 2,
      "due": 68,
      "weight": 2,
      "family": 2,
      "complete": false,
      "start": -1,
      "end": -1,
      "assignedMch": -1,
      "priority": 0
    },
    {
      "ID": 3,
      "due": 19,
      "weight": 4,
      "family": 3,
      "complete": false,
      "start": -1,
      "end": -1,
      "assignedMch": -1,
      "priority": 0
    },
    {
      "ID": 4,
      "due": 33,
      "weight": 3,
      "family": 4,
      "complete": false,
      "start": -1,
      "end": -1,
      "assignedMch": -1,
      "priority": 0
    },
    {
      "ID": 5,
      "due": 59,
      "weight": 1,
      "family": 5,
      "complete": false,
      "start": -1,
      "end": -1,
      "assignedMch": -1,
      "priority": 0
    },
    {
      "ID": 6,
      "due": 27,
      "weight": 4,
      "family": 6,
      "complete": false,
      "start": -1,
      "end": -1,
      "assignedMch": -1,
      "priority": 0
    },
    {
      "ID": 7,
      "due": 21,
      "weight": 6,
      "family": 7,
      "complete": false,
      "start": -1,
      "end": -1,
      "assignedMch": -1,
      "priority": 0
    },
    {
      "ID": 8,
      "due": 16,
      "weight": 6,
      "family": 8,
      "complete": false,
      "start": -1,
      "end": -1,
      "assignedMch": -1,
      "priority": 0
    },
    {
      "ID": 9,
      "due": 75,
      "weight": 2,
      "family": 9,
      "complete": false,
      "start": -1,
      "end": -1,
      "assignedMch": -1,
      "priority": 0
    },
    {
      "ID": 10,
      "due": 15,
      "weight": 2,
      "family": 10,
      "complete": false,
      "start": -1,
      "end": -1,
      "assignedMch": -1,
      "priority": 0
    },
    {
      "ID": 11,
      "due": 61,
      "weight": 1,
      "family": 11,
      "complete": false,
      "start": -1,
      "end": -1,
      "assignedMch": -1,
      "priority": 0
    },
    {
      "ID": 12,
      "due": 53,
      "weight": 5,
      "family": 12,
      "complete": false,
      "start": -1,
      "end": -1,
      "assignedMch": -1,
      "priority": 0
    },
    {
      "ID": 13,
      "due": 19,
      "weight": 6,
      "family": 13,
      "complete": false,
      "start": -1,
      "end": -1,
      "assignedMch": -1,
      "priority": 0
    },
    {
      "ID": 14,
      "due": 33,
      "weight": 4,
      "family": 14,
      "complete": false,
      "start": -1,
      "end": -1,
      "assignedMch": -1,
      "priority": 0
    }
  ],
  "machines": [
    {
      "ID": 0,
      "available": 0,
      "assigned": [],
      "setup": [
        [
          0,
          58,
          59,
          68,
          72,
          90,
          63,
          37,
          50,
          45,
          49,
          85,
          23,
          27,
          62
        ],
        [
          63,
          0,
          90,
          21,
          28,
          72,
          58,
          50,
          66,
          90,
          25,
          17,
          53,
          32,
          84
        ],
        [
          33,
          26,
          0,
          21,
          55,
          42,
          80,
          86,
          28,
          39,
          22,
          78,
          33,
          54,
          81
        ],
        [
          23,
          16,
          12,
          0,
          11,
          64,
          81,
          31,
          72,
          75,
          83,
          57,
          12,
          53,
          38
        ],
        [
          45,
          57,
          35,
          23,
          0,
          56,
          16,
          51,
          64,
          54,
          73,
          73,
          71,
          90,
          20
        ],
        [
          68,
          49,
          28,
          51,
          26,
          0,
          86,
          84,
          58,
          57,
          66,
          35,
          26,
          45,
          17
        ],
        [
          64,
          49,
          79,
          36,
          53,
          61,
          0,
          57,
          84,
          79,
          48,
          78,
          29,
          19,
          10
        ],
        [
          58,
          76,
          25,
          41,
          77,
          10,
          83,
          0,
          57,
          23,
          86,
          32,
          33,
          30,
          21
        ],
        [
          59,
          17,
          72,
          10,
          33,
          42,
          69,
          69,
          0,
          72,
          16,
          40,
          66,
          74,
          11
        ],
        [
          42,
          59,
          33,
          69,
          57,
          47,
          25,
          58,
          90,
          0,
          38,
          35,
          35,
          63,
          14
        ],
        [
          23,
          50,
          83,
          60,
          73,
          44,
          49,
          29,
          73,
          80,
          0,
          61,
          87,
          18,
          29
        ],
        [
          23,
          80,
          52,
          46,
          30,
          29,
          19,
          59,
          80,
          58,
          27,
          0,
          62,
          31,
          27
        ],
        [
          60,
          55,
          66,
          79,
          17,
          40,
          22,
          76,
          82,
          46,
          36,
          18,
          0,
          83,
          32
        ],
        [
          43,
          19,
          38,
          58,
          85,
          11,
          55,
          10,
          56,
          29,
          72,
          73,
          82,
          0,
          43
        ],
        [
          63,
          28,
          52,
          55,
          59,
          48,
          62,
          79,
          79,
          64,
          54,
          12,
          59,
          69,
          0
        ]
      ],
      "ptime": [
        49,
        32,
        35,
        50,
        40,
        40,
        59,
        30,
        53,
        57,
        55,
        34,
        32,
        43,
        30
      ],
      "schedules": [],
      "priority": 0
    },
    {
      "ID": 1,
      "available": 0,
      "assigned": [],
      "setup": [
        [
          0,
          66,
          65,
          64,
          70,
          18,
          21,
          19,
          65,
          87,
          48,
          18,
          76,
          54,
          29
        ],
        [
          87,
          0,
          87,
          87,
          51,
          52,
          30,
          46,
          68,
          21,
          27,
          49,
          17,
          67,
          66
        ],
        [
          87,
          39,
          0,
          13,
          22,
          85,
          44,
          54,
          73,
          76,
          55,
          67,
          29,
          81,
          35
        ],
        [
          40,
          79,
          27,
          0,
          29,
          71,
          55,
          81,
          34,
          23,
          83,
          51,
          33,
          67,
          48
        ],
        [
          23,
          88,
          71,
          26,
          0,
          10,
          34,
          54,
          43,
          83,
          79,
          65,
          36,
          15,
          43
        ],
        [
          27,
          12,
          14,
          47,
          40,
          0,
          15,
          19,
          87,
          75,
          40,
          20,
          46,
          74,
          13
        ],
        [
          30,
          56,
          33,
          28,
          74,
          85,
          0,
          38,
          83,
          70,
          18,
          69,
          88,
          23,
          24
        ],
        [
          74,
          25,
          11,
          51,
          19,
          18,
          70,
          0,
          88,
          16,
          73,
          28,
          42,
          16,
          62
        ],
        [
          86,
          65,
          45,
          54,
          72,
          67,
          40,
          53,
          0,
          74,
          69,
          60,
          34,
          60,
          60
        ],
        [
          81,
          14,
          37,
          52,
          25,
          11,
          84,
          84,
          81,
          0,
          56,
          40,
          51,
          44,
          18
        ],
        [
          53,
          89,
          89,
          38,
          28,
          55,
          68,
          23,
          89,
          64,
          0,
          79,
          31,
          12,
          48
        ],
        [
          36,
          19,
          21,
          44,
          84,
          56,
          36,
          28,
          36,
          27,
          26,
          0,
          75,
          60,
          29
        ],
        [
          40,
          17,
          77,
          74,
          42,
          78,
          59,
          38,
          30,
          85,
          75,
          52,
          0,
          89,
          47
        ],
        [
          39,
          25,
          25,
          69,
          55,
          81,
          13,
          53,
          89,
          88,
          22,
          15,
          23,
          0,
          65
        ],
        [
          49,
          80,
          28,
          16,
          37,
          80,
          56,
          42,
          82,
          78,
          67,
          31,
          48,
          22,
          0
        ]
      ],
      "ptime": [
        38,
        41,
        44,
        49,
        45,
        58,
        42,
        45,
        34,
        46,
        60,
        38,
        39,
        40,
        54
      ],
      "schedules": [],
      "priority": 0
    },
    {
      "ID": 2,
      "available": 0,
      "assigned": [],
      "setup": [
        [
          0,
          87,
          85,
          31,
          41,
          30,
          27,
          67,
          60,
          10,
          78,
          48,
          32,
          46,
          57
        ],
        [
          34,
          0,
          85,
          39,
          80,
          83,
          56,
          35,
          81,
          37,
          66,
          16,
          80,
          53,
          47
        ],
        [
          68,
          35,
          0,
          80,
          84,
          67,
          57,
          56,
          74,
          33,
          24,
          10,
          46,
          34,
          72
        ],
        [
          67,
          68,
          18,
          0,
          33,
          85,
          89,
          59,
          73,
          41,
          66,
          51,
          19,
          60,
          31
        ],
        [
          26,
          81,
          70,
          32,
          0,
          41,
          17,
          20,
          40,
          17,
          77,
          59,
          18,
          83,
          85
        ],
        [
          49,
          61,
          62,
          36,
          62,
          0,
          53,
          80,
          24,
          72,
          14,
          89,
          40,
          19,
          26
        ],
        [
          75,
          89,
          21,
          62,
          78,
          88,
          0,
          19,
          85,
          22,
          76,
          40,
          56,
          13,
          84
        ],
        [
          31,
          25,
          35,
          69,
          59,
          22,
          14,
          0,
          15,
          83,
          30,
          47,
          53,
          54,
          82
        ],
        [
          34,
          18,
          84,
          42,
          61,
          10,
          68,
          79,
          0,
          70,
          82,
          44,
          90,
          54,
          20
        ],
        [
          57,
          60,
          63,
          69,
          69,
          74,
          52,
          35,
          68,
          0,
          35,
          50,
          12,
          83,
          17
        ],
        [
          25,
          90,
          77,
          15,
          72,
          72,
          32,
          13,
          59,
          35,
          0,
          46,
          66,
          82,
          13
        ],
        [
          62,
          84,
          81,
          26,
          21,
          12,
          75,
          75,
          57,
          67,
          30,
          0,
          45,
          27,
          88
        ],
        [
          26,
          53,
          21,
          60,
          29,
          58,
          36,
          22,
          54,
          21,
          69,
          44,
          0,
          44,
          55
        ],
        [
          87,
          18,
          63,
          80,
          62,
          74,
          23,
          27,
          77,
          26,
          87,
          65,
          29,
          0,
          35
        ],
        [
          85,
          47,
          21,
          51,
          64,
          18,
          23,
          81,
          85,
          30,
          69,
          54,
          63,
          51,
          0
        ]
      ],
      "ptime": [
        46,
        46,
        53,
        44,
        60,
        43,
        46,
        33,
        40,
        33,
        56,
        41,
        37,
        60,
        41
      ],
      "schedules": [],
      "priority": 0
    }
  ],
  "ptime": [
    [
      49,
      32,
      35,
      50,
      40,
      40,
      59,
      30,
      53,
      57,
      55,
      34,
      32,
      43,
      30
    ],
    [
      38,
      41,
      44,
      49,
      45,
      58,
      42,
      45,
      34,
      46,
      60,
      38,
      39,
      40,
      54
    ],
    [
      46,
      46,
      53,
      44,
      60,
      43,
      46,
      33,
      40,
      33,
      56,
      41,
      37,
      60,
      41
    ]
  ],
  "setup": [
    [
      [
        0,
        58,
        59,
        68,
        72,
        90,
        63,
        37,
        50,
        45,
        49,
        85,
        23,
        27,
        62
      ],
      [
        63,
        0,
        90,
        21,
        28,
        72,
        58,
        50,
        66,
        90,
        25,
        17,
        53,
        32,
        84
      ],
      [
        33,
        26,
        0,
        21,
        55,
        42,
        80,
        86,
        28,
        39,
        22,
        78,
        33,
        54,
        81
      ],
      [
        23,
        16,
        12,
        0,
        11,
        64,
        81,
        31,
        72,
        75,
        83,
        57,
        12,
        53,
        38
      ],
      [
        45,
        57,
        35,
        23,
        0,
        56,
        16,
        51,
        64,
        54,
        73,
        73,
        71,
        90,
        20
      ],
      [
        68,
        49,
        28,
        51,
        26,
        0,
        86,
        84,
        58,
        57,
        66,
        35,
        26,
        45,
        17
      ],
      [
        64,
        49,
        79,
        36,
        53,
        61,
        0,
        57,
        84,
        79,
        48,
        78,
        29,
        19,
        10
      ],
      [
        58,
        76,
        25,
        41,
        77,
        10,
        83,
        0,
        57,
        23,
        86,
        32,
        33,
        30,
        21
      ],
      [
        59,
        17,
        72,
        10,
        33,
        42,
        69,
        69,
        0,
        72,
        16,
        40,
        66,
        74,
        11
      ],
      [
        42,
        59,
        33,
        69,
        57,
        47,
        25,
        58,
        90,
        0,
        38,
        35,
        35,
        63,
        14
      ],
      [
        23,
        50,
        83,
        60,
        73,
        44,
        49,
        29,
        73,
        80,
        0,
        61,
        87,
        18,
        29
      ],
      [
        23,
        80,
        52,
        46,
        30,
        29,
        19,
        59,
        80,
        58,
        27,
        0,
        62,
        31,
        27
      ],
      [
        60,
        55,
        66,
        79,
        17,
        40,
        22,
        76,
        82,
        46,
        36,
        18,
        0,
        83,
        32
      ],
      [
        43,
        19,
        38,
        58,
        85,
        11,
        55,
        10,
        56,
        29,
        72,
        73,
        82,
        0,
        43
      ],
      [
        63,
        28,
        52,
        55,
        59,
        48,
        62,
        79,
        79,
        64,
        54,
        12,
        59,
        69,
        0
      ]
    ],
    [
      [
        0,
        66,
        65,
        64,
        70,
        18,
        21,
        19,
        65,
        87,
        48,
        18,
        76,
        54,
        29
      ],
      [
        87,
        0,
        87,
        87,
        51,
        52,
        30,
        46,
        68,
        21,
        27,
        49,
        17,
        67,
        66
      ],
      [
        87,
        39,
        0,
        13,
        22,
        85,
        44,
        54,
        73,
        76,
        55,
        67,
        29,
        81,
        35
      ],
      [
        40,
        79,
        27,
        0,
        29,
        71,
        55,
        81,
        34,
        23,
        83,
        51,
        33,
        67,
        48
      ],
      [
        23,
        88,
        71,
        26,
        0,
        10,
        34,
        54,
        43,
        83,
        79,
        65,
        36,
        15,
        43
      ],
      [
        27,
        12,
        14,
        47,
        40,
        0,
        15,
        19,
        87,
        75,
        40,
        20,
        46,
        74,
        13
      ],
      [
        30,
        56,
        33,
        28,
        74,
        85,
        0,
        38,
        83,
        70,
        18,
        69,
        88,
        23,
        24
      ],
      [
        74,
        25,
        11,
        51,
        19,
        18,
        70,
        0,
        88,
        16,
        73,
        28,
        42,
        16,
        62
      ],
      [
        86,
        65,
        45,
        54,
        72,
        67,
        40,
        53,
        0,
        74,
        69,
        60,
        34,
        60,
        60
      ],
      [
        81,
        14,
        37,
        52,
        25,
        11,
        84,
        84,
        81,
        0,
        56,
        40,
        51,
        44,
        18
      ],
      [
        53,
        89,
        89,
        38,
        28,
        55,
        68,
        23,
        89,
        64,
        0,
        79,
        31,
        12,
        48
      ],
      [
        36,
        19,
        21,
        44,
        84,
        56,
        36,
        28,
        36,
        27,
        26,
        0,
        75,
        60,
        29
      ],
      [
        40,
        17,
        77,
        74,
        42,
        78,
        59,
        38,
        30,
        85,
        75,
        52,
        0,
        89,
        47
      ],
      [
        39,
        25,
        25,
        69,
        55,
        81,
        13,
        53,
        89,
        88,
        22,
        15,
        23,
        0,
        65
      ],
      [
        49,
        80,
        28,
        16,
        37,
        80,
        56,
        42,
        82,
        78,
        67,
        31,
        48,
        22,
        0
      ]
    ],
    [
      [
        0,
        87,
        85,
        31,
        41,
        30,
        27,
        67,
        60,
        10,
        78,
        48,
        32,
        46,
        57
      ],
      [
        34,
        0,
        85,
        39,
        80,
        83,
        56,
        35,
        81,
        37,
        66,
        16,
        80,
        53,
        47
      ],
      [
        68,
        35,
        0,
        80,
        84,
        67,
        57,
        56,
        74,
        33,
        24,
        10,
        46,
        34,
        72
      ],
      [
        67,
        68,
        18,
        0,
        33,
        85,
        89,
        59,
        73,
        41,
        66,
        51,
        19,
        60,
        31
      ],
      [
        26,
        81,
        70,
        32,
        0,
        41,
        17,
        20,
        40,
        17,
        77,
        59,
        18,
        83,
        85
      ],
      [
        49,
        61,
        62,
        36,
        62,
        0,
        53,
        80,
        24,
        72,
        14,
        89,
        40,
        19,
        26
      ],
      [
        75,
        89,
        21,
        62,
        78,
        88,
        0,
        19,
        85,
        22,
        76,
        40,
        56,
        13,
        84
      ],
      [
        31,
        25,
        35,
        69,
        59,
        22,
        14,
        0,
        15,
        83,
        30,
        47,
        53,
        54,
        82
      ],
      [
        34,
        18,
        84,
        42,
        61,
        10,
        68,
        79,
        0,
        70,
        82,
        44,
        90,
        54,
        20
      ],
      [
        57,
        60,
        63,
        69,
        69,
        74,
        52,
        35,
        68,
        0,
        35,
        50,
        12,
        83,
        17
      ],
      [
        25,
        90,
        77,
        15,
        72,
        72,
        32,
        13,
        59,
        35,
        0,
        46,
        66,
        82,
        13
      ],
      [
        62,
        84,
        81,
        26,
        21,
        12,
        75,
        75,
        57,
        67,
        30,
        0,
        45,
        27,
        88
      ],
      [
        26,
        53,
        21,
        60,
        29,
        58,
        36,
        22,
        54,
        21,
        69,
        44,
        0,
        44,
        55
      ],
      [
        87,
        18,
        63,
        80,
        62,
        74,
        23,
        27,
        77,
        26,
        87,
        65,
        29,
        0,
        35
      ],
      [
        85,
        47,
        21,
        51,
        64,
        18,
        23,
        81,
        85,
        30,
        69,
        54,
        63,
        51,
        0
      ]
    ]
  ],
  "with_setup": true,
  "family_setup": false,
  "objective": "wT",
  "identical_mch": false
}