{
  "numJob": 19,
  "numMch": 3,
  "jobs": [
    {
      "ID": 0,
      "due": 77,
      "weight": 5,
      "family": 0,
      "complete": false,
      "start": -1,
      "end": -1,
      "assignedMch": -1,
      "priority": 0
    },
    {
      "ID": 1,
      "due": 42,
      "weight": 7,
      "family": 1,
      "complete": false,
      "start": -1,
      "end": -1,
      "assignedMch": -1,
      "priority": 0
    },
    {
      "ID": 2,
      "due": 56,
      "weight": 1,
      "family": 2,
      "complete": false,
      "start": -1,
      "end": -1,
      "assignedMch": -1,
      "priority": 0
    },
    {
      "ID": 3,
      "due": 73,
      "weight": 8,
      "family": 3,
      "complete": false,
      "start": -1,
      "end": -1,
      "assignedMch": -1,
      "priority": 0
    },
    {
      "ID": 4,
      "due": 13,
      "weight": 9,
      "family": 4,
      "complete": false,
      "start": -1,
      "end": -1,
      "assignedMch": -1,
      "priority": 0
    },
    {
      "ID": 5,
      "due": 90,
      "weight": 6,
      "family": 5,
      "complete": false,
      "start": -1,
      "end": -1,
      "assignedMch": -1,
      "priority": 0
    },
    {
      "ID": 6,
      "due": 56,
      "weight": 8,
      "family": 6,
      "complete": false,
      "start": -1,
      "end": -1,
      "assignedMch": -1,
      "priority": 0
    },
    {
      "ID": 7,
      "due": 70,
      "weight": 2,
      "family": 7,
      "complete": false,
      "start": -1,
      "end": -1,
      "assignedMch": -1,
      "priority": 0
    },
    {
      "ID": 8,
      "due": 54,
      "weight": 8,
      "family": 8,
      "complete": false,
      "start": -1,
      "end": -1,
      "assignedMch": -1,
      "priority": 0
    },
    {
      "ID": 9,
      "due": 35,
      "weight": 5,
      "family": 9,
      "complete": false,
      "start": -1,
      "end": -1,
      "assignedMch": -1,
      "priority": 0
    },
    {
      "ID": 10,
      "due": 65,
      "weight": 3,
      "family": 10,
      "complete": false,
      "start": -1,
      "end": -1,
      "assignedMch": -1,
      "priority": 0
    },
    {
      "ID": 11,
      "due": 92,
      "weight": 1,
      "family": 11,
      "complete": false,
      "start": -1,
      "end": -1,
      "assignedMch": -1,
      "priority": 0
    },
    {
      "ID": 12,
      "due": 67,
      "weight": 7,
      "family": 12,
      "complete": false,
      "start": -1,
      "end": -1,
      "assignedMch": -1,
      "priority": 0
    },
    {
      "ID": 13,
      "due": 47,
      "weight": 3,
      "family": 13,
      "complete": false,
      "start": -1,
      "end": -1,
      "assignedMch": -1,
      "priority": 0
    },
    {
      "ID": 14,
      "due": 17,
      "weight": 10,
      "family": 14,
      "complete": false,
      "start": -1,
      "end": -1,
      "assignedMch": -1,
      "priority": 0
    },
    {
      "ID": 15,
      "due": 77,
      "weight": 6,
      "family": 15,
      "complete": false,
      "start": -1,
      "end": -1,
      "assignedMch": -1,
      "priority": 0
    },
    {
      "ID": 16,
      "due": 42,
      "weight": 1,
      "family": 16,
      "complete": false,
      "start": -1,
      "end": -1,
      "assignedMch": -1,
      "priority": 0
    },
    {
      "ID": 17,
      "due": 76,
      "weight": 7,
      "family": 17,
      "complete": false,
      "start": -1,
      "end": -1,
      "assignedMch": -1,
      "priority": 0
    },
    {
      "ID": 18,
      "due": 21,
      "weight": 1,
      "family": 18,
      "complete": false,
      "start": -1,
      "end": -1,
      "assignedMch": -1,
      "priority": 0
    }
  ],
  "machines": [
    {
      "ID": 0,
      "available": 0,
      "assigned": [],
      "setup": [
        [
          0,
          67,
          81,
          80,
          21,
          19,
          64,
          35,
          10,
          23,
          74,
          49,
          68,
          34,
          12,
          78,
          15,
          57,
          23
        ],
        [
          52,
          0,
          16,
          31,
          72,
          80,
          27,
          53,
          62,
          25,
          70,
          78,
          42,
          49,
          22,
          77,
          64,
          69,
          39
        ],
        [
          43,
          58,
          0,
          27,
          35,
          89,
          85,
          30,
          13,
          16,
          48,
          83,
          74,
          50,
          24,
          42,
          66,
          49,
          27
        ],
        [
          26,
          33,
          18,
          0,
          81,
          67,
          12,
          77,
          13,
          39,
          13,
          90,
          44,
          48,
          74,
          89,
          47,
          81,
          60
        ],
        [
          45,
          90,
          16,
          23,
          0,
          81,
          27,
          57,
          22,
          57,
          46,
          59,
          29,
          73,
          36,
          83,
          51,
          74,
          19
        ],
        [
          80,
          30,
          54,
          37,
          12,
          0,
          12,
          71,
          16,
          44,
          38,
          20,
          16,
          40,
          14,
          12,
          32,
          32,
          53
        ],
        [
          16,
          19,
          55,
          77,
          63,
          40,
          0,
          15,
          73,
          35,
          86,
          45,
          13,
          69,
          77,
          53,
          61,
          33,
          53
        ],
        [
          37,
          22,
          28,
          43,
          62,
          18,
          65,
          0,
          76,
          38,
          67,
          15,
          38,
          23,
          15,
          40,
          14,
          58,
          30
        ],
        [
          84,
          63,
          28,
          50,
          82,
          62,
          80,
          90,
          0,
          34,
          12,
          61,
          58,
          66,
          72,
          61,
          35,
          38,
          85
        ],
        [
          34,
          71,
          30,
          79,
          19,
          40,
          25,
          75,
          72,
          0,
          34,
          10,
          43,
          30,
          52,
          25,
          23,
          27,
          22
        ],
        [
          57,
          18,
          13,
          79,
          66,
          85,
          78,
          51,
          51,
          70,
          0,
          34,
          90,
          53,
          14,
          69,
          74,
          24,
          11
        ],
        [
          68,
          25,
          52,
          10,
          31,
          89,
          42,
          87,
          89,
          26,
          27,
          0,
          40,
          56,
          69,
          26,
          86,
          19,
          23
        ],
        [
          90,
          39,
          23,
          42,
          48,
          86,
          70,
          76,
          27,
          70,
          54,
          27,
          0,
          51,
          73,
          20,
          81,
          41,
          61
        ],
        [
          86,
          37,
          59,
          36,
          27,
          44,
          30,
          56,
          44,
          30,
          41,
          90,
          86,
          0,
          32,
          68,
          84,
          50,
          65
        ],
        [
          66,
          29,
          45,
          28,
          45,
          13,
          62,
          43,
          23,
          34,
          13,
          17,
          31,
          79,
          0,
          36,
          18,
          20,
          85
        ],
        [
          11,
          66,
          16,
          26,
          39,
          14,
          70,
          63,
          70,
          11,
          30,
          64,
          10,
          69,
          61,
          0,
          23,
          44,
          83
        ],
        [
          38,
          35,
          66,
          52,
          72,
          76,
          69,
          41,
          26,
          56,
          10,
          31,
          20,
          16,
          24,
          85,
          0,
          35,
          32
        ],
        [
          51,
          76,
          43,
          20,
          49,
          13,
          64,
          82,
          82,
          90,
          87,
          85,
          69,
          67,
          59,
          14,
          34,
          0,
          58
        ],
        [
          77,
          28,
          62,
          63,
          32,
          42,
          88,
          51,
          68,
          65,
          77,
          57,
          46,
          23,
          73,
          19,
          43,
          47,
          0
        ]
      ],
      "ptime": [
        36,
        35,
        59,
        60,
        52,
        51,
        44,
        42,
        31,
        42,
        41,
        52,
        60,
        36,
        59,
        42,
        56,
        42,
        31
      ],
      "schedules": [],
      "priority": 0
    },
    {
      "ID": 1,
      "available": 0,
      "assigned": [],
      "setup": [
        [
          0,
          49,
          70,
          78,
          38,
          45,
          52,
          74,
          18,
          90,
          86,
          42,
          74,
          26,
          48,
          45,
          21,
          82,
          42
        ],
        [
          17,
          0,
          55,
          15,
          12,
          83,
          74,
          84,
          45,
          36,
          15,
          38,
          30,
          14,
          52,
          83,
          79,
          20,
          65
        ],
        [
          34,
          59,
          0,
          18,
          75,
          34,
          83,
          34,
          82,
          50,
          31,
          60,
          84,
          30,
          22,
          39,
          84,
          41,
          38
        ],
        [
          35,
          36,
          90,
          0,
          32,
          59,
          20,
          72,
          27,
          54,
          53,
          26,
          26,
          65,
          44,
          15,
          89,
          11,
          16
        ],
        [
          38,
          42,
          37,
          88,
          0,
          30,
          66,
          68,
          87,
          28,
          55,
          24,
          20,
          79,
          26,
          29,
          50,
          11,
          84
        ],
        [
          83,
          19,
          75,
          63,
          50,
          0,
          78,
          52,
          41,
          12,
          83,
          68,
          69,
          47,
          25,
          78,
          42,
          23,
          17
        ],
        [
          54,
          46,
          41,
          53,
          62,
          79,
          0,
          36,
          25,
          86,
          59,
          62,
          85,
          41,
          40,
          59,
          37,
          34,
          60
        ],
        [
          80,
          38,
          39,
          73,
          45,
          75,
          76,
          0,
          18,
          43,
          83,
          81,
          22,
          21,
          42,
          60,
          83,
          41,
          75
        ],
        [
          73,
          13,
          40,
          27,
          62,
          42,
          41,
          50,
          0,
          38,
          19,
          63,
          32,
          73,
          23,
          72,
          56,
          61,
          69
        ],
        [
          42,
          32,
          41,
          74,
          54,
          40,
          37,
          16,
          49,
          0,
          44,
          72,
          62,
          45,
          19,
          21,
          44,
          87,
          39
        ],
        [
          74,
          23,
          31,
          10,
          88,
          44,
          24,
          36,
          52,
          44,
          0,
          73,
          55,
          78,
          31,
          20,
          83,
          35,
          29
        ],
        [
          65,
          17,
          52,
          18,
          56,
          28,
          32,
          15,
          49,
          59,
          63,
          0,
          32,
          29,
          72,
          70,
          14,
          16,
          29
        ],
        [
          64,
          71,
          57,
          73,
          20,
          31,
          45,
          38,
          46,
          27,
          40,
          73,
          0,
          21,
          88,
          14,
          13,
          76,
          42
        ],
        [
          40,
          38,
          12,
          51,
          61,
          39,
          85,
          66,
          89,
          80,
          55,
          16,
          18,
          0,
          15,
          38,
          56,
          10,
          60
        ],
        [
          89,
          34,
          26,
          42,
          77,
          66,
          46,
          22,
          23,
          19,
          80,
          80,
          60,
          56,
          0,
          51,
          25,
          21,
          63
        ],
        [
          56,
          63,
          37,
          54,
          48,
          77,
          57,
          13,
          35,
          17,
          59,
          33,
          31,
          60,
          27,
          0,
          66,
          35,
          25
        ],
        [
          87,
          38,
          31,
          49,
          36,
          30,
          76,
          12,
          77,
          21,
          65,
          85,
          69,
          73,
          39,
          25,
          0,
          32,
          71
        ],
        [
          50,
          80,
          86,
          80,
          60,
          34,
          61,
          79,
          68,
          34,
          57,
          82,
          57,
          40,
          15,
          29,
          71,
          0,
          51
        ],
        [
          83,
          90,
          29,
          27,
          40,
          80,
          57,
          62,
          83,
          63,
          16,
          30,
          73,
          49,
          81,
          52,
          70,
          26,
          0
        ]
      ],
      "ptime": [
        44,
        52,
        60,
        44,
        31,
        46,
        44,
        33,
        59,
        42,
        49,
        50,
        58,
        34,
        34,
        56,
        58,
        43,
        53
      ],
      "schedules": [],
      "priority": 0
    },
    {
      "ID": 2,
      "available": 0,
      "assigned": [],
      "setup": [
        [
          0,
          83,
          44,
          74,
          83,
          20,
          11,
          17,
          14,
          39,
          77,
          39,
          48,
          21,
          33,
          86,
          57,
          23,
          53
        ],
        [
          44,
          0,
          34,
          44,
          47,
          48,
          44,
          56,
          15,
          51,
          22,
          49,
          50,
          58,
          78,
          78,
          67,
          31,
          16
        ],
        [
          71,
          32,
          0,
          19,
          86,
          83,
          19,
          52,
          59,
          24,
          13,
          28,
          88,
          82,
          44,
          74,
          39,
          79,
          48
        ],
        [
          77,
          59,
          37,
          0,
          51,
          60,
          21,
          84,
          41,
          76,
          87,
          41,
          36,
          71,
          82,
          90,
          81,
          66,
          70
        ],
        [
          82,
          48,
          52,
          27,
          0,
          66,
          78,
          48,
          37,
          61,
          51,
          33,
          27,
          31,
          75,
          48,
          20,
          75,
          87
        ],
        [
          49,
          35,
          55,
          33,
          33,
          0,
          26,
          57,
          31,
          46,
          18,
          52,
          79,
          85,
          64,
          48,
          31,
          52,
          37
        ],
        [
          44,
          31,
          29,
          17,
          72,
          68,
          0,
          37,
          14,
          15,
          75,
          44,
          46,
          20,
          55,
          17,
          62,
          41,
          19
        ],
        [
          56,
          24,
          40,
          38,
          31,
          69,
          81,
          0,
          40,
          40,
          15,
          59,
          69,
          84,
          83,
          66,
          44,
          65,
          26
        ],
        [
          89,
          51,
          89,
          80,
          62,
          45,
          43,
          78,
          0,
          60,
          86,
          18,
          15,
          28,
          62,
          89,
          31,
          52,
          25
        ],
        [
          13,
          46,
          90,
          24,
          80,
          48,
          27,
          54,
          24,
          0,
          78,
          30,
          78,
          40,
          57,
          32,
          83,
          40,
          56
        ],
        [
          30,
          35,
          79,
          32,
          51,
          32,
          22,
          10,
          45,
          37,
          0,
          17,
          81,
          52,
          84,
          75,
          15,
          30,
          63
        ],
        [
          77,
          10,
          84,
          16,
          51,
          28,
          70,
          12,
          85,
          47,
          77,
          0,
          81,
          43,
          65,
          51,
          75,
          18,
          17
        ],
        [
          49,
          71,
          36,
          18,
          17,
          34,
          58,
          14,
          35,
          31,
          48,
          25,
          0,
          28,
          88,
          49,
          81,
          21,
          39
        ],
        [
          50,
          68,
          90,
          88,
          10,
          17,
          10,
          24,
          48,
          85,
          40,
          28,
          71,
          0,
          88,
          27,
          16,
          71,
          59
        ],
        [
          86,
          68,
          60,
          31,
          61,
          45,
          54,
          59,
          25,
          79,
          34,
          16,
          72,
          54,
          0,
          19,
          42,
          37,
          26
        ],
        [
          76,
          29,
          23,
          21,
          43,
          32,
          50,
          11,
          58,
          84,
          79,
          90,
          76,
          47,
          42,
          0,
          51,
          71,
          30
        ],
        [
          43,
          88,
          49,
          11,
          24,
          72,
          21,
          70,
          45,
          53,
          38,
          78,
          57,
          77,
          46,
          55,
          0,
          21,
          63
        ],
        [
          17,
          55,
          37,
          29,
          34,
          10,
          22,
          90,
          15,
          11,
          60,
          50,
          49,
          90,
          90,
          81,
          29,
          0,
          16
        ],
        [
          39,
          18,
          73,
          82,
          44,
          74,
          90,
          56,
          74,
          14,
          40,
          50,
          28,
          64,
          23,
          56,
          13,
          10,
          0
        ]
      ],
      "ptime": [
        49,
        41,
        32,
        40,
        46,
        37,
        30,
        35,
        51,
        35,
        56,
        30,
        35,
        51,
        50,
        47,
        37,
        44,
        60
      ],
      "schedules": [],
      "priority": 0
    }
  ],
  "ptime": [
    [
      36,
      35,
      59,
      60,
      52,
      51,
      44,
      42,
      31,
      42,
      41,
      52,
      60,
      36,
      59,
      42,
      56,
      42,
      31
    ],
    [
      44,
      52,
      60,
      44,
      31,
      46,
      44,
      33,
      59,
      42,
      49,
      50,
      58,
      34,
      34,
      56,
      58,
      43,
      53
    ],
    [
      49,
      41,
      32,
      40,
      46,
      37,
      30,
      35,
      51,
      35,
      56,
      30,
      35,
      51,
      50,
      47,
      37,
      44,
      60
    ]
  ],
  "setup": [
    [
      [
        0,
        67,
        81,
        80,
        21,
        19,
        64,
        35,
        10,
        23,
        74,
        49,
        68,
        34,
        12,
        78,
        15,
        57,
        23
      ],
      [
        52,
        0,
        16,
        31,
        72,
        80,
        27,
        53,
        62,
        25,
        70,
        78,
        42,
        49,
        22,
        77,
        64,
        69,
        39
      ],
      [
        43,
        58,
        0,
        27,
        35,
        89,
        85,
        30,
        13,
        16,
        48,
        83,
        74,
        50,
        24,
        42,
        66,
        49,
        27
      ],
      [
        26,
        33,
        18,
        0,
        81,
        67,
        12,
        77,
        13,
        39,
        13,
        90,
        44,
        48,
        74,
        89,
        47,
        81,
        60
      ],
      [
        45,
        90,
        16,
        23,
        0,
        81,
        27,
        57,
        22,
        57,
        46,
        59,
        29,
        73,
        36,
        83,
        51,
        74,
        19
      ],
      [
        80,
        30,
        54,
        37,
        12,
        0,
        12,
        71,
        16,
        44,
        38,
        20,
        16,
        40,
        14,
        12,
        32,
        32,
        53
      ],
      [
        16,
        19,
        55,
        77,
        63,
        40,
        0,
        15,
        73,
        35,
        86,
        45,
        13,
        69,
        77,
        53,
        61,
        33,
        53
      ],
      [
        37,
        22,
        28,
        43,
        62,
        18,
        65,
        0,
        76,
        38,
        67,
        15,
        38,
        23,
        15,
        40,
        14,
        58,
        30
      ],
      [
        84,
        63,
        28,
        50,
        82,
        62,
        80,
        90,
        0,
        34,
        12,
        61,
        58,
        66,
        72,
        61,
        35,
        38,
        85
      ],
      [
        34,
        71,
        30,
        79,
        19,
        40,
        25,
        75,
        72,
        0,
        34,
        10,
        43,
        30,
        52,
        25,
        23,
        27,
        22
      ],
      [
        57,
        18,
        13,
        79,
        66,
        85,
        78,
        51,
        51,
        70,
        0,
        34,
        90,
        53,
        14,
        69,
        74,
        24,
        11
      ],
      [
        68,
        25,
        52,
        10,
        31,
        89,
        42,
        87,
        89,
        26,
        27,
        0,
        40,
        56,
        69,
        26,
        86,
        19,
        23
      ],
      [
        90,
        39,
        23,
        42,
        48,
        86,
        70,
        76,
        27,
        70,
        54,
        27,
        0,
        51,
        73,
        20,
        81,
        41,
        61
      ],
      [
        86,
        37,
        59,
        36,
        27,
        44,
        30,
        56,
        44,
        30,
        41,
        90,
        86,
        0,
        32,
        68,
        84,
        50,
        65
      ],
      [
        66,
        29,
        45,
        28,
        45,
        13,
        62,
        43,
        23,
        34,
        13,
        17,
        31,
        79,
        0,
        36,
        18,
        20,
        85
      ],
      [
        11,
        66,
        16,
        26,
        39,
        14,
        70,
        63,
        70,
        11,
        30,
        64,
        10,
        69,
        61,
        0,
        23,
        44,
        83
      ],
      [
        38,
        35,
        66,
        52,
        72,
        76,
        69,
        41,
        26,
        56,
        10,
        31,
        20,
        16,
        24,
        85,
        0,
        35,
        32
      ],
      [
        51,
        76,
        43,
        20,
        49,
        13,
        64,
        82,
        82,
        90,
        87,
        85,
        69,
        67,
        59,
        14,
        34,
        0,
        58
      ],
      [
        77,
        28,
        62,
        63,
        32,
        42,
        88,
        51,
        68,
        65,
        77,
        57,
        46,
        23,
        73,
        19,
        43,
        47,
        0
      ]
    ],
    [
      [
        0,
        49,
        70,
        78,
        38,
        45,
        52,
        74,
        18,
        90,
        86,
        42,
        74,
        26,
        48,
        45,
        21,
        82,
        42
      ],
      [
        17,
        0,
        55,
        15,
        12,
        83,
        74,
        84,
        45,
        36,
        15,
        38,
        30,
        14,
        52,
        83,
        79,
        20,
        65
      ],
      [
        34,
        59,
        0,
        18,
        75,
        34,
        83,
        34,
        82,
        50,
        31,
        60,
        84,
        30,
        22,
        39,
        84,
        41,
        38
      ],
      [
        35,
        36,
        90,
        0,
        32,
        59,
        20,
        72,
        27,
        54,
        53,
        26,
        26,
        65,
        44,
        15,
        89,
        11,
        16
      ],
      [
        38,
        42,
        37,
        88,
        0,
        30,
        66,
        68,
        87,
        28,
        55,
        24,
        20,
        79,
        26,
        29,
        50,
        11,
        84
      ],
      [
        83,
        19,
        75,
        63,
        50,
        0,
        78,
        52,
        41,
        12,
        83,
        68,
        69,
        47,
        25,
        78,
        42,
        23,
        17
      ],
      [
        54,
        46,
        41,
        53,
        62,
        79,
        0,
        36,
        25,
        86,
        59,
        62,
        85,
        41,
        40,
        59,
        37,
        34,
        60
      ],
      [
        80,
        38,
        39,
        73,
        45,
        75,
        76,
        0,
        18,
        43,
        83,
        81,
        22,
        21,
        42,
        60,
        83,
        41,
        75
      ],
      [
        73,
        13,
        40,
        27,
        62,
        42,
        41,
        50,
        0,
        38,
        19,
        63,
        32,
        73,
        23,
        72,
        56,
        61,
        69
      ],
      [
        42,
        32,
        41,
        74,
        54,
        40,
        37,
        16,
        49,
        0,
        44,
        72,
        62,
        45,
        19,
        21,
        44,
        87,
        39
      ],
      [
        74,
        23,
        31,
        10,
        88,
        44,
        24,
        36,
        52,
        44,
        0,
        73,
        55,
        78,
        31,
        20,
        83,
        35,
        29
      ],
      [
        65,
        17,
        52,
        18,
        56,
        28,
        32,
        15,
        49,
        59,
        63,
        0,
        32,
        29,
        72,
        70,
        14,
        16,
        29
      ],
      [
        64,
        71,
        57,
        73,
        20,
        31,
        45,
        38,
        46,
        27,
        40,
        73,
        0,
        21,
        88,
        14,
        13,
        76,
        42
      ],
      [
        40,
        38,
        12,
        51,
        61,
        39,
        85,
        66,
        89,
        80,
        55,
        16,
        18,
        0,
        15,
        38,
        56,
        10,
        60
      ],
      [
        89,
        34,
        26,
        42,
        77,
        66,
        46,
        22,
        23,
        19,
        80,
        80,
        60,
        56,
        0,
        51,
        25,
        21,
        63
      ],
      [
        56,
        63,
        37,
        54,
        48,
        77,
        57,
        13,
        35,
        17,
        59,
        33,
        31,
        60,
        27,
        0,
        66,
        35,
        25
      ],
      [
        87,
        38,
        31,
        49,
        36,
        30,
        76,
        12,
        77,
        21,
        65,
        85,
        69,
        73,
        39,
        25,
        0,
        32,
        71
      ],
      [
        50,
        80,
        86,
        80,
        60,
        34,
        61,
        79,
        68,
        34,
        57,
        82,
        57,
        40,
        15,
        29,
        71,
        0,
        51
      ],
      [
        83,
        90,
        29,
        27,
        40,
        80,
        57,
        62,
        83,
        63,
        16,
        30,
        73,
        49,
        81,
        52,
        70,
        26,
        0
      ]
    ],
    [
      [
        0,
        83,
        44,
        74,
        83,
        20,
        11,
        17,
        14,
        39,
        77,
        39,
        48,
        21,
        33,
        86,
        57,
        23,
        53
      ],
      [
        44,
        0,
        34,
        44,
        47,
        48,
        44,
        56,
        15,
        51,
        22,
        49,
        50,
        58,
        78,
        78,
        67,
        31,
        16
      ],
      [
        71,
        32,
        0,
        19,
        86,
        83,
        19,
        52,
        59,
        24,
        13,
        28,
        88,
        82,
        44,
        74,
        39,
        79,
        48
      ],
      [
        77,
        59,
        37,
        0,
        51,
        60,
        21,
        84,
        41,
        76,
        87,
        41,
        36,
        71,
        82,
        90,
        81,
        66,
        70
      ],
      [
        82,
        48,
        52,
        27,
        0,
        66,
        78,
        48,
        37,
        61,
        51,
        33,
        27,
        31,
        75,
        48,
        20,
        75,
        87
      ],
      [
        49,
        35,
        55,
        33,
        33,
        0,
        26,
        57,
        31,
        46,
        18,
        52,
        79,
        85,
        64,
        48,
        31,
        52,
        37
      ],
      [
        44,
        31,
        29,
        17,
        72,
        68,
        0,
        37,
        14,
        15,
        75,
        44,
        46,
        20,
        55,
        17,
        62,
        41,
        19
      ],
      [
        56,
        24,
        40,
        38,
        31,
        69,
        81,
        0,
        40,
        40,
        15,
        59,
        69,
        84,
        83,
        66,
        44,
        65,
        26
      ],
      [
        89,
        51,
        89,
        80,
        62,
        45,
        43,
        78,
        0,
        60,
        86,
        18,
        15,
        28,
        62,
        89,
        31,
        52,
        25
      ],
      [
        13,
        46,
        90,
        24,
        80,
        48,
        27,
        54,
        24,
        0,
        78,
        30,
        78,
        40,
        57,
        32,
        83,
        40,
        56
      ],
      [
        30,
        35,
        79,
        32,
        51,
        32,
        22,
        10,
        45,
        37,
        0,
        17,
        81,
        52,
        84,
        75,
        15,
        30,
        63
      ],
      [
        77,
        10,
        84,
        16,
        51,
        28,
        70,
        12,
        85,
        47,
        77,
        0,
        81,
        43,
        65,
        51,
        75,
        18,
        17
      ],
      [
        49,
        71,
        36,
        18,
        17,
        34,
        58,
        14,
        35,
        31,
        48,
        25,
        0,
        28,
        88,
        49,
        81,
        21,
        39
      ],
      [
        50,
        68,
        90,
        88,
        10,
        17,
        10,
        24,
        48,
        85,
        40,
        28,
        71,
        0,
        88,
        27,
        16,
        71,
        59
      ],
      [
        86,
        68,
        60,
        31,
        61,
        45,
        54,
        59,
        25,
        79,
        34,
        16,
        72,
        54,
        0,
        19,
        42,
        37,
        26
      ],
      [
        76,
        29,
        23,
        21,
        43,
        32,
        50,
        11,
        58,
        84,
        79,
        90,
        76,
        47,
        42,
        0,
        51,
        71,
        30
      ],
      [
        43,
        88,
        49,
        11,
        24,
        72,
        21,
        70,
        45,
        53,
        38,
        78,
        57,
        77,
        46,
        55,
        0,
        21,
        63
      ],
      [
        17,
        55,
        37,
        29,
        34,
        10,
        22,
        90,
        15,
        11,
        60,
        50,
        49,
        90,
        90,
        81,
        29,
        0,
        16
      ],
      [
        39,
        18,
        73,
        82,
        44,
        74,
        90,
        56,
        74,
        14,
        40,
        50,
        28,
        64,
        23,
        56,
        13,
        10,
        0
      ]
    ]
  ],
  "with_setup": true,
  "family_setup": false,
  "objective": "wT",
  "identical_mch": false
}