{
  "numJob": 14,
  "numMch": 3,
  "jobs": [
    {
      "ID": 0,
      "due": 47,
      "weight": 5,
      "family": 0,
      "complete": false,
      "start": -1,
      "end": -1,
      "assignedMch": -1,
      "priority": 0
    },
    {
      "ID": 1,
      "due": 47,
      "weight": 3,
      "family": 1,
      "complete": false,
      "start": -1,
      "end": -1,
      "assignedMch": -1,
      "priority": 0
    },
    {
      "ID": 2,
      "due": 74,
      "weight": 9,
      "family": 2,
      "complete": false,
      "start": -1,
      "end": -1,
      "assignedMch": -1,
      "priority": 0
    },
    {
      "ID": 3,
      "due": 45,
      "weight": 6,
      "family": 3,
      "complete": false,
      "start": -1,
      "end": -1,
      "assignedMch": -1,
      "priority": 0
    },
    {
      "ID": 4,
      "due": 26,
      "weight": 1,
      "family": 4,
      "complete": false,
      "start": -1,
      "end": -1,
      "assignedMch": -1,
      "priority": 0
    },
    {
      "ID": 5,
      "due": 71,
      "weight": 9,
      "family": 5,
      "complete": false,
      "start": -1,
      "end": -1,
      "assignedMch": -1,
      "priority": 0
    },
    {
      "ID": 6,
      "due": 2,
      "weight": 6,
      "family": 6,
      "complete": false,
      "start": -1,
      "end": -1,
      "assignedMch": -1,
      "priority": 0
    },
    {
      "ID": 7,
      "due": 33,
      "weight": 7,
      "family": 7,
      "complete": false,
      "start": -1,
      "end": -1,
      "assignedMch": -1,
      "priority": 0
    },
    {
      "ID": 8,
      "due": 70,
      "weight": 9,
      "family": 8,
      "complete": false,
      "start": -1,
      "end": -1,
      "assignedMch": -1,
      "priority": 0
    },
    {
      "ID": 9,
      "due": 65,
      "weight": 6,
      "family": 9,
      "complete": false,
      "start": -1,
      "end": -1,
      "assignedMch": -1,
      "priority": 0
    },
    {
      "ID": 10,
      "due": 7,
      "weight": 6,
      "family": 10,
      "complete": false,
      "start": -1,
      "end": -1,
      "assignedMch": -1,
      "priority": 0
    },
    {
      "ID": 11,
      "due": 31,
      "weight": 6,
      "family": 11,
      "complete": false,
      "start": -1,
      "end": -1,
      "assignedMch": -1,
      "priority": 0
    },
    {
      "ID": 12,
      "due": 35,
      "weight": 1,
      "family": 12,
      "complete": false,
      "start": -1,
      "end": -1,
      "assignedMch": -1,
      "priority": 0
    },
    {
      "ID": 13,
      "due": 32,
      "weight": 7,
      "family": 13,
      "complete": false,
      "start": -1,
      "end": -1,
      "assignedMch": -1,
      "priority": 0
    }
  ],
  "machines": [
    {
      "ID": 0,
      "available": 0,
      "assigned": [],
      "setup": [
        [
          0,
          36,
          57,
          27,
          88,
          34,
          79,
          68,
          43,
          22,
          80,
          25,
          52,
          83
        ],
        [
          64,
          0,
          78,
          20,
          40,
          19,
          73,
          23,
          49,
          51,
          54,
          11,
          71,
          37
        ],
        [
          82,
          28,
          0,
          40,
          41,
          27,
          61,
          46,
          11,
          78,
          87,
          23,
          26,
          76
        ],
        [
          30,
          17,
          70,
          0,
          85,
          80,
          20,
          45,
          30,
          70,
          44,
          10,
          23,
          45
        ],
        [
          30,
          89,
          63,
          42,
          0,
          21,
          15,
          11,
          79,
          66,
          33,
          41,
          65,
          39
        ],
        [
          36,
          69,
          22,
          51,
          55,
          0,
          52,
          70,
          73,
          18,
          13,
          17,
          77,
          90
        ],
        [
          90,
          68,
          45,
          39,
          34,
          27,
          0,
          23,
          31,
          21,
          55,
          83,
          31,
          40
        ],
        [
          14,
          90,
          38,
          75,
          17,
          50,
          33,
          0,
          60,
          23,
          56,
          69,
          89,
          29
        ],
        [
          32,
          86,
          22,
          28,
          24,
          82,
          84,
          52,
          0,
          16,
          82,
          36,
          45,
          21
        ],
        [
          24,
          58,
          86,
          30,
          26,
          45,
          72,
          40,
          68,
          0,
          42,
          64,
          67,
          75
        ],
        [
          64,
          56,
          74,
          35,
          24,
          45,
          73,
          68,
          79,
          56,
          0,
          36,
          52,
          69
        ],
        [
          72,
          70,
          89,
          13,
          85,
          87,
          31,
          26,
          79,
          47,
          25,
          0,
          31,
          22
        ],
        [
          31,
          58,
          62,
          73,
          28,
          69,
          44,
          64,
          50,
          53,
          20,
          56,
          0,
          70
        ],
        [
          29,
          86,
          71,
          25,
          65,
          62,
          17,
          16,
          80,
          31,
          80,
          42,
          26,
          0
        ]
      ],
      "ptime": [
        60,
        35,
        38,
        38,
        34,
        41,
        45,
        45,
        32,
        30,
        43,
        53,
        39,
        52
      ],
      "schedules": [],
      "priority": 0
    },
    {
      "ID": 1,
      "available": 0,
      "assigned": [],
      "setup": [
        [
          0,
          47,
          69,
          60,
          49,
          33,
          31,
          76,
          82,
          67,
          32,
          76,
          59,
          54
        ],
        [
          58,
          0,
          86,
          55,
          58,
          31,
          54,
          48,
          14,
          16,
          25,
          34,
          16,
          15
        ],
        [
          63,
          38,
          0,
          19,
          45,
          64,
          30,
          10,
          18,
          61,
          67,
          29,
          10,
          60
        ],
        [
          16,
          12,
          14,
          0,
          32,
          81,
          55,
          34,
          26,
          53,
          34,
          68,
          73,
          33
        ],
        [
          86,
          66,
          61,
          70,
          0,
          31,
          45,
          44,
          83,
          76,
          63,
          28,
          63,
          31
        ],
        [
          50,
          49,
          30,
          33,
          76,
          0,
          12,
          88,
          41,
          21,
          45,
          27,
          35,
          30
        ],
        [
          87,
          85,
          14,
          65,
          28,
          52,
          0,
          55,
          39,
          62,
          72,
          83,
          38,
          87
        ],
        [
          66,
          55,
          47,
          43,
          37,
          25,
          26,
          0,
          76,
          38,
          16,
          47,
          79,
          61
        ],
        [
          17,
          85,
          25,
          14,
          24,
          78,
          58,
          46,
          0,
          26,
          19,
          88,
          18,
          53
        ],
        [
          50,
          86,
          10,
          52,
          79,
          39,
          65,
          72,
          31,
          0,
          73,
          22,
          74,
          86
        ],
        [
          44,
          17,
          16,
          48,
          18,
          66,
          67,
          61,
          39,
          28,
          0,
          63,
          59,
          20
        ],
        [
          13,
          17,
          18,
          41,
          36,
          71,
          12,
          40,
          29,
          39,
          70,
          0,
          56,
          28
        ],
        [
          72,
          86,
          26,
          47,
          72,
          46,
          13,
          57,
          51,
          54,
          61,
          85,
          0,
          16
        ],
        [
          24,
          60,
          18,
          40,
          33,
          16,
          54,
          72,
          10,
          67,
          80,
          40,
          34,
          0
        ]
      ],
      "ptime": [
        43,
        46,
        32,
        56,
        32,
        51,
        55,
        41,
        36,
        39,
        35,
        32,
        49,
        60
      ],
      "schedules": [],
      "priority": 0
    },
    {
      "ID": 2,
      "available": 0,
      "assigned": [],
      "setup": [
        [
          0,
          89,
          47,
          87,
          78,
          67,
          52,
          83,
          42,
          40,
          89,
          52,
          37,
          46
        ],
        [
          86,
          0,
          34,
          82,
          32,
          57,
          33,
          79,
          47,
          40,
          76,
          23,
          69,
          58
        ],
        [
          46,
          80,
          0,
          64,
          10,
          79,
          74,
          51,
          45,
          52,
          42,
          81,
          34,
          21
        ],
        [
          90,
          72,
          25,
          0,
          44,
          22,
          85,
          18,
          72,
          63,
          52,
          51,
          87,
          88
        ],
        [
          70,
          57,
          84,
          45,
          0,
          11,
          71,
          51,
          31,
          31,
          55,
          72,
          15,
          81
        ],
        [
          32,
          73,
          52,
          70,
          59,
          0,
          70,
          74,
          21,
          16,
          90,
          47,
          30,
          24
        ],
        [
          53,
          77,
          85,
          44,
          86,
          89,
          0,
          33,
          67,
          21,
          76,
          50,
          49,
          66
        ],
        [
          78,
          48,
          63,
          55,
          34,
          61,
          35,
          0,
          41,
          24,
          54,
          66,
          80,
          34
        ],
        [
          39,
          23,
          67,
          42,
          34,
          49,
          29,
          84,
          0,
          62,
          58,
          19,
          90,
          65
        ],
        [
          64,
          31,
          55,
          26,
          79,
          69,
          17,
          64,
          50,
          0,
          29,
          81,
          65,
          77
        ],
        [
          28,
          58,
          18,
          27,
          85,
          43,
          67,
          90,
          55,
          13,
          0,
          13,
          54,
          11
        ],
        [
          31,
          47,
          34,
          49,
          28,
          44,
          14,
          61,
          89,
          49,
          34,
          0,
          28,
          30
        ],
        [
          23,
          38,
          88,
          76,
          29,
          60,
          53,
          72,
          33,
          89,
          39,
          74,
          0,
          59
        ],
        [
          64,
          39,
          80,
          22,
          46,
          11,
          86,
          84,
          38,
          84,
          87,
          72,
          40,
          0
        ]
      ],
      "ptime": [
        35,
        48,
        57,
        60,
        49,
        45,
        37,
        43,
        50,
        42,
        31,
        57,
        38,
        52
      ],
      "schedules": [],
      "priority": 0
    }
  ],
  "ptime": [
    [
      60,
      35,
      38,
      38,
      34,
      41,
      45,
      45,
      32,
      30,
      43,
      53,
      39,
      52
    ],
    [
      43,
      46,
      32,
      56,
      32,
      51,
      55,
      41,
      36,
      39,
      35,
      32,
      49,
      60
    ],
    [
      35,
      48,
      57,
      60,
      49,
      45,
      37,
      43,
      50,
      42,
      31,
      57,
      38,
      52
    ]
  ],
  "setup": [
    [
      [
        0,
        36,
        57,
        27,
        88,
        34,
        79,
        68,
        43,
        22,
        80,
        25,
        52,
        83
      ],
      [
        64,
        0,
        78,
        20,
        40,
        19,
        73,
        23,
        49,
        51,
        54,
        11,
        71,
        37
      ],
      [
        82,
        28,
        0,
        40,
        41,
        27,
        61,
        46,
        11,
        78,
        87,
        23,
        26,
        76
      ],
      [
        30,
        17,
        70,
        0,
        85,
        80,
        20,
        45,
        30,
        70,
        44,
        10,
        23,
        45
      ],
      [
        30,
        89,
        63,
        42,
        0,
        21,
        15,
        11,
        79,
        66,
        33,
        41,
        65,
        39
      ],
      [
        36,
        69,
        22,
        51,
        55,
        0,
        52,
        70,
        73,
        18,
        13,
        17,
        77,
        90
      ],
      [
        90,
        68,
        45,
        39,
        34,
        27,
        0,
        23,
        31,
        21,
        55,
        83,
        31,
        40
      ],
      [
        14,
        90,
        38,
        75,
        17,
        50,
        33,
        0,
        60,
        23,
        56,
        69,
        89,
        29
      ],
      [
        32,
        86,
        22,
        28,
        24,
        82,
        84,
        52,
        0,
        16,
        82,
        36,
        45,
        21
      ],
      [
        24,
        58,
        86,
        30,
        26,
        45,
        72,
        40,
        68,
        0,
        42,
        64,
        67,
        75
      ],
      [
        64,
        56,
        74,
        35,
        24,
        45,
        73,
        68,
        79,
        56,
        0,
        36,
        52,
        69
      ],
      [
        72,
        70,
        89,
        13,
        85,
        87,
        31,
        26,
        79,
        47,
        25,
        0,
        31,
        22
      ],
      [
        31,
        58,
        62,
        73,
        28,
        69,
        44,
        64,
        50,
        53,
        20,
        56,
        0,
        70
      ],
      [
        29,
        86,
        71,
        25,
        65,
        62,
        17,
        16,
        80,
        31,
        80,
        42,
        26,
        0
      ]
    ],
    [
      [
        0,
        47,
        69,
        60,
        49,
        33,
        31,
        76,
        82,
        67,
        32,
        76,
        59,
        54
      ],
      [
        58,
        0,
        86,
        55,
        58,
        31,
        54,
        48,
        14,
        16,
        25,
        34,
        16,
        15
      ],
      [
        63,
        38,
        0,
        19,
        45,
        64,
        30,
        10,
        18,
        61,
        67,
        29,
        10,
        60
      ],
      [
        16,
        12,
        14,
        0,
        32,
        81,
        55,
        34,
        26,
        53,
        34,
        68,
        73,
        33
      ],
      [
        86,
        66,
        61,
        70,
        0,
        31,
        45,
        44,
        83,
        76,
        63,
        28,
        63,
        31
      ],
      [
        50,
        49,
        30,
        33,
        76,
        0,
        12,
        88,
        41,
        21,
        45,
        27,
        35,
        30
      ],
      [
        87,
        85,
        14,
        65,
        28,
        52,
        0,
        55,
        39,
        62,
        72,
        83,
        38,
        87
      ],
      [
        66,
        55,
        47,
        43,
        37,
        25,
        26,
        0,
        76,
        38,
        16,
        47,
        79,
        61
      ],
      [
        17,
        85,
        25,
        14,
        24,
        78,
        58,
        46,
        0,
        26,
        19,
        88,
        18,
        53
      ],
      [
        50,
        86,
        10,
        52,
        79,
        39,
        65,
        72,
        31,
        0,
        73,
        22,
        74,
        86
      ],
      [
        44,
        17,
        16,
        48,
        18,
        66,
        67,
        61,
        39,
        28,
        0,
        63,
        59,
        20
      ],
      [
        13,
        17,
        18,
        41,
        36,
        71,
        12,
        40,
        29,
        39,
        70,
        0,
        56,
        28
      ],
      [
        72,
        86,
        26,
        47,
        72,
        46,
        13,
        57,
        51,
        54,
        61,
        85,
        0,
        16
      ],
      [
        24,
        60,
        18,
        40,
        33,
        16,
        54,
        72,
        10,
        67,
        80,
        40,
        34,
        0
      ]
    ],
    [
      [
        0,
        89,
        47,
        87,
        78,
        67,
        52,
        83,
        42,
        40,
        89,
        52,
        37,
        46
      ],
      [
        86,
        0,
        34,
        82,
        32,
        57,
        33,
        79,
        47,
        40,
        76,
        23,
        69,
        58
      ],
      [
        46,
        80,
        0,
        64,
        10,
        79,
        74,
        51,
        45,
        52,
        42,
        81,
        34,
        21
      ],
      [
        90,
        72,
        25,
        0,
        44,
        22,
        85,
        18,
        72,
        63,
        52,
        51,
        87,
        88
      ],
      [
        70,
        57,
        84,
        45,
        0,
        11,
        71,
        51,
        31,
        31,
        55,
        72,
        15,
        81
      ],
      [
        32,
        73,
        52,
        70,
        59,
        0,
        70,
        74,
        21,
        16,
        90,
        47,
        30,
        24
      ],
      [
        53,
        77,
        85,
        44,
        86,
        89,
        0,
        33,
        67,
        21,
        76,
        50,
        49,
        66
      ],
      [
        78,
        48,
        63,
        55,
        34,
        61,
        35,
        0,
        41,
        24,
        54,
        66,
        80,
        34
      ],
      [
        39,
        23,
        67,
        42,
        34,
        49,
        29,
        84,
        0,
        62,
        58,
        19,
        90,
        65
      ],
      [
        64,
        31,
        55,
        26,
        79,
        69,
        17,
        64,
        50,
        0,
        29,
        81,
        65,
        77
      ],
      [
        28,
        58,
        18,
        27,
        85,
        43,
        67,
        90,
        55,
        13,
        0,
        13,
        54,
        11
      ],
      [
        31,
        47,
        34,
        49,
        28,
        44,
        14,
        61,
        89,
        49,
        34,
        0,
        28,
        30
      ],
      [
        23,
        38,
        88,
        76,
        29,
        60,
        53,
        72,
        33,
        89,
        39,
        74,
        0,
        59
      ],
      [
        64,
        39,
        80,
        22,
        46,
        11,
        86,
        84,
        38,
        84,
        87,
        72,
        40,
        0
      ]
    ]
  ],
  "with_setup": true,
  "family_setup": false,
  "objective": "wT",
  "identical_mch": false
}