{
  "numJob": 5,
  "numMch": 2,
  "jobs": [
    {
      "ID": 0,
      "due": 43,
      "weight": 1,
      "family": 0,
      "complete": false,
      "start": -1,
      "end": -1,
      "assignedMch": -1,
      "priority": 0
    },
    {
      "ID": 1,
      "due": 33,
      "weight": 7,
      "family": 1,
      "complete": false,
      "start": -1,
      "end": -1,
      "assignedMch": -1,
      "priority": 0
    },
    {
      "ID": 2,
      "due": 15,
      "weight": 4,
      "family": 2,
      "complete": false,
      "start": -1,
      "end": -1,
      "assignedMch": -1,
      "priority": 0
    },
    {
      "ID": 3,
      "due": 2,
      "weight": 1,
      "family": 3,
      "complete": false,
      "start": -1,
      "end": -1,
      "assignedMch": -1,
      "priority": 0
    },
    {
      "ID": 4,
      "due": 40,
      "weight": 9,
      "family": 4,
      "complete": false,
      "start": -1,
      "end": -1,
      "assignedMch": -1,
      "priority": 0
    }
  ],
  "machines": [
    {
      "ID": 0,
      "available": 0,
      "assigned": [],
      "setup": [
        [
          0,
          42,
          80,
          82,
          62
        ],
        [
          73,
          0,
          57,
          48,
          59
        ],
        [
          56,
          44,
          0,
          83,
          32
        ],
        [
          25,
          22,
          31,
          0,
          60
        ],
        [
          44,
          16,
          55,
          26,
          0
        ]
      ],
      "ptime": [
        32,
        33,
        52,
        41,
        51
      ],
      "schedules": [],
      "priority": 0
    },
    {
      "ID": 1,
      "available": 0,
      "assigned": [],
      "setup": [
        [
          0,
          69,
          12,
          28,
          54
        ],
        [
          85,
          0,
          80,
          29,
          68
        ],
        [
          87,
          31,
          0,
          21,
          23
        ],
        [
          87,
          40,
          75,
          0,
          72
        ],
        [
          20,
          34,
          42,
          57,
          0
        ]
      ],
      "ptime": [
        57,
        51,
        55,
        42,
        58
      ],
      "schedules": [],
      "priority": 0
    }
  ],
  "ptime": [
    [
      32,
      33,
      52,
      41,
      51
    ],
    [
      57,
      51,
      55,
      42,
      58
    ]
  ],
  "setup": [
    [
      [
        0,
        42,
        80,
        82,
        62
      ],
      [
        73,
        0,
        57,
        48,
        59
      ],
      [
        56,
        44,
        0,
        83,
        32
      ],
      [
        25,
        22,
        31,
        0,
        60
      ],
      [
        44,
        16,
        55,
        26,
        0
      ]
    ],
    [
      [
        0,
        69,
        12,
        28,
        54
      ],
      [
        85,
        0,
        80,
        29,
        68
      ],
      [
        87,
        31,
        0,
        21,
        23
      ],
      [
        87,
        40,
        75,
        0,
        72
      ],
      [
        20,
        34,
        42,
        57,
        0
      ]
    ]
  ],
  "with_setup": true,
  "family_setup": false,
  "objective": "wT",
  "identical_mch": false
}