{
  "numJob": 10,
  "numMch": 4,
  "jobs": [
    {
      "ID": 0,
      "due": 33,
      "weight": 4,
      "family": 0,
      "complete": false,
      "start": -1,
      "end": -1,
      "assignedMch": -1,
      "priority": 0
    },
    {
      "ID": 1,
      "due": 13,
      "weight": 1,
      "family": 1,
      "complete": false,
      "start": -1,
      "end": -1,
      "assignedMch": -1,
      "priority": 0
    },
    {
      "ID": 2,
      "due": 25,
      "weight": 4,
      "family": 2,
      "complete": false,
      "start": -1,
      "end": -1,
      "assignedMch": -1,
      "priority": 0
    },
    {
      "ID": 3,
      "due": 20,
      "weight": 6,
      "family": 3,
      "complete": false,
      "start": -1,
      "end": -1,
      "assignedMch": -1,
      "priority": 0
    },
    {
      "ID": 4,
      "due": 9,
      "weight": 3,
      "family": 4,
      "complete": false,
      "start": -1,
      "end": -1,
      "assignedMch": -1,
      "priority": 0
    },
    {
      "ID": 5,
      "due": 31,
      "weight": 5,
      "family": 5,
      "complete": false,
      "start": -1,
      "end": -1,
      "assignedMch": -1,
      "priority": 0
    },
    {
      "ID": 6,
      "due": 12,
      "weight": 10,
      "family": 6,
      "complete": false,
      "start": -1,
      "end": -1,
      "assignedMch": -1,
      "priority": 0
    },
    {
      "ID": 7,
      "due": 36,
      "weight": 8,
      "family": 7,
      "complete": false,
      "start": -1,
      "end": -1,
      "assignedMch": -1,
      "priority": 0
    },
    {
      "ID": 8,
      "due": 3,
      "weight": 10,
      "family": 8,
      "complete": false,
      "start": -1,
      "end": -1,
      "assignedMch": -1,
      "priority": 0
    },
    {
      "ID": 9,
      "due": 7,
      "weight": 7,
      "family": 9,
      "complete": false,
      "start": -1,
      "end": -1,
      "assignedMch": -1,
      "priority": 0
    }
  ],
  "machines": [
    {
      "ID": 0,
      "available": 0,
      "assigned": [],
      "setup": [
        [
          0,
          18,
          31,
          90,
          39,
          82,
          36,
          48,
          66,
          15
        ],
        [
          33,
          0,
          31,
          65,
          26,
          59,
          16,
          59,
          35,
          84
        ],
        [
          73,
          26,
          0,
          58,
          27,
          31,
          71,
          31,
          51,
          55
        ],
        [
          11,
          80,
          65,
          0,
          57,
          34,
          29,
          35,
          22,
          12
        ],
        [
          48,
          19,
          39,
          37,
          0,
          63,
          20,
          78,
          59,
          38
        ],
        [
          24,
          58,
          84,
          28,
          40,
          0,
          57,
          61,
          29,
          35
        ],
        [
          43,
          87,
          37,
          80,
          15,
          50,
          0,
          57,
          35,
          68
        ],
        [
          64,
          33,
          68,
          31,
          73,
          22,
          28,
          0,
          40,
          47
        ],
        [
          21,
          81,
          65,
          35,
          18,
          78,
          50,
          54,
          0,
          82
        ],
        [
          14,
          28,
          14,
          72,
          83,
          54,
          12,
          44,
          77,
          0
        ]
      ],
      "ptime": [
        53,
        30,
        37,
        31,
        42,
        46,
        48,
        49,
        43,
        38
      ],
      "schedules": [],
      "priority": 0
    },
    {
      "ID": 1,
      "available": 0,
      "assigned": [],
      "setup": [
        [
          0,
          81,
          28,
          37,
          38,
          49,
          11,
          54,
          55,
          19
        ],
        [
          70,
          0,
          51,
          57,
          10,
          43,
          30,
          56,
          48,
          50
        ],
        [
          48,
          30,
          0,
          84,
          14,
          34,
          51,
          66,
          60,
          84
        ],
        [
          81,
          78,
          86,
          0,
          83,
          82,
          33,
          76,
          84,
          38
        ],
        [
          85,
          45,
          21,
          33,
          0,
          72,
          65,
          68,
          45,
          84
        ],
        [
          89,
          64,
          23,
          11,
          26,
          0,
          57,
          17,
          64,
          66
        ],
        [
          58,
          66,
          30,
          66,
          79,
          66,
          0,
          50,
          48,
          18
        ],
        [
          16,
          23,
          40,
          41,
          60,
          19,
          27,
          0,
          16,
          77
        ],
        [
          80,
          18,
          79,
          59,
          62,
          81,
          12,
          75,
          0,
          67
        ],
        [
          11,
          61,
          37,
          62,
          21,
          42,
          19,
          86,
          20,
          0
        ]
      ],
      "ptime": [
        48,
        58,
        57,
        39,
        31,
        41,
        56,
        31,
        41,
        38
      ],
      "schedules": [],
      "priority": 0
    },
    {
      "ID": 2,
      "available": 0,
      "assigned": [],
      "setup": [
        [
          0,
          83,
          71,
          41,
          46,
          62,
          38,
          73,
          41,
          54
        ],
        [
          72,
          0,
          14,
          47,
          20,
          84,
          65,
          68,
          72,
          69
        ],
        [
          64,
          10,
          0,
          49,
          15,
          38,
          70,
          76,
          31,
          87
        ],
        [
          76,
          82,
          70,
          0,
          66,
          84,
          49,
          78,
          43,
          79
        ],
        [
          61,
          82,
          61,
          14,
          0,
          69,
          16,
          50,
          76,
          79
        ],
        [
          64,
          15,
          66,
          65,
          36,
          0,
          89,
          78,
          83,
          75
        ],
        [
          77,
          11,
          82,
          67,
          63,
          62,
          0,
          35,
          28,
          78
        ],
        [
          65,
          72,
          41,
          34,
          72,
          12,
          22,
          0,
          21,
          84
        ],
        [
          73,
          44,
          35,
          68,
          14,
          12,
          64,
          68,
          0,
          77
        ],
        [
          54,
          79,
          69,
          79,
          60,
          43,
          82,
          47,
          22,
          0
        ]
      ],
      "ptime": [
        57,
        30,
        33,
        50,
        44,
        34,
        35,
        48,
        38,
        30
      ],
      "schedules": [],
      "priority": 0
    },
    {
      "ID": 3,
      "available": 0,
      "assigned": [],
      "setup": [
        [
          0,
          56,
          82,
          15,
          74,
          25,
          87,
          10,
          37,
          77
        ],
        [
          59,
          0,
          89,
          89,
          15,
          53,
          30,
          40,
          11,
          26
        ],
        [
          27,
          48,
          0,
          13,
          21,
          21,
          19,
          63,
          34,
          67
        ],
        [
          88,
          31,
          74,
          0,
          49,
          88,
          26,
          32,
          73,
          20
        ],
        [
          23,
          48,
          13,
          22,
          0,
          28,
          10,
          81,
          50,
          21
        ],
        [
          44,
          67,
          49,
          62,
          57,
          0,
          10,
          22,
          67,
          71
        ],
        [
          27,
          82,
          25,
          69,
          61,
          46,
          0,
          22,
          60,
          21
        ],
        [
          59,
          41,
          32,
          40,
          50,
          20,
          88,
          0,
          63,
          50
        ],
        [
          85,
          41,
          42,
          40,
          86,
          54,
          79,
          62,
          0,
          52
        ],
        [
          55,
          16,
          35,
          84,
          56,
          34,
          28,
          39,
          80,
          0
        ]
      ],
      "ptime": [
        36,
        46,
        49,
        31,
        32,
        46,
        46,
        51,
        32,
        44
      ],
      "schedules": [],
      "priority": 0
    }
  ],
  "ptime": [
    [
      53,
      30,
      37,
      31,
      42,
      46,
      48,
      49,
      43,
      38
    ],
    [
      48,
      58,
      57,
      39,
      31,
      41,
      56,
      31,
      41,
      38
    ],
    [
      57,
      30,
      33,
      50,
      44,
      34,
      35,
      48,
      38,
      30
    ],
    [
      36,
      46,
      49,
      31,
      32,
      46,
      46,
      51,
      32,
      44
    ]
  ],
  "setup": [
    [
      [
        0,
        18,
        31,
        90,
        39,
        82,
        36,
        48,
        66,
        15
      ],
      [
        33,
        0,
        31,
        65,
        26,
        59,
        16,
        59,
        35,
        84
      ],
      [
        73,
        26,
        0,
        58,
        27,
        31,
        71,
        31,
        51,
        55
      ],
      [
        11,
        80,
        65,
        0,
        57,
        34,
        29,
        35,
        22,
        12
      ],
      [
        48,
        19,
        39,
        37,
        0,
        63,
        20,
        78,
        59,
        38
      ],
      [
        24,
        58,
        84,
        28,
        40,
        0,
        57,
        61,
        29,
        35
      ],
      [
        43,
        87,
        37,
        80,
        15,
        50,
        0,
        57,
        35,
        68
      ],
      [
        64,
        33,
        68,
        31,
        73,
        22,
        28,
        0,
        40,
        47
      ],
      [
        21,
        81,
        65,
        35,
        18,
        78,
        50,
        54,
        0,
        82
      ],
      [
        14,
        28,
        14,
        72,
        83,
        54,
        12,
        44,
        77,
        0
      ]
    ],
    [
      [
        0,
        81,
        28,
        37,
        38,
        49,
        11,
        54,
        55,
        19
      ],
      [
        70,
        0,
        51,
        57,
        10,
        43,
        30,
        56,
        48,
        50
      ],
      [
        48,
        30,
        0,
        84,
        14,
        34,
        51,
        66,
        60,
        84
      ],
      [
        81,
        78,
        86,
        0,
        83,
        82,
        33,
        76,
        84,
        38
      ],
      [
        85,
        45,
        21,
        33,
        0,
        72,
        65,
        68,
        45,
        84
      ],
      [
        89,
        64,
        23,
        11,
        26,
        0,
        57,
        17,
        64,
        66
      ],
      [
        58,
        66,
        30,
        66,
        79,
        66,
        0,
        50,
        48,
        18
      ],
      [
        16,
        23,
        40,
        41,
        60,
        19,
        27,
        0,
        16,
        77
      ],
      [
        80,
        18,
        79,
        59,
        62,
        81,
        12,
        75,
        0,
        67
      ],
      [
        11,
        61,
        37,
        62,
        21,
        42,
        19,
        86,
        20,
        0
      ]
    ],
    [
      [
        0,
        83,
        71,
        41,
        46,
        62,
        38,
        73,
        41,
        54
      ],
      [
        72,
        0,
        14,
        47,
        20,
        84,
        65,
        68,
        72,
        69
      ],
      [
        64,
        10,
        0,
        49,
        15,
        38,
        70,
        76,
        31,
        87
      ],
      [
        76,
        82,
        70,
        0,
        66,
        84,
        49,
        78,
        43,
        79
      ],
      [
        61,
        82,
        61,
        14,
        0,
        69,
        16,
        50,
        76,
        79
      ],
      [
        64,
        15,
        66,
        65,
        36,
        0,
        89,
        78,
        83,
        75
      ],
      [
        77,
        11,
        82,
        67,
        63,
        62,
        0,
        35,
        28,
        78
      ],
      [
        65,
        72,
        41,
        34,
        72,
        12,
        22,
        0,
        21,
        84
      ],
      [
        73,
        44,
        35,
        68,
        14,
        12,
        64,
        68,
        0,
        77
      ],
      [
        54,
        79,
        69,
        79,
        60,
        43,
        82,
        47,
        22,
        0
      ]
    ],
    [
      [
        0,
        56,
        82,
        15,
        74,
        25,
        87,
        10,
        37,
        77
      ],
      [
        59,
        0,
        89,
        89,
        15,
        53,
        30,
        40,
        11,
        26
      ],
      [
        27,
        48,
        0,
        13,
        21,
        21,
        19,
        63,
        34,
        67
      ],
      [
        88,
        31,
        74,
        0,
        49,
        88,
        26,
        32,
        73,
        20
      ],
      [
        23,
        48,
        13,
        22,
        0,
        28,
        10,
        81,
        50,
        21
      ],
      [
        44,
        67,
        49,
        62,
        57,
        0,
        10,
        22,
        67,
        71
      ],
      [
        27,
        82,
        25,
        69,
        61,
        46,
        0,
        22,
        60,
        21
      ],
      [
        59,
        41,
        32,
        40,
        50,
        20,
        88,
        0,
        63,
        50
      ],
      [
        85,
        41,
        42,
        40,
        86,
        54,
        79,
        62,
        0,
        52
      ],
      [
        55,
        16,
        35,
        84,
        56,
        34,
        28,
        39,
        80,
        0
      ]
    ]
  ],
  "with_setup": true,
  "family_setup": false,
  "objective": "wT",
  "identical_mch": false
}