{
  "numJob": 7,
  "numMch": 2,
  "jobs": [
    {
      "ID": 0,
      "due": 36,
      "weight": 1,
      "family": 0,
      "complete": false,
      "start": -1,
      "end": -1,
      "assignedMch": -1,
      "priority": 0
    },
    {
      "ID": 1,
      "due": 37,
      "weight": 3,
      "family": 1,
      "complete": false,
      "start": -1,
      "end": -1,
      "assignedMch": -1,
      "priority": 0
    },
    {
      "ID": 2,
      "due": 7,
      "weight": 2,
      "family": 2,
      "complete": false,
      "start": -1,
      "end": -1,
      "assignedMch": -1,
      "priority": 0
    },
    {
      "ID": 3,
      "due": 29,
      "weight": 10,
      "family": 3,
      "complete": false,
      "start": -1,
      "end": -1,
      "assignedMch": -1,
      "priority": 0
    },
    {
      "ID": 4,
      "due": 9,
      "weight": 4,
      "family": 4,
      "complete": false,
      "start": -1,
      "end": -1,
      "assignedMch": -1,
      "priority": 0
    },
    {
      "ID": 5,
      "due": 40,
      "weight": 9,
      "family": 5,
      "complete": false,
      "start": -1,
      "end": -1,
      "assignedMch": -1,
      "priority": 0
    },
    {
      "ID": 6,
      "due": 21,
      "weight": 4,
      "family": 6,
      "complete": false,
      "start": -1,
      "end": -1,
      "assignedMch": -1,
      "priority": 0
    }
  ],
  "machines": [
    {
      "ID": 0,
      "available": 0,
      "assigned": [],
      "setup": [
        [
          0,
          62,
          52,
          63,
          77,
          79,
          88
        ],
        [
          56,
          0,
          40,
          21,
          71,
          59,
          82
        ],
        [
          86,
          51,
          0,
          25,
          46,
          86,
          54
        ],
        [
          88,
          68,
          41,
          0,
          54,
          17,
          50
        ],
        [
          39,
          54,
          76,
          58,
          0,
          18,
          31
        ],
        [
          46,
          58,
          72,
          43,
          25,
          0,
          74
        ],
        [
          52,
          14,
          46,
          65,
          21,
          85,
          0
        ]
      ],
      "ptime": [
        50,
        31,
        45,
        60,
        34,
        45,
        40
      ],
      "schedules": [],
      "priority": 0
    },
    {
      "ID": 1,
      "available": 0,
      "assigned": [],
      "setup": [
        [
          0,
          21,
          90,
          62,
          31,
          23,
          50
        ],
        [
          50,
          0,
          50,
          87,
          89,
          69,
          64
        ],
        [
          85,
          41,
          0,
          13,
          65,
          14,
          59
        ],
        [
          25,
          61,
          52,
          0,
          42,
          77,
          82
        ],
        [
          17,
          49,
          81,
          10,
          0,
          27,
          25
        ],
        [
          53,
          71,
          78,
          87,
          54,
          0,
          17
        ],
        [
          50,
          41,
          70,
          67,
          42,
          88,
          0
        ]
      ],
      "ptime": [
        60,
        51,
        59,
        55,
        42,
        32,
        45
      ],
      "schedules": [],
      "priority": 0
    }
  ],
  "ptime": [
    [
      50,
      31,
      45,
      60,
      34,
      45,
      40
    ],
    [
      60,
      51,
      59,
      55,
      42,
      32,
      45
    ]
  ],
  "setup": [
    [
      [
        0,
        62,
        52,
        63,
        77,
        79,
        88
      ],
      [
        56,
        0,
        40,
        21,
        71,
        59,
        82
      ],
      [
        86,
        51,
        0,
        25,
        46,
        86,
        54
      ],
      [
        88,
        68,
        41,
        0,
        54,
        17,
        50
      ],
      [
        39,
        54,
        76,
        58,
        0,
        18,
        31
      ],
      [
        46,
        58,
        72,
        43,
        25,
        0,
        74
      ],
      [
        52,
        14,
        46,
        65,
        21,
        85,
        0
      ]
    ],
    [
      [
        0,
        21,
        90,
        62,
        31,
        23,
        50
      ],
      [
        50,
        0,
        50,
        87,
        89,
        69,
        64
      ],
      [
        85,
        41,
        0,
        13,
        65,
        14,
        59
      ],
      [
        25,
        61,
        52,
        0,
        42,
        77,
        82
      ],
      [
        17,
        49,
        81,
        10,
        0,
        27,
        25
      ],
      [
        53,
        71,
        78,
        87,
        54,
        0,
        17
      ],
      [
        50,
        41,
        70,
        67,
        42,
        88,
        0
      ]
    ]
  ],
  "with_setup": true,
  "family_setup": false,
  "objective": "wT",
  "identical_mch": false
}